,qid,query,generation_gt,retrieval_gt
0,1oy5tc,in football whats the point of wasting the first two plays with a rush - up the middle - not regular rush plays i get those,"[""Keep the defense honest, get a feel for the pass rush, open up the passing game. An offense that's too one dimensional will fail. And those rushes up the middle can be busted wide open sometimes for big yardage.""]","[array(['5b957791-3c7b-4f29-a410-8d005a538855'], dtype=object)]"
1,2lojul,Why are different tiers (regular < mid < premium) of gas' prices almost always 10 cents different?,"['As someone who uses quality Premium, I wish this was true.']","[array(['b9ad611a-e606-4e79-885a-7f8033f42512'], dtype=object)]"
2,8v5e3s,Stars and Visibility,"[""It's a quirk of the human eye. At the center of the eye (the fovea) we mostly have colour-sensitive cone cells to see detail and colour of what we're focusing on. Around the fovea we mostly have rod cells that can't see colour but are more sensitive to variations in light intensity and movement.  \nLooking slightly to the side of the thing you're examining sends more of the light to the rod cells and lets you see things more clearly in low-light conditions where cones don't work well.""]","[array(['2ec51121-3640-43d7-85db-1259cddaa4c9'], dtype=object)]"
3,1v3wij,How do we know all the money the government is getting from bank settlements is going back to the people?,"[""I'm pretty confident most of it isn't going back to the people.  That's how politics works.""]","[array(['191c54df-703a-477d-86b6-99183f254799'], dtype=object)]"
4,2jlp6f,What are good and bad sides of manual and automatic drive gear?,"['Automatics weigh more, so that alone makes gas mileage worse.  They are also more complicated, so that means reliability is going to be lower.  It is easier to operate, which may free up your attention for focus on what is *outside* the car.\n\nSome people derive satisfaction from shifting, and flexibility in using the power curve.']","[array(['6f20af70-48b7-4171-a8d7-967ea583a595'], dtype=object)]"
5,2reick,the special and general theory of relativity,"['We know that light moves at the speed *c* (roughly 300000km/s).\n\nSo here\'s a question for you (that Einstein asked himself): what would you see if you sat on a beam of light and looked into the mirror? Would your reflection disappear? Would it be normal?\n\nHe then thought: what\'s the speed of light relative to anyway?\n\nHere\'s the thing: if I run 10m/s, and I\'m on a train going at 100m/s, then when I run along the train I\'m running 10m/s relative to the train, and 110m/s relative to the tracks. So what is the speed of light relative to?\n\nIn his earlier career he did some experiments [EDIT: He didn\'t: it was Michelson and Morley, but Einstein knew about the results, and everything. Thanks /u/AramisAthosPorthos for pointing that out.]: can you tell which way the Earth is moving by looking at light inside a sealed box? If the speed of light is measured compared to something in the universe (which they called a luminiferous aether, IIRC) then you should be able to measure it, by seeing that the light hits one side of the box earlier, because the box is moving.\n\nBut there was no change, so Einstein realised that the speed of light isn\'t relative to anything. No matter what speed you\'re going at, you must always get the same speed of light.\n\nThis led to the special theory of relativity. He basically said ""what if time is variable and the speed of light is constant?"" and did all the maths to figure out what would happen. It\'s called ""special relativity"" because it only works in a special case: there is no mass (which causes forces) in it.\n\nGeneral relativity involved a lot more complicated maths to take into account the affects of gravity, which he modelled as a warping of space-time, and took some really, really hard maths to figure out. It\'s called general relativity because it can be applied to generally any situation. (Actually, it breaks down at quantum-mechanics levels, but that\'s a different story.)\n\nI think that covers the difference and where they came from. If you want any more details on them, feel free to ask and I\'ll see what I can get for you.']","[array(['dc5dc6d5-b53f-4a08-888d-2d6e5c85cf4b'], dtype=object)]"
6,6frazv,How do muscles grow?,"['I hope this answer qualifies as technical, yet simple enough (as I very rarely post here), but the basic idea that I understand is that your muscles rip and tear on a microscopic level when you are working out, and the harder you push those muscles, the more they rip. Hence where the idea comes from that more reps and less weight equal more tone, but more weight and less reps equal more muscle growth.\n\nWhat happens is that following those tiny rips and tears, your muscle heals over itself and essentially stacks on top of itself, healing bigger and stronger than before. The more those muscles are used, kept active and challenged, the more they will continue to build and grow over time.\n\nOther factors go into the growth of muscle as well, such as your nutrition. Protein, fats, etc. also play a factor, as they cause your body to ""feed"" your body and muscles in different ways of varying effectiveness - but I think that\'s an ELI5 for another day.']","[array(['7bdb7de8-6352-43e5-a494-d23545439df0'], dtype=object)]"
7,2nud6o,What is the role of actual real-life actors in making animated characters? Like Liam Neeson playing Aslan in Narnia?,['Could you elaborate your question?\n\nThey are voice actors. They sit in a studio and record their lines. The animators then animate the characters to match the recordings.\n\nThere are some cases (for example Andy Serkis as Gollum in the Lord of the Rings film series) where the voice actors also provides the motions of the character using motion capture technology.'],"[array(['bfa4c77a-3399-4b6a-9f87-723928519798'], dtype=object)]"
8,2901pg,Why does the water from my kitchen faucet taste different than the water from my bathroom faucet? Doesn't it come from the same place?,"[""Yes, but the pipes going to one place could have a build up that's changing the taste or the composition of the pipes can be different, i.e. pvc pipes going to your kitchen, but copper pipes to your bathroom.""]","[array(['69a07e70-1767-468e-9eb1-010e8b0f61d0'], dtype=object)]"
9,35s621,Precipitation reactions,"['Why the hell would you need to learn about precipitation rxns in second grade??? I was taught that in the seventh grade IIRC... Please tell me 2nd was a typo???\n\nThe principles are pretty advanced for second graders... \n\nHave you talked about elements and compounds, solutions, solubility?\n\nYou need to be able to talk about solubility before you can actually talk about precipitation reactions, since that is the basic principle. \n\nI am not sure that is something that can be taught to 2nd graders.... \n\nI just asked my mom who teaches 7th grade science... Her students have a hard time learning this in 7th grade, she laughed when I told her about your question. Good luck']","[array(['db002019-53da-4968-a28f-10a5a7cfbf31'], dtype=object)]"
10,29dzii,"If dark colours absorb more heat, why does light skin burn easier than dark skin?","[""Two things going on here.  First, heat doesn't have anything to do with sunburn, it's all about UV rays.  Encountering more UV rays = more sunburn.\n\nHowever, dark skin absorbs more UV rays than pale skin.  And in fact that's exactly why it burns less.  The pigmented layer absorbs more UV in the upper layers of the skin, shading the cells underneath from UV and preventing burns (because it's the lower, reproducing cells that matter, the upper ones are disposable protection).  Just like sitting outside under an opaque black umbrella would shade you more than sitting outside under a translucent white one.""]","[array(['7ac32e56-b659-43f2-a18a-d138a0973e5f'], dtype=object)]"
11,3il3tz,How the fuck does Facebook know about people I know?!,"[""Your email contacts, your academic/work institutions info you've put, and the friends of your friends.""]","[array(['8b8c0159-9eff-465c-893b-29385ff483f9'], dtype=object)]"
12,5qpbf2,Why is chickenpox worse as an adult?,"['It\'s mostly due to the difference in immune system between a child and an adult. A primary varicella zoster infection (chickenpox) in adulthood is indeed associated with increased risk of complications. Most of these complications are due to the intense response by the adult immune system that comes into contact with the virus for the first time. Children have less active immune systems, but usually active enough to clear the virus - making them immune to it thereafter, and are therefore less likely to develop complications with this particular infection. The same goes to hepatitis A: adults develop jaundice, while children are asymptomatic. \n\nNote: a secondary varicella zoster infection during adulthood is called ""shingles"" and is generally less dangerous than a primary varicella during adulthood, due to the immunity that is already present at the time of the second infection.']","[array(['fbb8e444-b487-4ba7-9d0b-75b243fd666b'], dtype=object)]"
13,6rand9,How do movies not get uploaded online in HD from movie theater employees before their DVD release?,"['The theater will be fined a massive amount of money for allowing a leak, the person leaking it will be fined a massive amount of money for uploading it, and they automatically lose their job. This is a combination of copyright law violation and contracts that you sign when taking the job. So the risk are so extremely high that most will not risk it. \n\nThey also have security features such as login codes to open, proprietary file types that need special programs to play, and the rooms operating the projector system requiring special key access at times.']","[array(['2b0845e7-8216-48ba-a610-35c801fd5a58'], dtype=object)]"
14,5oqclk,Can defense attorneys 'throw' a case if they know their clients are guilty?,"['Yes, they could \'throw\' a case.\n\nHowever, that\'s a serious ethics violation which would almost certainly cause disbarment if found out, and not only that, the conviction could then be appealed based on ineffective assistance of counsel (embodied in the 6th amendment).\n\nIf it makes it easier to wrap your head around, think of defense lawyers defending the integrity of the judicial system, not just their client.  The idea being, the system must obey all of its own rules in proving that someone is guilty, or else it\'s a dishonest system and could easily ""prove"" that an innocent person is guilty next time.  Defense lawyers are there to help ensure the system stays honest.']","[array(['4a3a3d6f-3ad2-4974-90f9-b9daae742823'], dtype=object)]"
15,3q3tlo,"why, when intoxicated, does it feel like everything is spinning when you close your eyes but stops spinning when you open them?","[""the fluid in your inner ear keeps you orientated and standing upwards, although when your drunk certain functions in your brain don't work as well or as they are meant to. So if you've had a bit too much to drink, your brain might not be able to tell which way is up and which way is down if your inner ears are miscommunicating with your brain. So that's why when you close your eyes it feels like you're falling off the face of the world.""]","[array(['aba8293d-2eb9-4a35-8bda-e6c87794c28d'], dtype=object)]"
16,5z4197,"Why are some fish bones edible, and others are not?","['They are small and soft so it does not matter if you swallow them, bigger and harder bones might get stuck in your throat and couse pain']","[array(['85b7dc56-c5bc-421b-bdd6-c92f7399af71'], dtype=object)]"
17,4ykwmb,"What's the meaning of the phrase ""I've got a bone to pick with you.""","['If you have a bone to pick with someone, it means they\'ve annoyed or insulted you and you need to talk to them about it.\n\nAccording to the Oxford English Dictionary (via a thread in /r/etymology) ""a bone to pick"" originally meant something that occupies or distracts you (as a dog is occupied by picking at a bone) and somehow morphed into its modern meaning.']","[array(['3ee18764-90e2-4ed7-87e5-76e9f91764ee'], dtype=object)]"
18,2gzadi,What is different in the brain chemistry that distinguishes thinking about moving my arm and actually moving it?,['Thought and motor cortex are separate. So you can think without acting.'],"[array(['32207872-dee5-4613-887e-b74fb5c36457'], dtype=object)]"
19,6nu1zv,Why can't we just taste candy or Sweets and then spit it out to avoid its unhealthy attributes? What makes us swallow it to get satisfaction?,"['You absolutely could. \n\nBut the fact is that evolution shaped our tastes. That\'s why fatty foods and sweet foods are so appealing to out taste buds. It is our bodies way of saying ""That has lots of calories and will help us avoid starving.""\n\nThe \'satisfaction\' you feel on swallowing it is simply the body saying  ""Good job. Remember that tastes good so we will eat it again if we find it again."" Rewarding you for fueling it. \n\nYou can see why this system that evolved when we were hunter gatherers to keep us from starving and helping us learn whats best to eat leads to obesity now that we have food options everywhere anytime we want. \n\nFun fact: Most people mistake the bodies thirst craving for being hungry. More often than not if you drink a glass of water when you feel the urge to snack it will go away. Thus helping you lose weight by reducing total calorie intake.']","[array(['b1fec084-1445-4864-b649-26b4d1aa3f6e'], dtype=object)]"
20,65xeid,Why are the things that taste the best bad for us?,"[""Let's think about this from an evolutionary perspective. Way back in the day, (like way way way back) humans struggled for food just like every other animal. It was to our species evolutionary advantage to pursue food that would keep us full longer, or provide more energy than other food options. Fats, are 9 calories per gram compared to proteins and carbs that are 4 calories. Humans that preferred fats and craved them, had a higher chance of survival and passing on the fat craving trait. Fast forward to present day where food is plentiful. We are still programmed to eat high calorie foods just in case we won't find food for a week!""]","[array(['5efb3ac8-04f6-4184-94b3-61cbce080e86'], dtype=object)]"
21,47ywv8,Why do you see weird colors when you press your eyes?,"[""If I had to take a guess, no expert, just had anatomy and physiology through college, I'd imagine it'd have something to do with the rods and cones in your eyes and the optic nerve. When you push on your eyes, you probably disrupt the innervation action of the rods and cones and it's just trying to adjust back. Just my guess!""]","[array(['b328bbae-a26f-4f2c-980a-5e54f32b7575'], dtype=object)]"
22,2xk0do,"If a movie production has $5,000,000 (estimated) Budget, must some of that money go to the actors? or only movie's production quality?","['It has to include equipment, pay for employees (all cast, crew, and extras), fees, *food* on larger productions, constryucting sets, making costume,s all of the makeup artists, set design, sound guy, camera guy, lighting guy, dozens of other specific jobs, and yes, the actors.']","[array(['90dbd651-f16c-4895-8a3d-b6d7215e0ece'], dtype=object)]"
23,1pxypg,What classifies an island as an island? Aren't all continents etc essentially large islands?,"[""While not universally true (especially in the case of Europe who gets to be called its own continent for purely cultural/political reasons) A continent is considered to be the primary landmass on its tectonic plate.\n\nIf you look at a map of tectonic plates: _URL_0_\n\nYou can clearly see that with a few notable exceptions such as Europe and India. In general continents occupy their own tectonic plate. \n\nSo then if you are a landmass that is part of a continent's tectonic plate but is not connected by land to that continent, than you would be an island. Although even this is a fairly tenuous definition.""]","[array(['2d944b95-79c3-4bbb-a603-0e24a27ddda5'], dtype=object)]"
24,7bf09r,why does wikipedia ask for donations almost every month? do they really need it to not disappear?,"[""Wikipedia's biggest issue is that their amazing service requires constant overhead. So donations keep it running. Have you ever been inside a server location. That shit is cold, and cold is expensive.""]","[array(['ba7032bf-fe9e-40aa-a207-7a211d817309'], dtype=object)]"
25,5d9rv5,How does a water purifier jug work and could you put 3rd world ditch water through one and drink safely?,"[""The passive type of jug won't filter out bacteria and other things that can make you sick. There is a thing called [LifeStraw](_URL_0_) that can do this, but it forces water through a filter as you use it. Something like a reverse osmosis system can make water safe, but that also involves forcing water through a membrane. These things can't be done with just gravity.""]","[array(['503e25fe-fd09-46fe-9188-f065c406628e'], dtype=object)]"
26,nq5gj,Why people like getting drunk/sloshed/hammered/shit-faced ?,"[""Because only when you're passed out in a puddle of your own vomit can you silence the ennui and existential hum.\n\n\n    Source: I'm Irish.""]","[array(['eef9f17a-a852-4600-9ab5-4bfbca17c728'], dtype=object)]"
27,4wj33n,"What happens when a ""too-big-to-fail"" bank goes bankrupt.","['> These assets wouldn\'t simply evaporate into the air\n\nThat\'s exactly what they\'d do. That\'s what it means for a bank to fail—it means that they simply do not have the assets to cover all their liabilities. You can have a million dollars in your account according to a ledger book or a computer screen. But if the bank doesn\'t have that money, they just don\'t have that money. \n\nSay you deposit your money in Bank X. Bank X loans that money out to people who want to buy Beanie Babies. It\'s 1998, and Bank X knows that Beanie Babies are worth a lot of money. So even though they\'ve given out a lot of money, they get to take the Beanie Babies back if the people don\'t make their monthly payments. So whether it\'s cash or Beanie Babies, the bank is gonna get something that\'s worth a lot of money. \n\nBut wait. It\'s 2000 now. Nobody gives a shit about Beanie Babies anymore. Everyone wakes up and realizes they were way, way overpriced. Now they\'re worthless. And so are those loans Bank X gave out. The people who bought the Beanie Babies aren\'t going to keep paying every month for something they don\'t give a shit about. And the bank is more than welcome to take those Beanie Babies back, but what\'s that even going to get them? They\'re not worth anything. \n \nSo, now you go into Bank X to try to withdraw your money. But the problem is they already gave all that money to the people who wanted to buy Beanie Babies. They were hoping to make back that money and then some. But as we just discussed, that didn\'t happen. So now the money is just gone. Maybe the government will step in and try to save you because it was ""unfair."" But that\'s another matter. The money is just gone, and if you want it back, you\'re gonna have to get it from somewhere else.']","[array(['5686b4b7-1870-4471-b7fb-fdbf31f3af74'], dtype=object)]"
28,4ihyj9,"Why is the recent Apple vs. FBI encryption debate relevant years after the Snowden leaks (2013), passage of the PATRIOT Act (2001), and the ECHELON revelations (1988)?","['The Apple debate has nothing to do with the government\'s right to get the information. They had a warrant from a judge, who has way more certainty than probable cause to believe that the phone was used by someone who committed a crime. They also had permission from the owner of the phone (the guy\'s employer) to access it.\n\nIt\'s about as clear as it can be that the government has a right to that phone. What\'s also clear is that if Apple had a way to get into the phone, they would have to provide that to the FBI. Since Apple didn\'t have a way to get in, they didn\'t have anything to give to the FBI. They also did not want to make a tool to bypass their own security measures (reasonably in my opinion, since there\'s no way to restrict the use of that tool to law enforcement officials with a warrant). The FBI wanted to force them to make such a thing. And whether or not the FBI could force that was being debated.\n\nThe most relevant law concerning this- the Communications Assistance for Law Enforcement Act (CALEA) says that the FBI can\'t force Apple to do this. So the FBI tried to interpret a very old law, passed by the first Congress, as ""we can force anyone to do anything as long as we get a judge to sign off on it"". Apple, along with every other company in the country, was rather frightened of the idea that judges could make any one do any thing with just a signature and without a hearing. So they refused to comply.']","[array(['99f0e6df-3f03-4bdb-ba24-8f387a783c55'], dtype=object)]"
29,2knjrl,Why has the Mars Rover Opportunity's Lithium Ion Battery Lasted 11+ Years and the one in My Cell Phone/Laptop/Tablet Dies in Less Than 2?,"['NASA requirements lean toward the \'overengineered\' side (for good reason - if something goes wrong you can\'t replace it).  The battery in your phone is more from the ""make it cheaper, they can always buy another battery"" school of engineering.\n\n(Just to clarify, I am not being cynical about phone/laptop batteries. Most people - me included - would rather not pay something like 100 times as much for a battery that is able to withstand operating on Mars and lasts several times longer.)']","[array(['1950c5e6-ee53-4b0f-9b32-e01d91d6ce9c'], dtype=object)]"
30,3u0p7l,Why some bugs fly to lights.,"['Navigating at night is hard. You can\'t really see anything, especially not distant landmarks.\n\nOnce upon a time, the most reliable ""landmark"" was the moon. Sure, the moon moves in the sky throughout the night, but if you just wanted to forage by covering a large area, following the moon (without moving higher up the atmosphere) is a good rule of thumb.\n\nBut now we have artificial lights. Insects think they are the moon, and fly towards them.']","[array(['0ecb9fed-578f-407f-bbaf-3b554419200b'], dtype=object)]"
31,2jcwki,Why is sales tax in the US excluded from the list price?,"['Because every state has a different tax rate on goods, so that would make putting tax into the price a little difficult']","[array(['3d213524-224a-4346-a972-a4917e8a0436'], dtype=object)]"
32,1msr63,Why does a beer on tap almost always taste better than it does from a bottle?,"['Probably because the keg has been better handled than the cases of beer have, and because bottles are not actually the best packages for beer. Light passes through the glass and can cause skunking, and oxygen can sneak in through the plastic seal in the crown, causing staling. Kegs are generally stored cold, and of course are completely opaque and are much more resistant to oxygen ingress.']","[array(['d8492647-84fa-4ca0-bf3d-aa399c78cc44'], dtype=object)]"
33,1vktvt,What is the significance of Jamaican Bobsled team qualifies for the Olympics?,['Let me tell you about a man...a great man...a man who helped the underdogs...a man who traveled by many forms...a man who loved his nieces and nephew.  A man who left this world too early. \n\nThat mans name was John Candy.'],"[array(['9861b065-09b0-44e2-bb8e-613180dbe432'], dtype=object)]"
34,5dq0o5,Is it possible to build up an immunity to poisons both naturally occurring and man-made?,"[""Sort of. It's called [Mithridatism](_URL_0_), after a Roman-era king of Pontus (northern modern Turkey). But you can only do it with certain poisons; others just build up in your body until they kill you.""]","[array(['349d7cb7-0e6c-42e9-bda2-10145b10a7ec'], dtype=object)]"
35,26gyvz,How do devices know the amount of charge left in a battery?,"['I think the best way to explain this is through an analogy. Imagine you have two tanks of water. One has a lot of water and the other is empty. If you were to connect a pipe running from the bottom of one tank to the bottom of the other, water would flow through the pipe until both tanks have the same level of water. If you were to put a water wheel in the path of the water flowing through the pipe, you could use the flow of the water to do work.\n\nBatteries work the same way. They create a ""potential difference"" between the terminals. This is a fancy way of saying one terminal has a lot more electrons than the other, just like the tank with more water. If you were to connect the terminals with a ""pipe"" (or in this case a wire) that would allow electrons to flow to the terminal with little electrons, they would. We can also use that flow of electrons to do work for us as they go from one terminal to another, such as power a screen.\n\nWe can estimate how much energy is left in a battery the same way we can estimate how much more water is left in the full tank. As the amount of water-difference between the tanks decreases, so will the speed at which the water flows through the pipe and consequently the speed at which the water wheel spins. Similarly, as the amount of potential-difference between the terminals of a battery decreases, so does the current of electrons and consequently, the amount of work that current can do. Devices can measure that decrease in work and use that to estimate the amount of potential difference left in the battery']","[array(['800c8dc0-b860-4e21-a525-edaf6064c1fa'], dtype=object)]"
36,7v0tw9,Why are my muscles sore after jumping in cold water?,"['From what I understand, our bodies defenses against hypothermia is to shiver. This involves involuntary muscle contractions to generate heat. These muscles contractions still can cause muscle soreness just like working out.']","[array(['e5334144-6cb9-42d6-9d0c-64a504f50ff5'], dtype=object)]"
37,5f3fjp,why do we like watching the same TV show or movie over and over again?,"[""Our brains like familiar things. Something we already have seen is easier to get into than something brand new because it requires less attention and effort from our brain. It's also sometimes good watching a TV show knowing the ending (eg Black Mirror, Lost) as we can pick up on foreshadowing or minor details.""]","[array(['54737527-470f-4fb2-88a1-2a6396d8ff83'], dtype=object)]"
38,67xdw2,why do the French have an abstain vote instead of people physically restraining from voting. [Other],"['It\'s like a protest vote.  I live in Nevada where we are allowed to vote ""none of the above.""\n\nIf ""none of the above"" wins, the candidate with the most votes still wins.  It doesn\'t affect anything here.']","[array(['0227d3b4-bc7d-473f-8d54-60da7c69f42d'], dtype=object)]"
39,y0n1j,Why The Beatles broke up?,"['It wasn\'t that they were mad at each other, although if you spend enough time with someone they can start to bother you, right?  But you can still love someone who bothers you, right?  So it wasn\'t really about that at all...\n\nRemember that toy you used to have when you were three, and how you got bigger and smarter and didn\'t need it anymore, how it seems like a baby toy now, compared to the toys you have now?\n\nThat\'s what\'s called ""outgrowing.""  At some point, you get used to most of the things in life that were once fascinating to you.  But it\'s not sad when it happens, because you grew, which is good, and you always think happy thoughts about those things later on, right?  Even though you don\'t need them anymore?\n\nThe beatles were four really good musicians that really brought out the best in each other.  They all wanted to make really good music, and they realized that the best music they could possibly make was the music they made together.  But then after a while, they didn\'t need each other so much anymore.  They had all discovered new things on their own.  Just like when you discover a new toy, you don\'t always NEED the old ones anymore.  Even if you remember them as being the best toys ever, you wouldn\'t really want to play with them too much now, right?  They\'re still there, you can go back and play with them if you want to, but right now there\'s new things to learn and explore.  \n\nSo just like you and your old toys, each of the beatles discovered new things they wanted to explore.  So they all agreed to spend some time doing that, and then they discovered new things after that, and new things after that.']","[array(['c5b63d29-40c5-4432-b521-01a863b462c8'], dtype=object)]"
40,8wjm3a,- Why do phones not require cooling vents but other small appliances do?,"[""Phones lack a cooling system because there's no room for that. It takes up way too much space for a pocket-size device. If that wasn't an issue, phones would've had vents.\n\nBesides, phones don't work as hard as other computers do. They are weaker, so they produce less heat. Still, they can get hot sometimes, especially during charging, and there is nothing we can do about it.\n\nPhones cool by radiating heat away and through conduction - passing heat into the surrounding air/skin.""]","[array(['ad6f3f6f-a168-41d4-a9e1-d131591e551a'], dtype=object)]"
41,41dzv8,Why are oil prices so shockingly low?,"[""Someone feel free to correct me if I'm wrong, but my understanding is the Middle East put out so much supply to try and put US companies out of business which if successful they would then jack prices up and get money to themselves.""]","[array(['687863d0-6feb-4c4b-9ed1-1c7346a73d3c'], dtype=object)]"
42,47j3rg,"If the inside of my microwave is made of metal, why is it bad to put metallic objects in it?","['The metal interior of the oven is grounded. It does pick up a charge from the microwaves, but the charge is dissipated to ground, and so does not arc. Your fork, or the foil on your plate, are not grounded, and thus the charge can build up until it is strong enough to arc to a grounded panel.']","[array(['4d23ac37-310e-4e5f-8ef6-cbd23698ee43'], dtype=object)]"
43,4wrd7t,"Why do we lack the instincts our ancestors had, e.g. telling you which foods are poisonous","['We still have them. Ever gone ""EW"" from spoiled food and decided not to eat it? Ever smelled something horrible and realized that it wasn\'t edible? \n\nThe issue is that we\'ve realized that there\'s a lot more items out there can that kill us, and notice it. Our ancestors would have just died from eating it, and then warned the surviving descendants to stay away from it.']","[array(['fbafbfc7-7078-48b6-8b94-589b869eafbd'], dtype=object)]"
44,5nrxy3,Why do we wake up early when we don't have to but tend to wake up late when we need to be up?,"[""The simple answer is stress causes this.\n\nBy setting a schedule your body will fall into a rhythm. After a while you don't really need the alarm at all. However as we know our natural rythems get disturbed occasionally. When we must get up we are creating stress that is easiest to avoid by doing nothing and that is what we want to do (avoid stress). On the weekend you don't have stress to avoid and your body is doing its thing.\n\nA sign of depression (just one of the signs) is oversleeping. Your mind allowing your body to avoid the stress of life every chance you get. Feel good that you feel awake when you don't have to. Your life is manageable to you.""]","[array(['a2b7d204-e3d3-419a-9bed-bc8e689a823e'], dtype=object)]"
45,4ax430,"Why do tech/software companies stay in the US when they are demanded to include backdoors by the US government? Can't tech companies just develop and release their products overseas, out of reach of the US government's influence?","['The short answer is that it\'s not just the US government pushing to include ""backdoors."" Tech companies could move to a country without these laws, but places like the US could restrict or prohibit them from selling their products in the US.\n\nThe better option is to follow Apple\'s example and refuse to build the backdoors.']","[array(['400ec56d-903f-4f4f-be3e-93d25c05dd91'], dtype=object)]"
46,63tjg1,"with such an important vote like appointing a supreme court nomine, why is the senate floor so empty?","[""Well, actually, that's not their one job. They also have to meet with people, work on legislation, and so on.\n\nMany of the Senators may be in their offices. When an important vote is called, they will come to the floor to vote. They can get from their offices to the floor in just a few minutes.""]","[array(['11dd7138-6521-4481-90c5-708fab35ec53'], dtype=object)]"
47,7c86w2,"If you put tires on your car that are larger than the ones from the factory, would you actually be going slower than the reading on your speedometer?","[""No, you'll actually be going faster. The speed is calculated based on the OEM tire size, whereas if you put a larger tire on, there is more circumference so the hub will spin slower, yet will be traveling the same speed.\n\nYou can have it recalibrated fairly cheaply.""]","[array(['1adca734-c967-4015-8839-521f40035b3b'], dtype=object)]"
48,v2y3v,How does bugspray kills bugs?,"['Bugspray is actually a chemical weapon.  As in it shuts down biological functions bugs need to stay alive, like forgetting how to breathe for example.  It can also cause military chemical weapons detection gear to register false positives.']","[array(['827df3ee-c5f3-4201-9aeb-23da048d8fe3'], dtype=object)]"
49,y8enz,The FairTax plan,"[""The fair tax is regressive but it offers up citizens a prebate to offset their costs. \n\nBenefits \n\n* You are taxing consumption instead of production so it's seen as a more just system. \n* The stress on working household would be lessened since exemptions can be made for food or necessities. \n\nDisadvantages \n\n* This tax would stack with other state taxes so in Washington state for example a 35 percent tax would be affixed to most goods. \n* The majority of our economy's activity is consumption so it would quickly stifle growth by discouraging consumption, especially on big ticket items like auto and home purchases. \n* Once the funds accorded to you are spend you are left in the uncomfortable position of having to pay a tax of between 1/4 and 1/3 of the purchase price. \n\n[Summary of the Idea](_URL_0_)""]","[array(['abd5394f-dd26-4651-bf74-5f33f88136d4'], dtype=object)]"
50,1ysrvv,What is slowing down our internet speeds?,"['ISP backbones tend to oversell their bandwidth, because not everyone is using their maximum allocation all the time, so there would be unused potential that isn\'t generating profits. This is how your neighbors can slow you down. Much of your connection is just you and your wire until you get to some shared trunk.\n\nSecond, cheap home equipment can be a significant slowdown; I\'d say even the equipment you\'re renting from your ISP can be crap that can\'t deliver. Buying something good will require research beyond the scope of this post.\n\nThird, there are slow downs caused by the routing protocols as well as a fundamental design flaw in our network infrastructure. I mean, it takes time to process a packet at each hop, but this shouldn\'t be terribly significant. But the fundamental flaw is buffer bloat. Look it up, it was identified just a couple years ago. Basically, our routing protocols control data rates and latency by responding to dropped packets; if you\'re sending more than the receiving end can handle, you slow down. Well, routing equipment these days have a lot of ram, so if they can\'t send as fast as they\'re receiving your data, they\'re just going to buffer your data packets at full speed until the buffer maxes out, then they drop packets. You respond by slowing down, the buffer clears out just a bit, and you start sending at full speed again, until the buffer maxes out. It\'s dip, after dip, after dip, after dip... And this KILLS performance. The current best way to fix it is to reduce the RAM in the equipment, but no manufacturer is going to sell their newest HyperFast Router, ""Now with LESS RAM!!!""\n\nOur routing protocols were designed this way because the early internet didn\'t have massive buffers, hardware was expensive and so it was out of necessity. We now need new protocols that can take this buffering into account, and they\'re working on it.']","[array(['22d44fcd-bf69-4b27-9d13-a31542dabad9'], dtype=object)]"
51,24rxv7,"If a computer has a GPU, why would reducing GUI effects impact performance?","['The program has to be written to take advantage of that hardware. The Windows GUI, for example, being your desktop - that rendering code was written before hardware acceleration was ubiquitous. All of your windows, button, and icons are all rendered ""in software"", aka on your CPU. And your CPU isn\'t designed specifically for rendering, so reducing effects improves performance.\n\nAnd some of the big costs in rendering has to do with blending. Transparency is expensive, as can be anti-aliasing. And Windows desktop rendering is done on a single thread, so no matter how many CPUs or cores you have, it won\'t have much of an impact. Further, rendering happens on the ""main thread"", which, I believe, is also responsible for IO if memory serves me... When you\'re busy rendering, there\'s an event queue of everything you\'ve clicked or typed that\'s waiting to be processed; not until the screen is refreshed. Many desktop apps are written to be single threaded, so they only execute on one core, so everything the program does happens in sequence. If rendering the window is going to take a long time, everything else in the queue is waiting to get processed. A programmer using C or C++ as their programming language has to write multi threading code themselves to take advantage of it.\n\nMicrosoft would have to rewrite that whole software layer to take advantage of a GPU, and they\'re not going to do that, because they\'re insane about backwards compatibility. Instead, they wrote a new GUI layer that developers can use going forward. Migration is always slow. Microsoft will probably keep support for their software rendered GUI for decades before they even mark it as deprecated, and then decades more before they remove its availability.']","[array(['769caab9-9371-4cdb-8727-88ad7f671ff0'], dtype=object)]"
52,p3b4k,What happens if you don't pay your US Federal income tax?,"[""I'm no expert on Constitutional Law, but where did you hear that the US income tax has no basis in law and is unconstitutional? The entire purpose of the [16th amendment](_URL_0_) was to make the income tax permanent. It was ratified almost a century ago.\n\nPeople aren't tricked into paying it for no reason, you can go to jail for tax evasion.\n\nYour income tax is not necessarily deducted from your paycheck, it depends on your withholding allowance.""]","[array(['1d1788cf-ee0e-4029-81f8-5b9914a05643'], dtype=object)]"
53,36zodt,Why does my employer require a voided personal check in order to setup direct deposit?,['Your banks routing number and your account number as well as your name exactly as it is written on your account are all printed on the check. That is the information they need to set up direct deposit. With the check they can be sure there are no mistakes.'],"[array(['17f17498-7725-432c-b0d2-364fd4c07c0f'], dtype=object)]"
54,4wm2j9,Why are the insides of Ovens Dark and Not Metallic or Mirror Like?,['How often do you polish the inside of your oven? I suspect a big reason would be just to keep the interior from quickly looking horrible.'],"[array(['f1288c5b-b5a4-4b08-bc6e-fbde8dfc00e2'], dtype=object)]"
55,69fnnb,Why does metal react so violently when microwaved?,"[""The way microwaves work is through jiggling charged/polar particles in your food (the water primarily). This jiggling increases their temperature and that heats up the rest of your food. That's why you can't heat oil as easily as you can water.\n\nHowever, metals like iron are *great* conductors of electrons. What makes them good conductors is a little complicated but basically, the reason is that they have a soup of electrons moving from atom to atom with almost 0 energy needed to move an electron from one atom to another. \n\nThus when the microwave jiggles these electrons, rather than giving energy to the atom, it gives it to the electron which zips around in the soup. The amount of energy given to the soup can get high enough to bypass the natural insulation of the air and cause electrons to jump from the metal and rip through the air. This is called a spark and is basically what happens during a lightning strike.""]","[array(['b92b574b-6b75-40cc-b61d-8fd7108952fd'], dtype=object)]"
56,2p86oi,Derivatives (in financial markets) and how people make money off of them,"[""Derivatives are kind of what they sound like, products derived from the value of other things.\n\nA very common type of Derivative is the Future.\n\nA Wheat Farmer is growing 50 tons of wheat, but it won't be harvested until 3 months from now, but he wants to lock in the price he's going to get for it now. \nSo he'll use a Future to agree to Sell 50 tons of wheat at $10,000 a ton in 3 months. \nA Speculator may take the other end of that agreement. Sally to Speculator will agree to buy that Wheat at $10k/ton in 3 months. Sally is predicting that Wheat prices will rise in the mean time, and that she'll be able to sell her end of that contract for more money before those 3 months are up.\n\nIf the going rate of Wheat in 3 months is actually $12,000/ton, then Sally finds another person, either another speculator, or a person who actually needs wheat for something, and Sally transfers her contract to them. \n\nA person would be willing to pay almost $2,000 to get Sally's ability to pay $10,000 instead of $12,000. \n\nSo Sally ends up making $2,000 per ton on that price increase.\n\nThe part that makes Derivatives so good to potentially make money from, is the amount you have to put up as security is very small compared to hold much of the product you have control over. \n\nA contract on something like Crude Oil is usually 1,000 barrels of Oil, you might only have to put up about $3,000 to enter an Oil contract, controlling almost $70,000 worth of oil.\n\nIn some more extreme cases, like currencies or T-bills, you can put up about $400 to control over $1 million worth of T-bills, or $1,000 to control $1 million of USD Currency.\n\nThe most common place way to think of derivatives is like having a coupon. If you're at the store and have a $1 off coupon on Cereal, but you don't want cereal, and someone else does want Cereal, but doesn't have that coupon... that person should be willing to pay you almost $1 to use your coupon.\n\nDerivatives can be a very fast way to both gain and lose money, but they can also be used by businesses and people to hedge their bets and reduce risk on the prices of products they produce or consume. \n\nEDIT: I should say the actual transfer of money of a futures market is more complicated than I represented above, money is actually transferred daily, not a lump sum when someone 'buys' or 'sells' the contract, its just a little easier to think of that way than worry about daily mark-to-market.""]","[array(['84944e63-87d1-43df-9689-d6cff27634e8'], dtype=object)]"
57,1jynkj,How did the American accent come about?,"[""It's not so much that Americans developed a distinct accent, but rather that speech on both sides of the Atlantic changed significantly, with both sides diverging quite a bit from what they had sounded like earlier on.  This process is still happening, with accents on the Canadian and US sides of the great lakes undergoing vowel shifts at this very moment, and in opposite directions; Canadian and US accents are actually becoming less similar, even among people in the niagara region who live a few km apart.\n\nWhy?  We don't really understand this process at all well.  The key thing relevant to your question though is that accents change a lot, that distance and separation make this process easier and more likely, and that neither English nor an American speakers sound much like their 16th century forebears.""]","[array(['85cc4ac4-b0cc-40d4-ab66-81ab2e671b72'], dtype=object)]"
58,2tq3in,"Why do The Miranda Rights state that anything you say can ""and will"" be used against you. If something's not incriminating why would it be used against you? Why would cops be forced to admit this up front?","['Its just to put emphasis on the fact that *they will* use any and all evidence against you that they can, including anything you say or do.']","[array(['4dadc1fc-9b5b-4228-8a10-d69d9f89f41e'], dtype=object)]"
59,92q1xy,Why is it when you rewind VHS tapes they lose their quality over time?,"['Since rewinding needs to be done for each playback, what makes you think it is the rewinding which causes quality loss? Tapes lose quality over time whether you play them or not due to breakdown of the binder and dry lubricant. Rewinding is no more damaging than playback if the VCR is functioning correctly. \n\nThere is a phenomenon called [print-through](_URL_0_) which transfers signal from one layer to the next. Professional audio engineers often store reel to reel tapes ""tails out"". That means without rewinding. It doesn\'t stop print-through, but it does make it happen later rather than earlier, so on playback it will be heard after a track rather than before.\n\nSource: 40 years experience in broadcast VTR/VCR maintenance.']","[array(['ecb82430-462a-4b7e-9020-eebf0a45465b'], dtype=object)]"
60,1wenr0,"When a new library is built, where do they get their books? I understand many can be bought brand new from publishers. But, what about the old books, or the vast volumes of dated encyclopedias, dated periodicals, etc...","['Librarian here.\n\nA lot of that stuff comes from stores and reserves from other libraries in the system.  My library authority has been around since 1890 and has accumulated decades of stuff that due to archiving policies /librarian OCD hoarding we never throw out,  For example we have 23 libraries in our group with over 750,000 items. Around a 1/6 of that stock is reserves and then rotated to other libraries so it appears new to the customers of that branch.\n\nEncyclopaedias are really common actually, especially older ones we have around 10 full sets of the most common things like Britannica and Oxford.  Any book dealer will most likely have a few sets kicking around if you are short.\n\nIn the UK the British Library has virtually every book and periodical ever published, I assume the Library of Congress is the same in US and we can get copies of stuff from them. \n\nTL:DR a combination of stuff hidden in basements and storage supplemented by specialist periodical providers']","[array(['6b0430b9-da1a-4036-b231-7b8e150884b0'], dtype=object)]"
61,3y16x0,What was the Beat Generation about? Were Beatniks a stereotype or a factual reflection of this philosophy?,"['Basically, in the 1950s things were very ... basic. Conservative values reigned, the biggest fashion was ""normal"". Some today still think of this as our golden age (unless you\'re a minority or a woman), but everything was very inside-the-box type thinking. Buy a house with a white picket fence, get a job at the local company, have 2.5 kids, etc.\n\nAt the same time, the US was introduced to Eastern Philosophy and psychedelic drugs. These had existed before, but for various reasons they became more widely available. Beat Generation authors learned about and experienced these things and decided to reject the ""normal"" values. Specifically, they wrote books/poetry about explicitly sexual things, about raw human emotions, about abnormal things like homosexuality, drugs, leaving materialism in favor of a spiritual quest, etc. \n\nThis obviously was not met with praise from the ""normal"" folk, though it was hugely popular with the youth. Eventually a clash happened in the form of a trial over whether Allen Ginsberg\'s famous poem Howl could be censored/banned because it was obscene. The beat poet won, and really liberalism won, as it was declared that the poem had redeeming social value (which is a pretty interesting thing, that the courts basically gave a stamp of legitimacy to a cultural trend). \n\nAs far as stereotypes vs. real, it is hard to say. It was a huge struggle breaking out of the ""normal"", but it quickly gave way to the hippies and counterculture in the 60s and 70s. People who followed the Beat ideas were mostly authentic, but it would be hard to tease out a ""philosophy"" other than ""we should rebel and form a new philosophy"". Still, as far as being interesting, it definitely is. Ginsberg (Howl) and Jack Kerouac (On the Road) are definitely the two main authors to check out, and both works are relatively short. Also Naked Lunch is fairly famous, and similarly, themed. \n\nOne thing to keep in mind, though, is that along with everything else these guys were purposely rejecting normal narrative style and story structure. So, if you try to read them like a ""normal"" story, you will think it is not good. But if you appreciate what they\'re trying to do, trying to have an authentic mental/spiritual experience in a very conservative and boring society, it is pretty interesting.']","[array(['430d5cb0-7fdf-4271-87a8-bb4ecd5df0cd'], dtype=object)]"
62,1x06l7,"If the ozone layer is made up of O3, why are we not producing some of it ourselves and pumping more of them into the atmosphere to fix the problem faster?","['> Ozone is a powerful oxidizing agent, far stronger than O2. It is also **unstable at high concentrations**, decaying to ordinary diatomic oxygen. [...] In a sealed chamber, with fan moving the gas, ozone has a **half-life of approximately a day at room temperature**.\n\n_URL_0_\n\nTL;DR: It is very unstable. It will decay fairly quickly; half of the ozone you make today will be gone tomorrow, turned into regular oxygen gas.']","[array(['d97e2345-3511-4a4c-a7ba-20577ddd23d8'], dtype=object)]"
63,3rbw8n,What is Gene therapy?,"['Say you have a recipe for a chocolate cake. Except instead of saying 1 cup of sugar, the recipe says 1 cup of salt. Every time someone makes a cake using that recipe, it\'s going to taste like crap.\n\nModern medicine is like trying to fix the cake once it\'s already made. You can add sugar to the top of the cake after the fact, or try to cut out the saltiest parts of the cake. Sometimes, you can try to tell each baker not to add the salt individually. But the best way to fix the problem is the correct the recipe. That\'s what gene therapy tries to do.\n\nGenes are like recipes for your body. DNA is like the letters in the sentences. Proteins are like the cake. Gene therapy is about cutting out letters and adding new ones so that you get the proper proteins at the end of it.\n\nThe possibilities are endless. There are a ton of diseases that are caused by genetic problems. Some like cystic fibrosis and sickle cell anemia are directly caused by genetic problems. Others like cancer, heart disease, diabetes, etc. are hugely influenced by genes. If you can rewrite disease causing genes, you can eliminate these illnesses at the source.\n\nThe therapy doesn\'t exist yet. There are lots of experiments, but no one has quite figured it out yet. Once they do, they\'ll almost certainly cure some major diseases, and win some Nobel Prizes. The most promising idea is to use a virus to help us. Viruses already rewrite genes. Usually when they do, it hurts us. But if you can get a virus to ""join our side"" they can be used to rewrite genes in ways that help people. \n\nGene therapy has a potential downside though. If you can rewrite genes to make people not get disease, what\'s to stop people from rewriting genes so their kids are 7-foot tall, blonde hair, blue eyed genius supermodels? What happens to people who can\'t afford the therapy? Genetics does everything possible to create diversity in a society, but gene therapy reduces it. If everyone decides they want to have blonde haired children, what happens when a disease comes along that only kills blonde haired people? There might not be enough non-blonde kids left to continue the human race.\n\nOverall, gene therapy is a remarkable idea that can help billions of people. It has ethical risks, but the benefits would likely far exceed the potential for harm.']","[array(['baf7d921-06fd-4e17-b283-fdf619824d5a'], dtype=object)]"
64,1awvkx,Is it possible to be a 'man without a country'?,"[""It is entirely possible to be such a person, it's called statelessness.\n\nAt one point, Einstein was stateless. However, renouncing your citizenship means you have no protection by any state. This is very bad, as we are as a species very largely reliant on our respective corporate states of the world.\n\nI personally identify as a citizen of no country, if you wish to go stateless, I suggest you study the subject further and figure out how to survive without a state.""]","[array(['6b545e65-ae9a-4fe9-b0f0-c51a1c408015'], dtype=object)]"
65,5hysh7,How do the grooves on a record/LP actually recreate the sound of a full orchestra?,"['Think of every single instrument making their vibrations - some loud, some soft, some brash, some smooth, some at one pitch, others at another.\n\nEvery one of those vibrations add up together and bounce against your eardrum in beautiful chaos.  The specific way your eardrum vibrates as a result of all that is what your brain is able to process as all those sounds at once!\n\nNow, if you were able to draw the way your eardrum vibrates back and forth like a earthquake seismograph, now you have a line that makes the shape of the whole orchestra!  Now just make a groove in that same exact shape, hook it up to a microphone, and now you have those sounds again, just like the instruments were there.']","[array(['8627480b-1f1b-4286-a350-d40350d2f69e'], dtype=object)]"
66,8h79u2,"In the English language, how are contractions prioritized when a word can belong to two different contractions?","['It\'s a matter of emphasis. ""We aren\'t going"" could be simply spoken, or the ""we"" could be emphasized (an emphasis that is lost in simple text). Similarly ""We\'re not going"" could be used to emphasize the ""not"" part. Beyond that it\'s preference. The stylistic choices of language are everywhere, and it\'s one of the main reasons that most sentences of reasonable length have never been written before.']","[array(['a0c35224-b815-4f0a-8bd7-53e4eccd1e92'], dtype=object)]"
67,qf3oi,Eating things from other planets or moons.,"[""There is a big piece to this question which is not intuitive: chirality. Basically, the food we eat is useful to our bodies because the molecules can be used to build or repair our cells or can be turned into energy. Either way, our cells make use of chemicals called enzymes that are basically molecule sized tools. Enzymes literally fit around the molecules they are designed to attach to, so the shape is very important.\n\nOk, you go to Europa (not proven to have life yet, btw), and find a fish that looks particularly tasty. On inspection, it seems like it is made of similar stuff to life on earth: carbon, hydrogen, oxygen, etc. You eat the fish for a while... And starve to death. Turns out that because the fish evolved on a different planet, it's molecules, while similar to ours, are like mirror images of ours. They don't fit into our enzymes, and so our bodies can't digest them.\n\nChirality appears on earth, too. The chemical that makes spearmint taste minty is a mirror image of the flavor of caraway seeds (found in rye bread and sausages). Interestingly, all life (I think) on earth shares the same chirality, evidence of a common tree of life.""]","[array(['f2fd387c-c27f-4b5a-a975-c6f76e6fde0a'], dtype=object)]"
68,3meq7k,"The Cuban Missle Crisis and Americas enormous beef with Cuba, what happened there?","[""The beef wasn't with Cuba, the beef was with the USSR.  The Soviets were trying to use their communist ally in The West as a beachhead for terror.  (Not the modern definition of terror, the old-fashioned one).  By placing ICBMs in Cuba (aimed at the United States) they wanted to cast a cloak of fear over the U.S.  Cold War tactics at its finest.""]","[array(['96927b89-2a98-4de2-8491-0a5790095585'], dtype=object)]"
69,1ujf85,How do you build a Nanorobot..?,"['Weeeeellllllllllll... the title \'nanorobot\' is a bit misleading in this case, they actually genetically engineered some salmonella bacteria (non harmful versions of it at least) to seek out cancer cells. They also filled the bacteria with cancer killing drugs and programmed it to explode on contact with a cancerous cell, providing targeted medication which means they can use more powerful drugs without causing the collateral damage normally associated with eg. chemotherapy (hair loss, nausea etc).\n\nWhile this is very cool and definitely the way forward for medicine, it falls more under the category of Genetic Modification than Nanorobotics. These do have a lot of overlap as a lot of nanorobot production is done using genetically modified cells because.. cells are good at that kind of thing, however there are a load of stigma and negative connotations attached to GM stuff, so most medical development uses Nanorobotics as a descriptor because it makes it more likely to receive positive press coverage and funding. \n\nAnd use, patient confidence is important, which sounds better ""we would like to fill you full of genetically engineered super-bacteria-suicide-bombers blow up your cancer"" or ""we would like to introduce an army of nanorobots to annihilate the cancerous cells"". Actually on second thought those both sound pretty cool to me.']","[array(['033e53c3-2e4d-4efb-8021-9ab622d9c700'], dtype=object)]"
70,101kpd,Why doesn't it rain salt water?,"['When water evaporates, it gets heated to an extent that the water particles move faster and spread apart, which causes them to become ""lighter"" than the air around them, turning into water vapor, a gas. Due to this, they rise up into the atmosphere. Then, they start to cool down, and become liquid again. When they become cool enough that they\'re heavier than the air, it rains back down.\n\nThis is the basic water cycle.\n\nThe salt which makes it salt water requires a much higher temperature to turn into gas, one which doesn\'t normally happen during this cycle. Because of this, it does not follow the water, and thus, it doesn\'t rain salt water.']","[array(['6ac7ca85-c186-4fe7-ba27-2b80d6f53e7a'], dtype=object)]"
71,u1sgi,Why can't we use a centrifuge to de-salinate ocean water?,"['A centrifuge is typically  used to separate a heterogeneous mixture of solid and liquid by spinning it. Salt water is a solution, so if it is even possible, I am sure the energy, time and expense are enormous.']","[array(['1f31bd92-918b-42a2-89ee-f4e319d51995'], dtype=object)]"
72,3b63ds,Why do most viral videos now have licensing info in the description box?,"[""I'm not sure whether you mean licensing info for the video itself or for 3rd part content in the video, but if it's the former then people angling to create viral videos will want to exert their creative rights over it in case it really does take off, because viral things like Grumpy Cat and Nyan Cat can end up being worth a lot of money. And if it's licensing info for 3rd party content, some content is free to use so long as you attribute it under certain conditions, and one of those conditions is often linking to the license.""]","[array(['abb053d3-62e9-4004-bc85-7051b1521ddc'], dtype=object)]"
73,2o4lc4,What is a MAC Address?,"[""It's a unique device address given to each piece of network connected hardware. It's different from an IP address because it's permanent: every device has one and only one MAC address, but it is given a new IP address every time it connects. \n\nEdit: You can think of the MAC address as a device's permanent name, and the IP address as an instruction for other devices to find it. Your device *is* MAC number X, and it *can be found at* IP address Y.""]","[array(['73809489-de18-4593-b36b-c2f79afdcdbb'], dtype=object)]"
74,73upll,How are adept music players able to just start playing along to anything that someone else plays and have it sound good?,"['i’m a drummer so i’m not speaking for guitarists/bassists here.\n\nin drums there’s basically three things to improvisation - the time signature, the tempo and confidence (in my experience). \n\nthe time signature is pretty easy to find out - you only need to listen to one bar to figure it out really. \ntime signature is stuff like 4/4, which means there’s 4 quarter notes in a bar basically. kind of easy if you know how to count time signatures.\n\ntempo could be more difficult depending on how much rhythm you have. tempo is literally just how fast or slow you go, at it’s simplest. i’m quite good at keeping time and getting tempo right so i don’t really worry about that but some are worse. if you’re an experienced drummer, you’ll most likely be good at this. \n\nconfidence is key when playing as a whole. only a drummer can tell when a drummer goes wrong usually, you just gotta have the confidence to carry on and ignore your mishap. often it doesn’t matter what drum you hit, just how you hit it and what time you hit it (although obviously some combinations sound better than others!)\n\nanother factor would be experience and knowledge of different beats. if you only know one simple rock rhythm then you’re probably not gonna be very good at improvisation cause you’ll be doing the same thing every time. \n\ni’ve only been drumming for a year in november and i can improvise very well along with guitar/piano so it’s not as difficult as it seems as long as you put practice into learning the instrument and also practice improvising. you’re never gonna be good the first time but you get better.']","[array(['54a6bfe4-298b-4a80-81e2-0311b752d6f9'], dtype=object)]"
75,6drqpb,Why drill instructor in the army never stop screaming at recruit in the army?,"["">  What's the point of screaming at people like that?\n\nIt is intended to rattle the recruits mentally, making them feel like they are incapable and useless. The idea is to break their self-esteem and then the group will be given tasks where the support of the entire unit is necessary to succeed. To drive the point home they will often employ collective punishment so every recruit has an interest in making sure their peers succeed.\n\nAll this has the goal of making the resulting soldiers psychologically dependent upon the military and their comrades. By creating this bond through surviving abuse it puts the soldiers in a better position to be confident in the support of their peers during combat, and for those peers to run into danger in the support of their comrades.\n\nSuch a technique makes great soldiers. It also arguably seriously messes people up when they get out of the military because in essence they have been psychologically abused to foster a bond with the military culture. Ex-military basically have a version of battered woman syndrome and need to relearn individuality and self-confidence outside of the military.""]","[array(['ee9c0312-e2b2-4601-8d4c-667b91b5353c'], dtype=object)]"
76,1pvbc2,"if i ground up a piece of pure iron and ate it, would my body abosorb it the same way as iron from food? if not, how do they make iron supplements absorb-able?","['You eat shaved iron every time you have breakfast cereal. If you take total cereal, crush it up, add a little milk to make a broth consistancy, and stir it with a strong magnet, you will see actual iron shavings sticking to your magnet.\n\n_URL_0_']","[array(['a811703f-7f2e-4a3f-8bcc-b6a81772a50b'], dtype=object)]"
77,2z0cjz,Whats is the actual cause of the common itch. and why is scratching it the cure?,"[""1: dead skin\n\n2: your body's reaction to get rid of it.\n\nBonus: a lot of dust in your house is said dead skin.""]","[array(['93aef3b2-96e0-4492-af83-7b24dd9da3eb'], dtype=object)]"
78,1qxkbl,"When popcorn is popping, what is actually happening to the kernel inside?","[""As the kernel is heated, the moisture and oils are being heated inside. Since the outer shell of popping corn is strong and mostly impenetrable, there is no place for the heat and pressure to go and the insides are superheated. The starches inside, which are normally hard, begin to soften in a process called gelatinization. Interior pressure continues to rise until the kernel's shell ruptures. Steam rapidly expands causing the innards to expand in a foamy substance, which afterwards quickly cools into a crispy puff.""]","[array(['464fcd20-a5f9-4804-adf3-c2407f5f2f2d'], dtype=object)]"
79,6ttn1g,What happens to your brain when you space out?,"[""There are two kinds of spacing out. There is background processing - thinking about stuff that isn't apparent to you consciously, and basically resting your mind. \n\nFor most of evolutionary history, energy was the limiting factor for most species. Sleeping is not only helpful for repairing your body, but also for reducing your calorie burden. Spacing out is a kind of low energy state that is more alert than sleeping but less energy consuming than active thinking.""]","[array(['cca58538-33b8-455e-9984-4b8f838f2585'], dtype=object)]"
80,54bt16,What is the point of a Kroger's Shopper card?,"[""The general idea is that by offering a discount card, you will shop more frequently at that specific chain than others (although in reality, this isn't often the case).  They may also collect your email to send you regular marketing ads, in hopes of bringing you in.\n\nIf the extra profit generated from you buying items at that store vs another store exceeds the discounts given on that trip, then the store benefits.""]","[array(['9d344bf9-7d41-4867-ba1f-4d12792df08c'], dtype=object)]"
81,7rx576,What is a floating neutral and why is it damaging to appliances?,"[""Coming into your house you have two phases which are both 120VAC *relative to neutral* but are of inverse phase so they're 240VAC relative to each other.\n\nA floating neutral is when your neutral connection opens for some reason, a wire might break.  When this happens, it means that the electricity can't flow in its normal path.\n\nIf an outlet was powered by a straight pull from the breaker box and has hot come from the breaker, go to the outlet, then neutral runs straight back, then losing neutral means that power stops flowing and nothing exciting happens\n\nIf your outlet is wired so the top and bottom plugs are different circuits then one is going to be Phase A and the other Phase B.  This means that when the shared neutral breaks, any devices plugged in will go from seeing 120VAC to seeing 240VAC which will destroy many devices quickly.""]","[array(['082177e7-f947-4620-95c3-81a5de5ca43f'], dtype=object)]"
82,8wz828,Why haven't our bodies changed to make childbirth less painful?,"['So the only way that the process of childbirth would change is through evolution of some kind. The only way evolution happens is if the genetically superior reproduce and those who aren’t die. Theoretically if there was a woman who could go through childbirth totally painlessly and she passed that trait on to her child, the child could pass the trait on and on until it made up the mass populous. This would take millions of years and to guarantee that all women experienced it, all who felt pain during childbirth would have to not reproduce. \n\n\nThink about it like this. Apples were high on the tree. All the long necked giraffes reached the apples, lived and eventually reproduced. All the shortnecked giraffes died and that’s why we only today see long necked giraffes.']","[array(['8a56b24b-6d84-479a-9dc9-6394e6c066ce'], dtype=object)]"
83,2uawn1,American TV shows compared to The rest of the world.,['The amount of American hate / bashing on Reddit is amazing.'],"[array(['bc1bdfdf-d3c1-4585-ba69-f9f73b5f60b1'], dtype=object)]"
84,1sv4gb,How do people add colour so accurately to black and white photos?,"[""It's basically painting a transparent picture on top of the black-and-white, and the B/W image provides much of the shading. \n\nIn the days before photoshop, you had actual transparent inks with limited tints to choose from, and that's why old hand-colorized photos often look more cartoony.\n\nNow, you can pick from a vast range of colors until it more or less matches what you would expect: a white person with fair hair will probably have skin in X color range, unpainted wood furniture is going to be a shade of brown, jeans are almost certainly blue, a military uniform from that era is going to be this particular color, etc. \n\nPlus if you have experience with B/W photography you might have a sense for how some colors will translate to film; they often have a particular range of grey due to the characteristics of a given film.\n\nSo accurate colorizing mostly comes down to digital painting skill and having a sense for how things would look.""]","[array(['4d0d4842-c2a7-44d7-9ec5-8ccd10ecb0f6'], dtype=object)]"
85,89j1ww,How do service animals help autistic children?,"[""Multiple ways, and by the way it's not just autistic *children* who can benefit from service animals.\n\nAmong other things:\n\n* service animals can detect the early signs of a meltdown or shutdown, which are things often (but not exclusively) triggered by sensory overstimulation, and can provide a prompt to leave the situation causing that overstim\n* they can provide active stimulation to aid with grounding\n* they can help reinforce ritual, which is frequently important for autistic people""]","[array(['acf34e27-568a-4b3e-8e0d-bdeb53bab0d9'], dtype=object)]"
86,4nykjt,"Why do books downloaded from the library need to be ""returned"" after a given amount of time?","[""> This makes no sense because downloads are not limited like physical copies of books are.\n\nDownloads are limited in the sense that the library has to pay for every copy of a book that they own, including digital copies.  So they pay the publisher $X for permission to lend some fixed number of digital copies.  And the reader software is set up to that the borrower isn't able to retain possess of that copy forever.\n\nIf that weren't the case, then book sales would drop essentially to nothing, since everyone could just get a free copy of any book whenever they wanted for as long as they wanted.""]","[array(['b94069b1-7665-4f3a-876a-a1dacfed2596'], dtype=object)]"
87,5k70m1,How does Stephen Hawking's speech computer work?,['He has a small sensor in his mouth and uses his cheek muscle to type with it. His computer also has the ability to predict and correct words for him.'],"[array(['35669d5b-16b1-4650-b1d5-eccecb52b10c'], dtype=object)]"
88,4esq08,If a self-driving car detects multiple courses of action (all of which will likely result in human injury) how will it determine which course to take?,"['It will do whatever it is programed to do in that situation.  Self driving cars are not true conscious A.I - they are just really, really complex ""if...then"" programs.  If it gets into a situation where an accident is unavoidable, it will do what its programing tells it to do in that situation.\n\nAs far as liability, we don\'t know yet.  It\'s possible that the programer would be liable for the accident but we\'ll need a court case to set precedent before we really know.']","[array(['b359c710-868e-46ca-964f-de0a579f560a'], dtype=object)]"
89,21352q,why does spicy food make me sweat?,"['""The answer hinges on the fact that spicy foods excite the receptors in the skin that normally respond to heat. Those receptors are pain fibers, technically known as polymodal nociceptors. They respond to temperature extremes and to intense mechanical stimulation, such as pinching and cutting; they also respond to certain chemical influences. The central nervous system can be confused or fooled when these pain fibers are stimulated by a chemical, like that in chile peppers, which triggers an ambiguous neural response.""\n\nSource: _URL_0_']","[array(['08a86632-09c6-4c7f-a99f-ecf00df4e105'], dtype=object)]"
90,24h6oh,"If there are no size regulations regarding goalies in the NHL, why doesn't a team just throw some really obese person out there to block the whole net?","[""An NHL goal is 6 feet wide by 4 feet wide. I doubt there's many people actually large enough to block that entire area. And if there is someone that big, I doubt they'd be able to stand up and skate their way out to the net.""]","[array(['c9a2616f-35a7-4dd9-9909-c6974ce81f9a'], dtype=object)]"
91,4ekabd,"If animals aren't aware that they are going to die, why would they try so hard to survive?","['Because they are genetically programmed to. It\'s evolution. Individuals that do not try to survive are not able to live long enough to reproduce - or in some species\' cases, to care for their young either (imagine a mother dying and leaving her babies helpless).\n\nTrying to survive doesn\'t mean you need any special awareness of what death means though. All you need is to be programmed to run at the sight of a particular predator. Your computer is programmed to run millions of things, even your programs literally try to survive without crashing, but it doesn\'t mean your computer needs to be self-aware to perform those tasks. Self-awareness is not required for a survival instinct.\n\nAt its most basic level, it\'s programming that says ""Bad thing detected. Flee from or kill bad thing.""\n\nIt\'s wrong to even say they have motivation (for most animals), it\'s simply just what they do. It\'s like asking why your car tries to survive. It\'s a false question. Motivation isn\'t a factor.\n\nFor your more intelligent animals, survival is a motivator because survival means avoiding pain and suffering. They aren\'t really thinking ""I want to survive"" so much as they are thinking ""I want to avoid horrible pain"".']","[array(['6065a33e-baf7-4599-a4fb-a1a60b94a916'], dtype=object)]"
92,1pdv5f,"How can a computer come up with a ""random"" number?","['Generally yes, anything generated by an algorithm can be reproduced if you know the ""initial"" settings. Numbers generated this way are referred to as ""psuedorandom"". \n\nThere do, however, exist various dedicated hardware solutions that allow computers to pick truly random numbers. They work by basically installing in the computer some sort of sensor that can detect random properties of nature. \n\nAn example might be some sort of detector that picks up low levels of radiation. While we can make statistical predictions of radioactive decay over time, the actual decay of individual particles is truly random, and cannot be predicted with perfect accuracy. A sensor designed to measure those tiny random variations and feed them to a computer could generate truly random numbers.']","[array(['8f7b1f9a-f767-4488-91c1-0d61741fff35'], dtype=object)]"
93,3r3z8m,Why are scars near impossible to get rid of?,"[""Scar tissue is different to normal skin.  It contains more collagen than regular tissue, and doesn't structure the same as regular skin, which is why it looks so different.  It's also less flexible.\n\nThe benefits to having scar tissue is the body can recover from wounds exceptionally quickly - many animals can't create scar tissue, and so wounds can remain open longer and are more susceptible to infection and other problems.  Conversely, other animals can regenerate entire limbs whereas we can't.\n\nInterestingly, the collagen in your scar tissue is constantly replaced.  If your body stops producing collagen (due to certain illnesses), your scars' wounds can actually reopen.\n\nThe scar is difficult to get rid of because the tissue has been created in a less structured/ordered form than your regular skin (because it was deployed quickly to help heal the wound), but some medical procedures exist to reduce that effect.""]","[array(['908f1d99-7342-439d-87ce-c7ecf3ee94f7'], dtype=object)]"
94,ys6ma,Why don't developed countries make their own clothing without child labour?,"[""Because it's cheaper to have it made in other countries.""]","[array(['86850b9e-fbfe-4db5-9223-67f22c6fa0c1'], dtype=object)]"
95,ugj7x,Two spaceships are travelling towards each other at speed of light..,"[""First thing's first, neither ship can travel at the speed of light. As long as they have mass, it just can't happen. This isn't some silly nitpicky thing, it's fundamental to the theories of relativity, and it really honestly doesn't make sense to talk about massive things travelling at the speed of light.\n\nBut in any case, your question works just as well if they're both going at, say, 0.9c. Now, the reason that the speeds don't add up is that whoever told you they should was wrong. Speeds don't actually work like that. Weird, huh?\n\nWhat's actually the case is speeds really add in a slightly different way, given [here](_URL_0_). As long as the speeds are small compared to the speed of light, they add more or less in the inuitive way with one plus the other. But as they increase towards c, the rest of the mathematics is essential to the description and velocities turn out not to add linearly after all.\n\nEdit: Just to be clear, this all depends on what frame of reference you ask the question from. Are you on a spaceship, or directly between the two ships, or standing to the side, or what? If you're on a spaceship and they're both going at 0.9c relative to the stationary frame watching them, you'll see the other one approaching at about 0.994c. But if you're standing 'stationary' in between them, you can calculate their relative velocity to be 1.8c, even though neither ship will measure the other to be travelling that fast.""]","[array(['11648392-932d-47d5-8ad2-87723f7047d6'], dtype=object)]"
96,17qju8,Why can we eat sushi raw but not other meats?,"['The short answer is: If it\'s clean, you can.\n\nWeather we can eat a food raw or not depends on if it carries things that might make us sick, or might have picked up something that would make us sick.  \n\nIn particular, with Sushi, fish is processed in methods that separate the ""dirty"" bits quickly, and completely.  (gutting a fish)  That leave you with clean, safe, slabs of fish to work with.  Also, things that make fish sick, don\'t necessarily make people sick.  Importantly, care is taken so the surfaces of the deceased fish are kept clean.\n\nSomething such as beef, isn\'t processed as cleanly, or quickly.  And cleaning and speerating the cuts isn\'t as clean.  They also can be made sick by the same things that make us sick.  \n\nIf you treat ""meat"" right, raw meat is just fine for you.  Steak Tartare, and Carpaccio are both rare preparations of beef.  If you take the same sort of care that you do with fish, you ""can"" eat meat raw.  \n\nRare steak, is essentially raw in the middle.  The advantage there is by quickly cooking the outside, you kill the bugs that might be on the meats surface.  \n\nThere are also other ways of making meat ""clean"" that don\'t involve cooking. Pickling, salting, smoking, all could still be ""raw"" food, depending on how you define it.']","[array(['473b04ce-e141-4b63-bccb-8796f1671fcb'], dtype=object)]"
97,2082hl,Why is it when oil prices go up gas prices immediately go up but when oil prices come down the price of gas never comes down as fast as when the price of oil increases?,"['On TV, when the price of gas goes up, they say they have no choice but to sell it higher in gas stations too.\n\nBut when the price goes down, they say that they had already bought a lot of gas when it was higher so they cannot lower the prices immediately or they\'d lose money on it.\n\nThere is probably a good explanation for it but my guess is that it\'s another of these ""Heads I win, Tails, you lose"" situation ;)']","[array(['229e5fdf-02eb-46c4-95a6-346b8a7fd171'], dtype=object)]"
98,1k9an4,How does a linear induction motor work?,"[""Alright, the only word in there you gotta worry about is 'induction'. 'Motor' just means it moves stuff, and 'linear' just means it moves stuff in a straight line (or close to it).  \nAs for 'induction': When you've got electricity moving, it can create a magnetic field (i.e. what magnets make). That magnetic field can move stuff like you could with a magnet if you work the electric current just right. How do you work it just right? Well you basically line up a row of electromagnets (i.e. magnets you can turn off and on, or those pink things in figure 23 in that pdf) ~~and turn them on/off as they move along the iron stator (basically a chunk of iron that's attracted to magnets) so that the magnets are always getting pulled forward.~~  \nThis kind of motor has two main advantages. One is that since nothing needs to be touching, you reduce friction, so things can go faster. The other is that the motor doesn't need much in the way of moving parts since it's all electricity, so things don't wear out as fast.  \nDoes that help?  \nEDIT: See later post. Read a few things wrong in my first read of the pdf.""]","[array(['31544858-f861-44c1-afc8-bdbe72b91709'], dtype=object)]"
99,78sng6,"Does time ever end, or is the future infinite?","[""That's a really good question, as if deals with the metaphysical in a physical context; basically, the universe will end before time ends, so we have no real way of knowing. However, one could argue that time will end when physical existence ends; in that case, the end of time will come with the end of the Universe.""]","[array(['3cc40bc0-27d7-48f7-ac45-f509394c0edc'], dtype=object)]"
100,1tvwzu,"Why ""crazy people"" have that distinctive look to their eyes","[""In many psychotic individuals, the wide eyed look is because of their intense anxiety levels.  It's more than just the eyes though.  In someone psychotically agitated, you'll see facial grimacing and body postures indicating stress or aggression as well.\n\nThe scariest patients are the ones that have a flat affect, meaning they just have a blank stare all the time.  Though many of them are lost in their own world and harmless, some are not.  They are concerning because i can't judge their propensity towards violence at any given time.\n\nSource: IAMA Psychiatric RN""]","[array(['7b3eadd6-377a-4b1e-bbdf-587c4d636bd7'], dtype=object)]"
101,790u7d,The NASA twin study. I know what it is. Just explain their findings. Like I'm 5. Years old. Thanks.,"[""There are a lot of effects on the human body from being in space. Micro gravity affects your muscles and bones, there are weird particles that pass through your body (including your eyes and brain, which cause [strange flashes](_URL_0_)). It's hard to study the long-term effects of being in space, though, because everyone is a little different. Are your bones deteriorating because of the microgravity, or is it because of genetic predisposition for osteoporosis?\n\nThis is true of any study that attempts to look at long-term effects of something. To account for as many variables as possible the best subjects to use for those studies are twins. Because they're genetically identical, you know that whatever genetic predispositions they have will affect both. So in this case, if they *both* get weaker bones, you know that it's not *just* the microgravity. But if one gets weaker bones and the other doesn't, then you know it's something to do with being in space (or not, as the case may be). \n\nHowever, with astronauts you have another problem: you can't just take a random twin and put them in space. You need a *lot* of specialized training to be an astronaut, obviously. And you can't even just train one. The rigorous training and strictly controlled diet of astronauts are variables that could affect the outcomes of the study. This astronaut has stronger bones than his non-astronaut twin, but is that because of his diet that includes a lot of calcium, or strength training that went into being an astronaut?\n\nConveniently, NASA has one set of twin brothers that are both astronauts! They've both had very similar experiences as part of NASA. One is spending a year on the ISS, the other is staying on the ground but also getting the same diet and exercise regimen - basically as much as they can keep the same with him on the ground. They'll study the differences between the two astronauts to study long-term effects of being in space.\n\nThis is an important study because going to Mars would require longer space missions than we've done in the past. No one has stayed in space that long, really, and we haven't had good opportunities to study them and the effects of that. So they're doing this study to better understand what we need to prepare our astronauts for if we're going to successfully send a team to Mars.""]","[array(['c7f28425-9452-4562-8369-f1047df92dd2'], dtype=object)]"
102,1ay4wb,What is the point of money?,"[""It helps to understand the barter system.  \n\nBefore we had money, you would travel to a central trading post a few times a year to get things you couldn't make yourself.  You would haul things with you to trade - maybe a stack of animal pelts, or jars of jam, or sacks of wheat flour.  You would negotiate with the people at the trading post to get what you needed - six pelts for a sack of salt, two dozen jars of jam for a bolt of cotton cloth.  Each person had valuable goods, and they traded that value.\n\nA problem happens when you can't easily trade for what you need.  A shoemaker is a very useful guy to have around, but he can't really trade a whole pair of shoes every time he wants to buy a meal.  If I was an innkeeper who needed boots, I might make him a deal for credit - we might agree one sturdy pair of boots is worth 30 meals.  The Innkeeper might keep a ledger saying who has meals coming to make sure it stays fair.\n\nStill, the Innkeeper's ledger doesn't do the shoemaker much good if his roof is leaking.  The shoemaker needs to trade with someone to repair the roof, which is fine if the repairman needs boots.  If not, maybe the shoemaker could trade the repairman his credit for 10 meals at the Inn?  If he can pass his credit to the repairman, then everybody gets what they want.\n\nThis is a basic kind of money - it's backed by the Innkeeper, who says that the credit is worth a meal.  It's worth hanging onto even if you don't plan to eat at the Inn, because you can trade it to other people for goods or services.  That way, you can trade with someone even if you don't have anything to trade that they want.\n\nEventually, it doesn't matter if the Innkeeper even provides the meals anymore.  People use the credits as markers for trade - 3 credits for a pelt, 2 jars of jam for a credit.  Nobody eats at the Inn, so the money is only backed by what people agree it's worth.  As long as everyone is free to negotiate, the credit is still worth exactly what people believe it is worth.""]","[array(['a1af51e6-b3ed-43e8-b724-73e787eae1de'], dtype=object)]"
103,3kvf2v,Why does charge build up in a cloud?,"['Bits of dust stick to the water or float through the air.  The dust and water rubs against each other and every time they do, some electrons get passed from one to the other.  Then the particles wander off again before the electrons get passed back.  This goes on enough, and *tons* of electrons get thrown around until it builds up a very very large negative charge.  The result is lightning: the charge gets explosively released.  Sometimes this means from one section of cloud to another, or into the ground.']","[array(['b340b84a-fea5-41c1-9821-f389f43f89ac'], dtype=object)]"
104,lehsx,the hypothetical turtle on an island in the sun question?,"['I *think* what you are taking about is a test from the book ""Do Androids Dream of Electric Sheep"" on which the film ""Blade Runner"" was based.\n\nIf so, the test aims to distinguish humans from androids (\'replicants\') through their emotional response to questions requiring empathy.\n\n_URL_0_']","[array(['972cb589-0d4c-4294-bf40-0487fdc1bbb7'], dtype=object)]"
105,91fex6,how does a home equity loan work?,"[""A home equity loan is a loan that is based off the difference between the value of the house and the current balance of the primary mortage.\n\nIf you paid $50,000 for a house that's worth $75,000, you can get $25,000 in equity loans.    Subsequently, if your house was worth $75K when you bought it and it's now worth $135K because reasons, you can now get that much more in your equity loan.\n\nIn theory, you don't have to wait at all to get a loan.  If you sign on the dotted line for the $75K house for a $50K mortgage, you could turn right around that day and get a $25K equity loan.  you just have to have the equity in the house to get the loan.""]","[array(['26ce441e-17da-4150-bdd5-1ad86af15a36'], dtype=object)]"
106,6s1tut,"In English, what is the rule for the use of “An” or “A”","['An is used for words that start with a vowel sound.\n\nExamples,\n\nAn owl, an hour, an eight, an apple, an onion.\n\nA is used for all others.']","[array(['e83da6c6-6504-415d-bc69-2558b8420f58'], dtype=object)]"
107,6igjw4,Why do we have two small nostrils and not one larger nostril?,"[""It's usually not noticeable unless you sniff harshly, but one nostril is usually more open and free-flowing than the other. \n\nThe nostril that's closed usually swaps back and forth after several hours throughout the day. When a nostril is more closed, it's swollen, because the blood vessels inside the nose are swollen. \n\nDuring that time, your immune system attacks all the nasty stuff that came into your nose. It's harder to breathe when that happens. But your other nostril is wide open and maximum air comes in. \n\nThis combination of having one closed nostril and one open nostril is a super efficient way for your body to both clean the nasties and breathe full air at the same time. If it was all just 1 nostril, then every few hours you would have difficulty breathing. \n\nAir breathed through the nostrils are combined in the back and flow into both longs. One nostril does not lead into one lung.""]","[array(['3d2a15a6-fc36-4acb-a50d-20011ef52a4a'], dtype=object)]"
108,z10qg,Border Gateway Protocol (BGP),"[""I stumpled across this subreddit and saw this and said, what an excellent chance for me to jump in for once.\n\nI am a network Engineer.\n\nBGP is a very, very complex routing protocol that the entire internet pretty much runs on.\n\nI don't know how familiar you are with routing protocols, but there a lot of things involved. Primarily, you have the administrative distance, that dictates which route a router will decided based on the protocol\n\nSO for an example, RIP has one of 120, OSPF of 110, and a static of 10. Internal BGP (routes within your Autonomous System number) have it of 200, and external of 20. The lower the number the lower the cost, and that router will choose that route.\n\nThen there are metrics, which are variables you can sorta play with to get the outcome of your routers routing decisions. In BGP there are many of these, and I can't even begin to go into all them, mainly because I still don't know all them.\n\nSO how is this so complicated?\n\nYou have router A B and C. They are a triangle, simple routing protocols can find routers to each other and even passive routes if active ones fail. But now let's talk the internet.\n\nNow you have to create a sure fire to advertise your routers and etc correctly so that anywhere in the internet knows how to get to you and vice versa. To get to router E, you must take path D, then C, then B. But if router C goes down, take route F, then G, and H. But if router D goes down take Route R, and then S. But if route R goes down take X, and F, etc etc, just turning that triangle into a pentagon creates a headache, no imagine the giant rat fuck nest that is the internet.\n\nThere is no router god that overlooks all this, typically you manage what you know of, and there will be some higher echelon that knows more, and on and on, but you can see where the confusion comes in. \n\nBGP is incredibly powerful, yet extremely fragile, and at times AMAZINGLY DANGEROUS. A man who knows what he's doing, and a man who doesn't know what he's doing, could, potentially take down the internet in some big ass regions of the world. \n\nHope this helps.""]","[array(['11315f36-3cae-4977-9b7e-8709034ce433'], dtype=object)]"
109,8qqob8,Why do car rims appear to be rotating backwards after a car accelerates?,"[""/r/flooey is partially correct. That is the reason wheels appear to move backwards on film. This effect can be leveraged with a stroboscope [for an odd illusion](_URL_0_) even in real life, by imitating the film effect and only allowing your eyes to see individual 'frames' in time.\n\nHowever, as you probably noticed (and I assume are asking about), this happens in real life as well, under continuous lighting. Excitingly, we don't really know why this happens! There are [two competing theories](_URL_1_) at the moment. One is basically that visual perception actually does act like a camera, and only processes small snapshots at a time.\n\nHowever, later experiments found that this explanation fails in several circumstances. The hypothesis proposed by those researchers is that this effect is instead to do not with snapshotting of the entire visual system, but a kind of ersatz snapshotting to do with propagation delays in the particular subsystem that does motion detection in the brain (Reichardt detectors).""]","[array(['e7c57134-cd3d-4fde-9836-4c3ac3076b60'], dtype=object)]"
110,5inzg9,How the heck do authorities determine who started a massive fire in the middle of the woods somewhere?,"[""The first arriving units will most often be at the fire before it gets large, so they can relay to the investigators where the fire was and how big it was when they arrived on scene. \nFires will also leave lots of clues as to how fast and hot it burned but also the direction that it came from. There are origin indicators like needle freeze (pine needles that freeze and point in the opposite direction of where the fire came from), charring on trees can tell you a lot depending on how intense the fire was when it burned the tree. Grass can fall back towards the origin in a low intensity fire. There could be no soot on a large rock on the opposite side of where the fire came from. Those are just a few examples. \nAs to finding how the fire started they have to look at the origin of the fire which is why you look for that before you start looking for how. Once at the origin,  depending on how the fire was started it could be hard easy or impossible to determine. A hot start, where someone just holds a lighter or similar flaming material to the fuel and then takes the lighter and flees is hard to prove. But often times fires don't durn so hot when they first start, depending on many factors, and there could be evidence left behind as to an ignition source. Most accidental fires you can find out who did it either because they confessed or they weren't trying to get away with it so there are witnesses and more evidence. Also most arsonists don't just start ONE fire, they start many. And once there is a known arsonist working an area reports become more general so you can charge him with more fires knowing that you have some that are definitely him and some probably aren't but can't rule him out for it. \nAnd for big, expensive, deadly or suspected arsonist fires there will be multiple expert investigators. \n\nSource: I'm a fireman that took a couple week long classes on origin and cause determination. Wild land fires aren't really my thing but I'm just relaying what was taught to me. \nEdit: spelling and a parenthesis""]","[array(['466f7484-5e56-4c1d-baa5-41148665238f'], dtype=object)]"
111,1rv694,How do film/tv productions handle deaths of actors? Examples?,"['Usually it leaves them scrambling.  I know when John Ritter died they actually had to write that death into ""8 Simple Rules"".']","[array(['0c1d4e6f-03af-4f05-b114-ad92d3ba74e7'], dtype=object)]"
112,4hdmlp,Does the Sound Increase in Real Life when Someone on Television Increases the Sound?,"[""The volume control on your laptop or speakers essentially controls the loudest volume you can get - anything that tries to be louder can be distorted. But anything quieter than that is possible.\n\nSo what might be happening in the movie is that the radio might start at a quarter of the maximum volume level. When they show him turning the dial, they also increase the sound of the radio to half, or three quarters, or full. So it is getting louder, although it can only get up to a certain point. It wouldn't be possible to get your earbuds to be as loud as a rock concert, for example.""]","[array(['4ed3d6be-03af-4b8a-8542-4ba8796cb01d'], dtype=object)]"
113,2umj9j,What would happen if all the countries wiped all the debt incurred by and owed to each other?,"[""Not an expert in the topic but I have some knowledge\n\nDebt isn't necessarily a bad thing as it represents a flow of money. This is why the average lifestyle in America is comfortably more lavish than those of in China. This is made possible because Americans are in better position to take out large loans and pay them back in the future.\n\nIf all the debt were to be wiped out then that would mean banks would lose a very high percentage of income.\n\nHeres where my knowledge stops as my train of thought has been limited to what I know.""]","[array(['3e6eef2b-bd39-453e-a7e9-cf7dbfea14ff'], dtype=object)]"
114,2kx0wl,How is complimenting a woman on the street considered street harassment?,"['Part of the issue is that like many things in life the difference between something being nice, acceptable, and annoying has to do with how often something happens. If you don\'t see another car on the road for an hour it can be a relief to see one, a few cars are okay, and a lot of cars results in road range. In the video she got roughly one comment every 5 minutes. If my day was interrupted every 5 minutes by someone wanting my attention I\'d find it difficult to get anything done or even be able to think.\n\nAnother aspect is that the comments are mostly seeking attention. Some of them were requests (""Can I have your number?"") some were comments which are said loudly enough to try and provoke a reaction (""Nice ass"") and some were instructions (""Smile""). When I\'m approaching a person, I look at body language, make eye contact, and then talk. Shouting at someone, trying to get their attention when they are busy, or making demands of them all feel unnecessarily aggressive, yet that\'s precisely what most of these ""compliments"" are. They aren\'t compliments, they are demands for attention.\n\nThere are other examples I could use -- such as comparing this to harassment by paparazzi, unsolicited phone calls, or stalking. However in some ways it\'s simpler: US supreme court justice Louis Brandeis argued that there is a human ""right to be let alone"", and this video suggests that with the frequent persistent demands, this right simply doesn\'t exist for women in many places.']","[array(['1205928c-18bf-4074-b910-1fea87ca7cee'], dtype=object)]"
115,1ldlac,What is fake meat made of and how do they get the texture to be so similar to real meat?,"[""Soy burgers = soy protein. (dont eat too much soy: hormone mimickers). Texture is naturally kinda 'meaty'. \n\nMyco burgers = mycelium. That's what mushrooms are grown from. They can't call em mushroom burgers, because mushrooms are the fruit the mycelium would produce. The mycelium is just a really fast reproducing cell that grows readily on MANY MANY substrates, usually best at a certain temp and humidity. -We will literally NEVER run out of a cheap protein source because of this invention (lofted mycelium growing- hot air blows up cloud of mycelium, which colonize lofted in host matter, usually in a hot steam environment.. It literally colonizes in a matter of minutes. - voila: mass food - more protein than steak per gram and no fat). \n\nFinding a good mycelium was they key for this to be useful. So, basically, after a lot of trials, they finally found a mycelium which had a texture very similar to a hamburger. (Monsanto funded most of this).    \n\nI used to be interested in solving the worlds food problems, until I found out the problem isn't lack of food but rather infrastructure and bureaucracy. \n\nFake shrimp and such is referred to as surimi- basically ground up other fish and stuff.. I've seen some made from vegetable pastes and flavored.   Usually not so good.. \n\n;)""]","[array(['2b7c0904-f28c-4f24-9f0a-4b561de70ebb'], dtype=object)]"
116,2x44pp,Why is it sometimes hard to find something that is right in front of our eyes.,"['Human eyes are way better at detecting moving objects than resting ones. Plus, a change in perspective may present the object in a better contrast/less obscured by other objects.']","[array(['39ab77c4-19bf-42c0-93fd-10d058c2fa94'], dtype=object)]"
117,2dqfaf,Why doesn't the body produce oil like the face does?,"[""Actually your entire body produces the oil, but since your face is usually dryer (being in the sun for example) those glands work harder, not to mention think of how much you touch your face throughout the day, transferring more oil. Sometimes, certain foods etc will kick the sebaceous glands into overdrive, that's how acne happens. And acne can indeed happen anywhere - ever seen back acne?""]","[array(['9bf437cd-172a-4357-9225-d400d2541fc1'], dtype=object)]"
118,lpf57,Dash cameras in Asia?,"['Yeah, a lot of cars have dash cams which record the last 5 minutes, continually recording and saving whilst deleting anything older than 5 minutes old. When an accident occurs, the camera can either automatically detect something has gone wrong and continue recording beyond the 5 minute limit, or can be manually told to do so. This makes it a lot easier if the accident gets into court and it isn\'t immediately obvious whose ""fault"" the accident was.']","[array(['06d79c9b-bb93-4956-ac90-ec7e5463e946'], dtype=object)]"
119,1jok76,Why do some people get brain freeze?,"[""As long as it doesn't touch the roof of your mouth, you won't get brain freeze.""]","[array(['b7a1a3bb-7b93-4fc2-a095-af91dde8cea1'], dtype=object)]"
120,4f848k,Why is second day chili better?,"['The acids in tomatoes, peppers, and onions take time to break down carbohydrates (beans) and proteins (meat).  So overnight the beans and meat absorb more of the delicious spicy flavor.']","[array(['628c2389-bab3-4ffb-83ae-0c828af63e38'], dtype=object)]"
121,5kgjw0,How does the _URL_0_ door knocking audio clip do such a good job of making it sound like the audio doesn't come from your headphones?,"['Ha, had the speakers on when I played that audio clip and the cat **freaked** out. Apparently that knock knock fools animals into thinking someone\'s at the front door too.\n\nYour brain determines the location of a sound\'s source by a few different factors. Namely, distortion differences between each ear, and delay in which ear hears the sound first. Technology has gotten good enough that with proper equipment it can re-create those effects and trick your brain. We usually use the term ""binaural"" as in ""Two ear"" to describe the effect.\n\nOne of the most famous examples of binaurual audio is the ""Virtual haircut"" clip _URL_1_ where they demo a technology designed to create the effect. Lots of ASMR artists and other people do it too, one popular device these days is [a 3Dio twin mic setup such as this](_URL_0_). With two microphones and extremely accurate recreation of the human ear shape (it affects how sound bounces about), you can recreate a whole room\'s soundscape effectively.']","[array(['c02f47a2-349b-45fd-81e0-214fcddc9133'], dtype=object)]"
122,1zgwa3,Computer/TV Screen Size Pricing,"['Easier, yes, in the sense that the assembly requires less pricise equipment.  Not necessarily cheaper, though, because of the material costs.']","[array(['4e026cc4-4d62-4223-b372-2aaf190424a5'], dtype=object)]"
123,4ggr01,If you have no sense of taste can you feel the heat/spiciness from something like a pepper?,"['Yes. Capsaicin (the chemical responsible for the spiciness of peppers), interacts with neurons, not taste receptor (although taste receptors are similar to very specialized neurons) so they would still feel the heat']","[array(['90a34954-d1ed-4218-8ce1-276e7bf066b3'], dtype=object)]"
124,1qcnpv,Why can we only use ~0.35 volts of batteries?,"['The notion that voltage and capacity are the same thing is where you\'ve gone wrong.  A battery will supply a certain amount of energy (usually measured in milliamp-hours^* ) over it\'s lifetime.  But it will maintain roughly that 1.5V starting voltage for ~90% of that life.  Only as it begins to die will the voltage drop.  So while it seems to you that the voltage tells you how much capacity is left in the battery, that\'s not really the case.  And what you\'re defining as ""dead"", let\'s remember, is just that the voltage has dropped below a useful level for the device you\'re trying to power.\n\n* - Strictly speaking milliamp-hours aren\'t units of energy, but it\'s assumed that current is run over the standard voltage of the battery which in your case is 1.5V.  By convention, all battery capacities are measured in this way.']","[array(['050416c0-a18a-4d8f-b52e-b53db897bbab'], dtype=object)]"
125,8ig2qt,"Why do people think Yellowstone will explode and destroy the earth, but not worry about Hawaii's volcano eruption?","[""Imagine you're filling water balloons.\n\nOne of them has a hole that lets out the water about as fast as you are filling it. You could stand there all day and be fine. That's how Kilauea erupts.\n\nThe other one is huge. It is also intact. Eventually, it will burst and soak you. That would be a Yellowstone eruption.\n\n\nObligatory edit:\nThanks /u/arcmokuro for my first gilding. I didn't expect the classic water balloon analogy to blow up like this.""]","[array(['57434d71-e9ec-47b3-87ff-d1e1eed44268'], dtype=object)]"
126,6fjklq,How does cutting down trees to plant other vegetation for the purpose of cultivation (such as avocado farming) contribute to global warming?,"['When you cut down highly developed forests to replace them with cultivated land you\'re seriously lowering the amount of CO2 that can be absorbed.\n\nA big tree that is several decades old will take in WAY more CO2 than several seedlings that are planted to replace it. Additionally, all of the undergrowth that is in forests absorbs CO2 but that is all removed for farming.\n\nFurther, a lot of the time what\'s done is called ""slash and burn"" which means that the forests are chopped down and the debris is cleared away via a controlled fire, once again adding CO2 (and other harmful chemicals) to the atmosphere.\n\nAlso, removing well established plants will significantly increase soil erosion and while that may not directly contribute to global warming, it certainly is detrimental to the environment.']","[array(['004dc81e-d175-4a78-9dab-402fd327a8fd'], dtype=object)]"
127,4t4ycc,Mattress Sizes?,"['It\'s called twin because a long time ago you bought two of them, one for each person in a husband/wife partnership.  You only slept together to make babies, you sinners!  Then along came the Full which was meant for two people (though no room to move!).   Queen was a luxury: they added 6"" in width and 5"" in length to a full so you could damn well sin all night!   A king??   You heathens now get the length of a queen but add 16"" to the width.  You could have devil-orgies in those things (which is why I sleep in a king).']","[array(['45e2b6a8-9dd0-43f4-9de2-963194b0f9ea'], dtype=object)]"
128,5jhpn6,What happens to Lactose when ingested by Lactose-Intolerants?,"[""So, from what I've understood in the past, people who are lactose-intolerant aren't able to break down lactose. Their body doesn't produce enough lactase, which is an enzyme that breaks down lactose. So, depending on how much lactose is taken in, it usually is broken down by bacteria instead in the gut. This causes a bunch of side effects like, nausea, bloating, gas, and stomach cramps.""]","[array(['c703b183-b428-48fb-851c-c6ef68d2a345'], dtype=object)]"
129,3tkfny,"If Helicopters need tail rotors to stabilize themselves from spinning, how can turboprop airplanes have only one rotor and not spin in circles?","[""On a helicopter the main rotor blades are the wings, a plane has fixed wings that use the air to resist the torque of the prop that's trying to make the plane roll (this is also why single prop driven planes roll to one side faster than they can to the other)""]","[array(['4eb49787-b3c8-4182-bb1a-3a434d3998f1'], dtype=object)]"
130,3f8ade,"What is the difference between an air-conditioner and a ""marine"" air conditioner (commonly used on boats)?","[""Caveat - I mess with boats but I'm not expert or pro. In general marine equipment is made with more corrosion resistant materials,such as stainless steel. The A/C on my boat exchanges the heat in the cabin air into water that flows through the other side of the heat pump, so this is an air/water heat pump where most home units are air/air heat pumps.\nAlso some or most marine units are 12 Volt DC power, possibly also 24 volt. I think some few are powered directly off the engine via a 'fan belt'.\n\nThe reefer on my boat is three way power - 120 VAC, 12 VDC, and propane. I suppose this would be possible in A/C but I've ever heard of this.""]","[array(['6e20f359-a895-4b42-8ed9-03b9853ad6e0'], dtype=object)]"
131,1yz7y3,Why do people bother keeping savings in banks/currencies which are potentially unstable?,"[""I see two reasons:\n\n1. In most European countries you need a residence permit to open a bank account. In other words, you must live in the country where you want the bank account. Some countries, like Switzerland, allow foreigners to open bank accounts without a permit. However, the banking fees are high for such customers ( > 800$ per year). Unless people have substantial amounts of money ( > 100,000$) the fees will  erase their savings. As it happens, many people in Ukraine are not very wealthy.\n\n2. It is difficult. You need to go abroad, speak a foreign language, spend significant amount of time and money. Most don't bother.""]","[array(['fd7657de-24b9-4267-bdb4-4b8c26db1039'], dtype=object)]"
132,90cyb3,"Why does water freeze from top to bottom? Deep in the ocean it’s below freezing, why doesn’t it freeze?","['There are several reasons. The salt in the ocean lowers the temperature needed to make it freeze. Currents stop the ice from bonding, and if Ice did freeze, it is less dense and floats. But the main reason is the pressure, especially in deep water. To freeze, water needs to expand. Deep in the ocean, the pressure from the water stops it from being able to expand.']","[array(['54df9c32-25cd-40f1-aeb3-6f1e1125237b'], dtype=object)]"
133,19kskq,how they catch digital pirates who use hotspots or do they?,"[""Normally, They don't. If they actually want to track down someone who is using a proxy, they will be able to; but for something as harmless as pirating(relative to say, hacking a company's system) it is not worth their time and money just to find out who you are.\n\nTorrents from a hotspot are also not easy to trace back to the user, unless they have a way of identifying you(e.g you're at a hotel, and their internet asks for your room number). A lot of hotspot providers would(atleast in theory) attempt to prevent people from torrenting on their networks, otherwise, they do run the risk of being accused of illegal downloads. I'm not too sure of exactly how the copyright law side of things work though.\n\nOff the top of my head, i can remember atleast one case where a guy using mcdonald's internet was arrested for spreading computer viruses, based of the fact that he used his credit card at the store and they had somehow managed to find out exactly which computer was responsible, however, for pirating purposes, its not worth the trouble.""]","[array(['221dc054-d5dd-4e8b-8505-7cbd2f91715a'], dtype=object)]"
134,1jah2c,The voting rights of citizens in the District of Columbia historically differ from the rights of citizens in each of the 50 U.S. states. Why can't the U.S. just add an amendment to fix that right now?,"[""Because politics quickly becomes political.  Currently D.C. is extremely Democratic, so Republicans don't want 2 new Democratic Senators.  If the situation was reversed it's likely that the sides would quickly flip and Democrats would be blocking the amendment.""]","[array(['7e3b2b22-8424-4b81-a25a-799150449841'], dtype=object)]"
135,2cimvd,Why did it take so long to invent the printing press?,"[""Tske into consideration the literacy rate.\n\nMost people could not read and had no reason to.\n\nNecessity is the mother of invention, that is a true idiom.\n\nThere wasn't a need for it.\n\nAs was stated, the Chinese invented movable type a few centuries before Europe.\n\nBut we did have related items. The Romans had stamps wood blocks, which it technically the basics of the press. They just didn't need it in mass numbers.""]","[array(['6c439d74-6dac-4070-a16c-bf6245e65daa'], dtype=object)]"
136,2tss90,I've been reading up on nukes. Did the Nevada nuclear tests have nuclear winter? Why or why not?,"[""Nuclear Winter is not a local effect resulting from an atomic blast, but rather a hypothetical effect from lots of nukes going off.  The theory is that the nukes would kick a lot of soot and dust up in to the air, blocking out the sun.  The blocking out of the sun would result in lower temperatures since the sun can't heat up as much of the Earth anymore.\n\nSome of the effects are based on similar effects felt when a large volcano goes off.  Mt. Pinatubo in the Philippines went off in the early 90's and we only saw a slight drop in temperature (1 degree F).""]","[array(['6f77789e-97c9-412c-b896-0d01d3dce6ce'], dtype=object)]"
137,3c99e4,How come cars are able to go up to 220 km/h but highways only allow speeds of up to 110 km/h. Wouldn't it be wiser to have cars max out at 110 km/h-ish and reduce the engine capabilities?,"['How long do you want to take to accelerate? Merging onto the highway in a reasonable time takes far more power than maintaining a constant speed. There are plenty of 1.0 l cars for sale in Europe. They take about 17 +/- seconds to reach 100 kph, but they are very fuel efficient. No one would buy them here in the US because it would be frankly frightening to try to merge onto our freeways in a car that slow.']","[array(['47dc0d51-e723-46db-ab1e-3af56362cc41'], dtype=object)]"
138,6hk74n,Is it ever possible in the future to have matching finger/thumbprints?,['The idea that everyone has a unique fingerprint isnt really scientifically proven. There is a real possibility that you and someone else currently living have identical fingerprints.'],"[array(['f2dcd270-0bac-4cf0-9053-3af1e12269f2'], dtype=object)]"
139,1hfibf,How a military can overthrow a government?,"[""The people with the guns stop doing what the president says, and they use their guns to do what they want.  That's basically how it goes.""]","[array(['75441718-7b63-416c-acd5-c802a4452729'], dtype=object)]"
140,3lqf1p,How do we go from binary codes to basic programming languages?,"['The lowest level instructions in a computer are the instructions of the CPU architecture. This varies between CPUs but there\'s two main ones currently: x86 used by Intel and AMD processors, and the one used by ARM processors.\n\nThese instructions usually look something like ""MOV 1, 2"" which might mean to take the number stored in memory location 1 and copy it to memory location 2. Or you might have ""ADD 1, 2, 3"" which adds the two numbers at 1, 2 and puts the result in 3.\n\nWhen you hear about binary being the lowest level in a computer, it\'s just a binary encoding of these CPU instructions. So MOV might be 001 and ADD is 010, then the memory locations are represented as binary numbers after the type of instruction. When you hear about a 32-bit or 64-bit processor, that\'s how many bits each CPU instruction is.']","[array(['2e21aaab-a21b-4e27-9a7f-7d781c24e90a'], dtype=object)]"
141,2c7hbe,why does spicy food stay spicy when it comes out the other end?,"[""Spiciness isn't a flavor, it's a reaction to the chemical capsaicin, which irritates any tissue it contacts, not just your tongue. This is also why the area around your lips gets sore while eating wings.""]","[array(['ae140bcd-3b55-4d62-9e31-110071b8d3e0'], dtype=object)]"
142,2383nl,Why do posts on reddit not start on 0 (what's the purpose of allowing one to vote for oneself)?,['To reward you for making a comment even if no one else does.'],"[array(['56af69f5-3907-4930-940e-4eb130359785'], dtype=object)]"
143,8q7obo,"if you light a lighter in front of a TV, why does the reflection show 4 tiny rainbows around the flame?","[""This is to do with, not the display itself, but the layers of diffusers that make up the backlight behind the display\n\nAn LCD TV consists of a backlight and an LCD panel. The backlight's job is to produce an even spread of light across the display. You first have an array of LEDs, but those LEDs are point sources, and you don't want lots of bright dots. So the light has to be spread out. They do this with sheets of plastic etched with fine lines. These lines bend the light and spread it out - but only in one direction. If you only had one of these sheets, you'd have an array of lines, one for each LED. So instead they use many sheets, each sheet with lines at an angle to the one beneath. With enough of them, the light is spread evenly.\n\nIt is these fine lines etched into plastic that produces those rainbows. Each line reflects the light of your lighter when the angle is right. You get a spot of light from each line, which makes a line of light stretching away from the reflection of the lighter. But the lines are close enough that you get interference - as the angle increases, the distance the light has to travel between scratches increases, and you find places where, for one color of light, the distance the light travels is exactly one-half wavelength, so the peaks of the light waves line up with the troughs, and cancel out. When you cancel out one color of light, then you only see the other colors.\n\nThis is the same effect that gives CDs and DVDs their rainbow appearance.\n\nAnd this explanation is way too long.""]","[array(['0e38c5d8-0491-4565-ae73-cf5099d430dd'], dtype=object)]"
144,4njezi,How does copyright work with references?,"['US copyright has a Fair Use clause, which a minor reference like the ones you are mentioning fall under. You don\'t need to pay royalties for something like mentioning ""I saw something like this on Star Trek once!"" or ""This is like Episode 79 of the Original Series, Turnabout Intruder! They got bodyswapped!"" \n\nAs to when you cross the line of fair use, that\'s subjective and really you have to use your best judgment. \n\n_URL_0_ has more info.']","[array(['789c5b9d-b03e-4a9d-9491-809feb1de960'], dtype=object)]"
145,5hnbhw,Why does China take claim to Taiwan?,"['Before the 1930\'s the Island of Taiwan was part of the nation of China. During the 1930\'s China suffered a civil war with many factions, the most prominent of which were the communist party(CPC) and the Government(KMT). This civil war spanned world war 2 and reached a physical conclusion in 1950 when the Communist party physically wrested control of the mainland. The KMT retreated to the Island of Taiwan and has remained there in exile ever since.\n\nThe big issue about sovereignty comes down to the United Nations. As one of the main victorious nations of World War 2, China was granted a seat on the UN permanent security council, alongside the USA, UK, France and USSR. However this seat was granted to the KMT government, not the Communist party of China. So when the KMT were exiled, they still retained the official recognition in the UN as the official government of China.\n\nThe communist party however, having established pretty total control over the entire mainland, considered themselves the rightful leaders of China, including the Island of Taiwan that the exiled KMT government now resided on. The US government was initially disinterested until the Korean war came along, and they realised that they needed a card to play against the communist chinese, so sent the 7th fleet to help protect Taiwan.\n\nThis stalemate continued until 1971 when Communist China was given the UNPSC seat instead of the exiled Taiwanese government under UN resolution 2758. Since then most nations have adopted the attitude that Taiwan is technically officially part of communist China while also treating Taiwan as its own nation in everything but name. As CGP grey once put it, ""The united states sometimes sends aircraft carriers to protect one part of china from another part of china"".\n\nI hope this ELI5 is insightful, the Taiwanese situation is a very complex one from a political and cultural one, and is a major part of 20th century history.']","[array(['b2d982a8-bdf8-44c6-9fbd-99af58f09b38'], dtype=object)]"
146,3jeoha,Why is the word 'cunt' such a taboo word in the U.S.?,"[""People have made it so.  Words can be given such power based on how they're used in the culture.  I remember when Austin Powers 2 came out (it was called Austin Powers 2: The Spy Who Shagged Me), and that was seen as quite vulgar for British people.   In the US, Shagged is a cute word (like using Poop in place of the word Shit).  Just remember that it is how it is taken, not how it is intended.  You could be using cunt like the Aussies do in friendly conversation (referring to their friends), but someone who isn't used to hearing that can still take offense to it.""]","[array(['4f4af532-a2a7-4788-aa3f-dd73f061e757'], dtype=object)]"
147,8bvsvh,why is it so easy for people to start working out regularly but it’s hard to stop eating certain foods or cutting back?,"[""Human being are designed to eat as much food as they possibly can, because in nature food is a whole lot rarer. We crave salt, fat, and sugar. This is a problem today because we have industrial farming and society. When he had to hunt down all out food ourselves it was a lot harder to eat enough to actually.make us fat. But now that all we have to do is take a trip to the grocery store and pick up a 4 lb bag of M & Ms, it's easy to be fat. We""]","[array(['a7acb3a5-2c4f-4e99-b521-1fd93ea4185d'], dtype=object)]"
148,2kqsrc,Why is the USA drinking age set at 21 when in most other respects you're an adult at 18.,"['In the 60s and 70s, the US had a **lot** of fatalities as a result of teenage drunk driving. Waaay more than any other country did.\n\nReally, there were two options available to them: raise the drinking age, or raise the driving age.\n\nI think they made the right choice.']","[array(['26bb237f-06b8-40ee-afad-5bf4fc5a0831'], dtype=object)]"
149,2lhad1,Why do I not smell perfume I've sprayed on me but other people do?,"['Why don\'t you see your nose?  It\'s within your vision.\n\nYour brain filters out your nose, because it\'s always there, and likewise, it filters out smells that are ""always there"".  \n\nThe phenomenon is called [sensory adaptation](_URL_0_), this is the brain caring less about constant stimuli.  Olfactory neurons also fire less frequently.']","[array(['3eacfdd2-d001-40d4-b326-4b27f1425eb1'], dtype=object)]"
150,48q6wy,How does a two headed reptile/siamese twins work? How do they move their bodies assuming there are two brains?,"['Typically each twin controls a different part of the body. Like the twin girls Brittany and Abigail Hensel. They give the appearance of being one body with two heads, though they have two of each organ above the waist. They have two arms, each controlling one. And from the waist down, they have one body, with each controlling one half. So each controls a leg, for example. There doesn\'t appear to be any part that both of their brains controls. So they coordinate with each other so that they can walk, but they each have their own body parts they use. In some cases of animals with two heads, only one head ""works"". The other head doesn\'t seem to have any reactions to stimuli so it\'s vestigial.']","[array(['dfd03f60-c74f-497c-af26-8fe7bdc169e1'], dtype=object)]"
151,1ofr1c,How do human voices work? What makes our voices seem so unique?,"['Finally a question that being a voice major has equipped me to answer!  (Avoiding the proper terms for parts because that\'s what Google is for):\n\nAir passes from your lungs in between your vocal folds (roughly right behind your Adam\'s apple, that\'s a front projection of the mechanism that protects it).  They\'re quite tiny and produce a tiny sound.  Cartilage around them can manipulate/stretch them to make them thinner (higher sound) or thicker (lower sound).  That small bit of sound that they make while vibrating is amplified by the natural cavities in your head:  your throat, your mouth, and your sinuses.  The way that you manipulate those cavities (especially the mouth) produces the other qualities to the sound, such as the volume, nasality, and very importantly, sounding like different vowels or voiced consonants.  Some consonants are produced with only air (for example, ""s"").  \n\nI would assume the reason why everything we say sounds different from other types of sound is that we train ourselves constantly from an early age to pay attention and sort patterns out of speech sounds versus other types of sound.']","[array(['a9c20bf2-876c-4f78-aa65-cd3f3fb61b36'], dtype=object)]"
152,2bixaj,"why aren't AK47's an ""accurate"" rifle","[""1. AK-47's distance between the sight and post is very short which makes it so that for longer ranges, it is extremely difficult to line up an accurate shot as you are more likely to be misaligned with your eye to the sights.\n\n2. It uses a relatively low velocity round, meaning it arcs more and spends more time to get to the target, making it deviate more from environmental conditions\n\n3. Its feeding mechanism uses very large and heavy moving parts which reduces accuracy dramatically from recoil.\n\n4. It has a more significant recoil upon firing due to its type of ammunition, making subsequent rounds less accurate.\n\n5. It operates on a lot looser tolerances, while making it more reliable, also reduces its overall accuracy.\n\n6. [Its gun barrel flexes more than other guns during recoil.](_URL_1_) \nCompare that with [this](_URL_2_), Or [this](_URL_0_)\n\n7. The barrel isn't inline with the stock, making recoils want to push the gun upwards.""]","[array(['e621625b-c261-4c4e-af15-f4349827a0c5'], dtype=object)]"
153,271vef,Why can I not remember what happens when I'm drunk?,"['Memories enter the brain first as short term memory, that is then transformed into a long-term memory.  \nThis is evident because the majority of short-term memories that we experience are lost before they ever make it into what we will call ""long-term"" storage. \n\nWhen alcohol is consumed it affects your ability to take short-term memories and transform them into long-term memories. \n\nThis is why you only may remember small bits and pieces of the night, these are the select short-term memories that were allowed to settle into long-term ones without the interruption of alcohol. As the level of alcohol drops, the number of memories that make it into ""long-term\' storage increases.']","[array(['198f45c4-2e9d-4e07-a2d2-7cb09a2a609b'], dtype=object)]"
154,38uslm,"Why does having noise in the background (TV, music, etc.) make me feel safer when I'm home alone?","['Your ears are sensitive through a wide ride of volumes.  When it is very quiet, you hear faint noises you are unaccustomed to, which can be disconcerting.  Background noise hides those sounds with ones more familiar to you, restoring your comfort level.']","[array(['2917ade8-5aeb-4be4-8c79-00e3a87ace0b'], dtype=object)]"
155,6045of,Isn't the freshwater we have to work with just going in a cycle? How are we losing fresh water?,"[""When the water ends up in the oceans, it slows down the cycling a lot.  Water in aquifers (the stores under the ground that we access when we use wells) and water on Earth's surface are the cheapest to use.  We have been either polluting these (surface) or using them too fast for new water to filter in.  We have also allowed a lot of water to go to the ocean(storm water runoff from developed areas) , rather than slowly go into the aquifers through the ground. So the result is we are using aquifer water faster than they are getting refilled.  When that water is depleted, all water will become more expensive. We will still have it, but it will either be salty, polluted, or far from where it needs to be, and all of the fixes for this cost money.\nSorry if this isn't too coherent, I haven't finished my first cup of coffee for the day.""]","[array(['a576b0d6-8e12-4bf2-a25a-23258ba76812'], dtype=object)]"
156,25wg9s,Why is there such a large Insane Clown Posse (Juggalo) following?,"['A lot of it is because the group tries to make its fans into a ""community"" (Juggalos). Like, fans of a band like, say, the Black Keys, are just people who happen to like the Black Keys. But ICP specifically encourages fans, ""Hey, dress up like us, be like us, be part of something,"" and then the fans encourage each other to do it too. People like that. They like feeling like they\'re part of a group. It\'s the same kind of thing with Lady Gaga and her ""Little Monsters,"" just a different type of music.']","[array(['1deea1fb-d242-43eb-97ab-b4fc31b36f67'], dtype=object)]"
157,627lss,What's the best/safest/quickest way for a relatively skinny but unhealthy guy to get big using weights (w/ or w/o protein powder)?,"[""The gist of it is to lift weights and eat a **lot** of food. A program like Stronglifts is great for beginners. \n\nProtein powder isn't magic, it's just a cheap and easy source of protein. Most people find it easier to drink a protein shake than to eat a bunch of steak. It's probably healthier than other sources of protein because of the amino acids it contains, specifically L-cysteine. You should definitely use it.""]","[array(['7420138c-d92f-4341-a8d4-439c4ac052fb'], dtype=object)]"
158,17geb3,"Why metal at room temperature feels cold while, say, fabric at room temperature doesn't","['I believe it has something to do with the rate at which heat from your body is transferred to the material.  Your body is hotter than both the fabric and the spoon, which are at the same temperature, but the spoon conducts the heat at a faster rate and so you feel it as being colder.  Please correct me if I am wrong or missing some details.']","[array(['2f19b8db-ca72-451c-a05f-d461c3cd399f'], dtype=object)]"
159,49vbyw,"A neighborhood cat comes to your home and you feed it. A day/week later, other cats appear at your house looking for food. How did the other cats find out that you're a food giver?","['Kitties talk among themselves, just like humans. They may not make a sound, but they do communicate ... and follow each other around.\n\nSeriously: you can/should check out [Alley Cat Allies](_URL_0_) for all sorts of info about hungry kitty visitors.']","[array(['634d0710-9de4-43f3-8a93-646c4b94b39d'], dtype=object)]"
160,1xrsvm,Why do southern states freak out over a little snow?,"['There is essentially no infrastructure to deal with snowfall in southern states because it happens so rarely. Roads are not salted or plowed so they are covered in ice, and nobody has snow tires or much experience driving in snow. It is sort of like how everyone up north has trouble with a little heat wave where it gets over 100 F; nobody has A/C and are not acclimated to heat so it is a problem.']","[array(['8853aeea-4732-4452-a559-b6063cc9b130'], dtype=object)]"
161,4r24rs,"What is the origin and meaning of ""Strange women lying in ponds distributing swords is no basis for a system of government.""","['It\'s a quote from Monty Python and the Holy Grail. The ""strange woman lying in pond"" is the Lady of the Lake from the Arthurian legend.\n\n_URL_0_']","[array(['3214bfb4-787b-4fb1-a3d5-d7f3259a2c9d'], dtype=object)]"
162,1ql953,"What are those bastardly little tongue sores you get from eating too much salt or sugar, and how do you get rid of them?","[""The condition is called aphthous stomatitis, or commonly, canker sores. They are NOT inflamed tastebuds. Rather, they are small ulcers (areas of inflamed, healing tissue) that are characteristically painful and confined to the mucosa (soft tissue) of the mouth (including surface of the tongue) by definition. There is no cure, but many over-the-counter drugs are sold that can mitigate the pain caused by them.\n\nThis question is by no means explained (moderators, hello?). Rather, the pathogenesis (how it develops) of an aphthous sore is still unknown. I couldn't believe it, but apparently this is an area of relatively active research. [This](_URL_1_) recent review article provides some nice context.\n\n[This question](_URL_0_) has been asked many times before. Doing a quick look-over, answers have been repeatedly unscientific and certainly not in any real laymen-speak.""]","[array(['af5d87f4-5110-4519-893e-c78847c8b211'], dtype=object)]"
163,4gtubr,Why are swearing words related to genitals and/or sexuality?,"[""Swear words come from things we consider taboo or distasteful. In English-speaking society, we have a lot of taboos surrounding sex, even in this day and age. We also put a very high level of importance on hygiene, so words relating to waste and where they come from are also taboo. \n\nCertain words automatically make your brain think of a subject in a more intense way than others. A colloquial term vs a scientific one. This is true for pretty much anything, even if it isn't a swearword -- sweat vs perspiration, for example. When it's a topic that's taboo, that word becomes a swear. When it isn't, it moves back into innocuous territory.""]","[array(['3ae95a9e-425a-4f26-a655-bfb0a547ea32'], dtype=object)]"
164,15epd0,How does a bird know to not sit on its unfertilized eggs?,"[""They don't...They will sit on plastic eggs.  The hen eventually gives up and deserts the nest and will try again...Yeah,the eggs rot if something like a squirrel, or another bird does not eat them before they go bad.\n\n_URL_0_""]","[array(['21113c59-0f0d-4e6d-96f9-b1f08917ae33'], dtype=object)]"
165,5ww96o,"Why does Basic Income Decrease ""Werkgelegenheid"" and is this the same metric as ""Job Opportunities""?","['>  isn\'t employment rate supposed to reflect how many people are voluntarily employed compared to unvoluntarily employed?\n\nIf you consider those who need the money to live but if they didn\'t wouldn\'t work as ""involuntarily employed"" and not part of the employment rate, then your employment pool would be near zero and almost everyone working would be involuntarily employed.\n\nThe employment rate is a measure of how many people who are trying to find work can find work. This isn\'t perfect because maybe if unemployment is high some people stop looking, but it at least weeds out those who could never be employed by available jobs.\n\nIf more people feel they need to work in order to have a comfortable income for their family unit then your labor pool expands. If you make sitting at home more viable for collecting income then your labor pool can be expected to shrink.\n\n >  So, by that account, that means that between 1945 and 1960 employment rates were judged by how many first earners were employed. And now, they seem to be judged by how many first as well as second earners are employed. \n\nWomen aren\'t ""second-earners"", Jesus Christ that is sexist. If you have a woman and a man earning in a family then you just have two earners and perhaps they could get by with one or the other income. Neither needs to be primary and secondary.\n\n >  Wouldn\'t that just mean that the involuntarily unemployed has more, rather than less job opportunities? Wouldn\'t that reduce the pressure on the labor market?\n\nMore people working means the labor market has more to choose from. But it isn\'t like you can just double up on the labor market from both sides, squeezing the supply of labor to raise wages to secure labor and also taxing them to support basic income to nonworkers. Prices will skyrocket and foreign investment will plummet.\n\nWe don\'t even have to do crazy math or speculate about how these tendencies will balance out in the end. There is a basic principle at work: People working creates value. If there are more people in your economy working to create value then there is more value to go around.\n\nWe might argue that one hypothetical economy has everyone employed at low wages and buying products at low prices, vs a second economy where only one person is employed at a ridiculously high wage while everyone else is paid a low wage through taxes, buying products at ridiculously high prices. I would argue that whatever voodoo magic you propose to make the low wage entitlements capable of purchasing the high cost products would never work, but it is difficult to prove that one way or another. What is obvious is that if everyone but the one guy is sitting around not doing work then *shit isn\'t getting done*.']","[array(['58501d9b-f2a3-43b4-8cba-8890e44e6b38'], dtype=object)]"
166,w4mgs,"How does Task Manager's ""Set Priority"" work, does it increase performance significantly, and how/should I use it?","[""Windows is built for multitasking. The 'Set Priority' feature is intended for managing what processes have a higher priority for resources (CPU) than other processes.\n\nApplications set to normal will go 50-50 on the resources with other running applications (when demanding resources).\n\nIt's better practice to close all resource demanding background applications while using another resource demanding application.\n\nIf your CPU is a bottleneck in gaming, setting the game process to 'High' may help. Though if nothing in the background is demanding a lot of resources while playing, you probably won't notice a difference. Do not use 'Realtime' as it could starve out other critical system processes and stop responding to input.\n\n--------------\n\nSince there is apparently a lot of 5 year olds in this thread:\n\nImagine you have a lego set with a limited number of legos. You want to build 3 separate objects but there aren't enough lego pieces for all 3. So you determine that **1** of the objects will get **High** priority over the other ones and get as many lego pieces it needs (as long as it needs less than the total amount of lego pieces). The other **2** lego objects you decide are **Normal** priority and will split the remaining lego pieces half-and-half. \n\nThe **2 Normal** priority lego objects don't get enough lego pieces to be fully functional, but the **1 High** priority lego object does.\n\nNow, if you didn't have enough lego pieces for even the **1 High** priority lego object, it too would be incomplete and not fully functional.\n\n-----------------\n\n* Lego objects = Applications\n* Your priority determination = Windows\n* Lego pieces = CPU resources""]","[array(['3feb6f59-63df-487f-af3f-489072fc11cb'], dtype=object)]"
167,3vral0,the Venezuelan election results,"[""Not the exact answer you're looking for, but might provide context if you'd like it - _URL_0_""]","[array(['1a022843-ecc4-40f8-8cbb-967db0e7e9d5'], dtype=object)]"
168,3ceo9f,How can Pewdipie make $4M a year?,['Most of his money would come from Youtube views and advertising. Having as many views as Pewdipie gets would certainly net you a lot of money from Youtube.'],"[array(['6d08e47a-a386-4846-a74a-824f33722958'], dtype=object)]"
169,3otc7z,"Where exactly is a woman's G-spot located, and how do you find it?","['Straight in, stick to the top, two o clock (yes always) until about the second bend in your fingers, if you\'ve hit your knuckles that\'s way too far. It all generally feels the same to you but it has sort of an interesting texture. So I know perhaps you\'ve always been told to do the ""Come here"" motion but it\'s actually okay to be a little bit rougher than that, nearly all the nerves are located outside and in the clitoris. So use your dominant hand for entry and place the other hand palm down thumb towards you, gently but firmly across the lower pelvis. Use your two fingers with dominant hand to move entire fore arm in a controlled vibration sort of motion. Check with female on pressure and intensity. Use clitoral stimulation at your discretion. Hope that makes sense!']","[array(['6bf90fb5-41e7-455a-81a3-6967b200cf74'], dtype=object)]"
170,2wt5wm,Why do we hear static from radios and TV's when there's nothing being broadcast? Shouldn't we just hear silence?,"['Because there isn\'t nothing there.\n\nEvery spectrum is full of random noise from stars, radioactive decay, all sorts of things like that.  It\'s just terrestrial broadcasts are so much stronger that it overwhelms the random noise.  This is why when you start reaching the edge of the coverage area for the station you\'re listening to, it starts getting more and more static-ey and doesn\'t just go from ""fine"" to ""nothing.""']","[array(['db18f6c5-d456-4d8d-8c25-466ec0aac142'], dtype=object)]"
171,3sx35l,why you can't put metal in the microwave but nothing happens to the metal that it's built from,"[""You can put metal in microwaves, which is a lot come with racks, you just can't put metal with sharp edges/points such as forks and aluminum foil. As for the interior, most microwaves have their interior painted to prevent these issues.""]","[array(['1c9c2452-76bc-4657-847a-d5f4673d1982'], dtype=object)]"
172,1s3m9h,How do street lights know when cars are there?,"[""There's a couple ways that traffic lights know there are cars there.  \n\nThe first (and probably most common) is sensors under the road.  They use coils of wire to detect when something magnetic (like the steel in a car) passes overhead.  You can actually usually see them if you look at the lanes, there will sometimes be a 4ish by 6ish square that's visible from the surface.\n\nOther traffic lights use cameras to actually detect cars with image recognition, but there are still pretty rare and are generally put in to do double-duty as red-light cameras or traffic monitoring.\n\nThere's a few around that use infrared motion detectors (like motion lights or supermarket doors) but I actually haven't seen any in a while, they might be phased out.\n\nAs far as the boxes on top (and this is a guess) it may be part of a system emergency vehicles use.  In some cities, emergency vehicles emit an infrared signal (like a remote control does) straight forward when they have their sirens on which will tell the light to turn that way green and all others red.""]","[array(['0c6bb95b-0f0e-4b31-8732-1a2832976bbc'], dtype=object)]"
173,17akbb,Why do people age?,"[""Nothing is perfect. Even our bodies, the result of billions of years of evolution from the simplest single-celled life forms, begin to fail after awhile. All of the things that make our body run, our stomachs, hearts, brains, kidneys, will eventually stop working. But the main thing that causes people to age is their own DNA. All DNA has little bits on the end of it called telomeres. Every time DNA is copied (this happens every time cells divide) the telomeres get shorter and shorter. The good thing is that telomeres don't have anything important in them, so it's ok. But after the telomeres are gone, the important parts of the DNA start getting lost. This causes many bodily functions to slowly stop working like they are supposed to, and eventually stop working at all.""]","[array(['3a4b5080-9eb1-49bf-993e-7571a0fe7e46'], dtype=object)]"
174,1kl1mu,The size of the universe.,"['There\'s more than one way to measure cosmological distances.\n\nOne way is to use what\'s called the ""lookback distance."" It\'s just the distance measured in units of time. If light from an galaxy has been in transit for a billion years, then you can quite accurately say that galaxy is a billion years away. (This is sometimes phrased as a billion *light years* for sake of clarity.)\n\nThe other way to measure distances is to imagine that you could somehow magically stop time and stretch a very long ruler across the distance you\'re measuring. This is called the *instantaneous proper distance.* It\'s used much less often, because it\'s not a *useful* number to calculate. You *can\'t* stop time or stretch a ruler across those kinds of distances, so the number you get from that kind of calculation is really only a particularly obscure type of trivia.\n\nSo the radius of the observable universe is both about 14 billion years and about 46 billion light-years. Both statements are equally true.\n\nWe know the age of the universe because we can look at the temperature of the sky and see how much it\'s cooled since the end of the Big Bang, and we can look at the rate of metric expansion and see how it relates to pressure.\n\nAnd you\'re thinking of metric expansion quite wrongly. It\'s not that there\'s a wall out there that\'s moving away from us. It\'s that *all distances in the universe* vary with time. Not because things move, but because the *geometry of the universe* is itself a function of time. Right now, it\'s estimated with quite a high degree of precision that all distances in the universe are increasing at about seventy kilometers per second per megaparsec.']","[array(['1c204fd7-1e09-42ba-aa42-ec85bd4ec14a'], dtype=object)]"
175,1wzq91,Why do school hours not match working hours?,"['That means teachers would go home at 7 or 8pm, school buses would have to contend with commuter traffic, and students would be walking home in the dark most of the time.']","[array(['b28918c2-4811-46cc-96bd-17ac76097fd8'], dtype=object)]"
176,11hg3m,Why do dogs go absolutely crazy after getting a bath?,"['I\'ll probably get another NO BLATANT SPECULATION response from the wannabe mod we have lurking here, but here\'s what I\'ve found looking around for you: **Nobody actually 100% knows the scientific reason, but dog experts have been able to put together some good guesses based on what we know about dogs.**  Many of them have actually been listed here, but I\'ll put them all together in one place for you:)\n\nPart one of the theory is that the dog simply feels SO much better once they\'ve been washed.  Not only are they clean, they also had to sit still like a good boy/girl for SO LONG while they got cleaned and now they\'ve been set free again!\n\nThe reason why they often roll around or drag their heads on the ground (my dog does this - we call it the ""lawnmower"") could be two reasons.  One, they\'re wet and they want to get dry.  Shaking removes a huge amount of the water, but not all of it - Especially in their ears.  It probably feels weird and they\'re trying to get it the heck out!  The other reason is that they likely don\'t like smelling like ""not a dog"" (with all the shampoo).  Dogs rely on their sense of smell WAY more than we do.  And all that shampoo is probably very distracting!  Rolling around may likely be them trying to get their smell back to neutral.\n\nAnd of course, if you associate games or fun activities with post-bathtime (my dogs LOVE being dried off with a towel), that likely makes them really excited too!:D\n\nEDIT: Sources: _URL_0_\n_URL_1_\n\nI can find more if these aren\'t good enough for the people posting snark rather than real answers.']","[array(['d8b45eed-9a52-45d4-8fdb-5fbf2d6d90fa'], dtype=object)]"
177,1jhugs,What was the warsaw uprising,"['Warsaw was under Nazi rule. People didn\'t like that, especially the Jews living in the ghetto. People were purposely starved, killed in the streets. The Polish Underground State was formed - a resistance paramilitary which was made of several groups that wanted to liberate Poland (and save Jews). \n\nSome folks with radios learned that the Red Army was coming. And the Reds hate the Nazis. And the Polish Resistance thought ""Hey! If we fight the Nazis from within - and the Reds help out - we\'ll totally fuck the Nazi shit up!"" \n\nThe Resistance started fighting - but the Red Army never came to help them. Those dudes camped outside the city. The Poles fought the Nazis for two months, much of the city was in ashes, and Churchill was all like ""HEY STALIN, COME HELP OUR POLISH ALLIES!"" and Stalin was kinda like, ""I don\'t want to risk my dudes quite yet..""\n\nThat\'s the Warsaw Uprising.']","[array(['c0a9c8aa-c2e8-4e5b-b875-018bf1e0ba92'], dtype=object)]"
178,2citow,How did the Romans express numbers in speech and/or calculation?,"['This is a really good question, you should probably chuck it over onto /r/AskHistorians, they\'d be more likely to have an actual, factual answer.\n\nEDIT: Someone has already asked it over there, the best answer last year came from /u/rosemary85 and goes as follows:\n >  No. The Latin words for numbers are fairly similar to those in modern Romance languages (unus, duo, tres, quattuor, quinque, sex, septem, octo, novem, decem, etc).\nThe Latin for 94 is quattuor et nonaginta, literally ""four and ninety"", or alternatively nonaginta et quattuor.\nThe exceptions are that the Latin for 18 and 19 are duodeviginti and undeviginti, literally ""twenty minus two"" and ""twenty minus one"". But as you can see, this has nothing at all to do with how the numerals were written.\nI should perhaps note that the Romans very often wrote IIII and VIIII rather than IV and IX for ""four"" and ""nine"", XXXX rather than XL for ""forty"", etc. I don\'t have statistics at my fingertips, but I believe the IIII/XXXX forms were actually more common than the IV/XL forms that are preferred nowadays.\n\n[See here for the rest of the comments.](_URL_0_)']","[array(['dbc22cf5-374d-40b2-b2d1-6b55c0b85b85'], dtype=object)]"
179,26uc9v,What's the difference between Genetic Drift and Natural Selection?,"[""Both of these concepts deal with traits within a population changing over time.  With natural selection, one trait is more advantageous, so organisms with that trait survive and reproduce more effectively, resulting in more organisms with that trait.  Genetic drift is when a trait becomes more common within a population due to luck.  \n\nFor example, pretend we have a group of humans and some of them possess a genetic code that gives them green hair.  If green hair is considered attractive, then those with the trait will be able to mate more and have more children.  This is a benefit resulting from the trait being preferred.  This means that nature selects positively for this trait and it is supported by natural selection.  \n\nOn the other hand, let's again pretend that there's a trait for green hair but nobody finds it particularly attractive or unattractive.  Logically, there's no reason why it should become particularly popular or unpopular.  However, one day, a bunch of brown-haired people gather for a meeting in a building that catches on fire and they all die, while the green-haired people outside are unharmed.  This event makes green hair more prominent within the population but it wasn't a direct result of any properties related to green hair.  Since this was green hair becoming more common as a result of random events, this would be considered an example of genetic drift.\n\nTL;DR: Natural selection means the trait itself is beneficial, making it more popular.  Genetic drift is when a trait just happens to become more popular, even though there's nothing advantageous about the trait.""]","[array(['c33415d5-d795-48a2-8272-4b1e30fd1447'], dtype=object)]"
180,1howcd,Why do professional athletes have a significantly lower pulse than the average person ?,"[""Because they have increased stroke volume. Their hearts are strengthened so that they are able to move more blood with each pump, so their hearts don't need to pump as many times.""]","[array(['8fe0ea60-8ec9-430f-b9a0-d11a9175bffe'], dtype=object)]"
181,36j482,Pirate Bay Megathread,"['Pirate Bay\'s existence is NOT the result of a want for piracy. This is the misconception that has the industry execs spending HUGE amounts of time and money trying to control the symptom of a much larger issue.\n\n   People, like water, follow the path of least resistance. If the resistance becomes too much, we make a new path. Napster, Limewire, Bearshare, were all birthed as an affront to the system that made you spend $22.99 on a CD that had two songs on it you wanted to hear. Want to hear good indie bands? Tough shit. You get to chug the corporate swill and be happy to pay for it. Filesharing allowed people to get select songs from select albums quickly and conveniently. No more slogging through Best Buy.\n\n   ""But Lobsterbib, surely the attraction to pirated music was driven by how free it was?"" Nope. iTunes is proof that cost of music isn\'t the deciding factor in piracy. Convenience is king. People will pay for anything so long as they can get it instantly. Ticketmaster thrives on this fact alone. We\'d pay the Devil himself if it meant we could get Emma Watson delivered.\n\n   If the industry could spend the same effort on combining their IPs into a singular venue that peeps could pay for and receive instantly, Piratebay would see its traffic PLUMMET. Wanna see crime drop? Legalize and regulate drugs. Want to see piracy drop? Make it easier to get content for fuck sake.\n\n   The other night I wanted to show my GF The Neverending Story. Turns out, no one is streaming it. All the video stores have closed so I\'d have to drive all the way to Wal-Hitler to buy a $9.99 DVD in 4:3 ratio. Great way to spend an evening, amirite? I would PAY to see the movie if it were there! Get off your asses and let me give you my money!\n\n  So, until the elephant in the room is addressed, don\'t be surprised that it\'s pirating every episode of 30 Rock while you try to smash its wireless router.']","[array(['03964013-e4c6-4bf2-bc30-6c0cf35b192b'], dtype=object)]"
182,460pvq,"How, with the proliferation of free porn websites like youporn, does any porn production make money?","['You like pink crayons a lot. There is this place where you can get free pink crayons, but you have to deal with ads and possibly malware. Also the pink crayons are low quality and the place may not have the specific type or model of pink crayon you are looking for. Now there is this other place where if you pay a bit you get the newest, best pink crayons that you choose as soon as they come out without ever dealing with ads or any other hassle. To some its worth paying for, for others the free place works.']","[array(['a738cf87-4caa-4164-b7d2-beab58dde1b6'], dtype=object)]"
183,20evkj,How do landlords make money,['so essentially making money from letting requires a large amount of time and/or starting capital?'],"[array(['ec0b8ae9-cf00-4c1b-8c45-d25fa8c7076c'], dtype=object)]"
184,tndup,Why do DVDs in widescreen format play with black bars on top and bottom on my widescreen TV,"['Just because it\'s ""widescreen"" doesn\'t mean that it\'s the same exact aspect ratio as your TV. A movie with black bars on the top and bottom was filmed in an aspect ration that\'s even wider than your widescreen TV.\n\n\nLook [here](_URL_1_).  Most widescreen TV\'s are 16:9 (the third from the bottom on that page), and many movies are filmed in 2.39:1 (the one on the very bottom).  Clearly, you cannot shrink the bottom one to fit on a 16:9 screen without having bars at the top and bottom with no picture.  Well, you can if you can tolerate a distorted, squished picture.  Another option is to use [Pan and Scan](_URL_0_), which gets rid of the black bars at the expense of cutting off the sides of the picture.']","[array(['55234316-4329-4939-bb48-5d840eecad2f'], dtype=object)]"
185,7yy4pa,How do spammers spoof a cell phone number to make scam calls?,"['When you make an outbound call, the calling system gives the phone system the caller ID information. The reason this can be (legitimately) different from the actual call is for example a business that has both direct lines to each extension and a main line. An employee calling out would show up with the main line as their caller ID so that if the person calls back they get the main number (this way you’re not giving out the direct number unless you needed to). \n\nThe spammers take advantage of this system to spoof a number in the caller ID. \n\nThe phone company could counter this by comparing the caller ID info with a number you legitimately own, but they get a lot of money for all these spam calls and they’re not incentivized enough to change how they do things.']","[array(['cc4ed988-0498-4be0-bb89-4196177b582f'], dtype=object)]"
186,5xokvr,How have wolves impacted Yellowstone?,"['This is just one example. \n\nMore grazing animals means less vegetation for other animals to use as a home or shelter from prey.\n\nThey also took vegetation away from the river banks causing more erosion. (The roots held the soil in place)\n\nThe reintroduction of wolves stopped that and kept the grazing animal population in check, allowing the vegetation to grow back.']","[array(['d4c38b5a-3816-4fef-8afa-cd100c6ec80a'], dtype=object)]"
187,xr9iz,How do we move our body?,"['Planning and decision making for motor movement happens in the [premotor cortex](_URL_0_).  To see where it is, find a spot on the top of your head that\'s about three inches back from your hairline.  This is the section in your brain that makes the decisions about lifting limbs and looking at the ceiling.  It takes in information from many parts of the brain including the senses, the emotional centers, and long term planning structures before making a decision.  When it decides, it sends a command to the [Motor Cortex](_URL_1_) which is just a bit closer to the back of the head.  The Motor Cortex is a doer.  It takes the big decision made by the Pre-Motor Cortex and figures out how to implement it.  ""Move your leg!"" says the PMC, and the MC calculates what muscles in what order need to be fired.  If it\'s a movement that\'s been done to the point of being automatic (like walking or tying shoelaces) then the MC relies some on the Cerebellum to coordinate, as the Cerebellum stores all those highly practiced movements.']","[array(['391f34d9-79d2-4ba0-bcef-76c0fbce0459'], dtype=object)]"
188,1x0nfz,What is the difference between a CEO and the President of a company?,"['""President"" is a term that is often based on the law of the place where the company is created.  For example in the United States, most states require that a corporation have a person with the title President.  That title carries with it some legal obligations that tie the individual to the actions of the company.\n\nMost jurisdictions don\'t define or require anyone to hold the title ""Chief Executive Officer"".  \n\nDepending on the size of the entity, the President and the CEO may be the same person.  Large entities may be comprised of several smaller companies, each with a legally required ""President"", who may report to the CEO at the top of the organizational structure.\n\nSome companies may separate the two titles for internal organizational reasons, for historical reasons, or because someone thinks it\'s clever.\n\nIt is rare for a company to have a CEO who reports to a President.  CEO has become the de facto title for ""the highest level of the executive ladder"", but that\'s arbitrary and fashion could change.']","[array(['6392cff8-1c58-46c5-8b00-8b2aa8280399'], dtype=object)]"
189,3783a1,Why does smoking cause some people to lose limbs/develop cancer while there are lifelong smokers who never have these problems?,"[""The short answer is that at the chemical level biology is very complicated.  We tend to think of all sickness and injury the same way we think of, say, a bullet wound---a single, distinct harm that directly interferes with how something in the body works in a simple way. \n\nBut that's not how all harms work. Nicotine and other carcinogens can cause damage in many ways and at many levels. They can harm cells, different parts of DNA, and different things in different parts of the body. And these harms might not happen every time, or from every puff, depending on random chance. \n\nAnd even when they do cause harm, it might not be enough.  Maybe person A has a stronger immune system then person B. Or maybe person B happens to be genetically more vulnerable to cancer than person A. Or maybe person A ends up getting cancer in a cell that happens to get killed the next day by a bacteria, while person B gets it in a cell that survives long enough to grow. \n\nThere are so many variables between exposure to the toxic substance and the expression of some linked disease that even when the negative health effects are clear---as with smoking---it is almost never going to be the case that everyone will get the same injuries, or even any injury at all.""]","[array(['204c1250-1ff8-4109-85ee-2948b8047fe8'], dtype=object)]"
190,38vqhs,"Why is it, that when I get really tired, everything is so much funnier?","[""The phenomenon of being more easily amused falls under Emotional Lability which means emotional changeability or instability. You're probably more likely to cry too. In extreme cases, this is a medical condition, see _URL_0_ but in regular life, it's just that the parts of your brain which keep you on an even keel aren't working quite so well.""]","[array(['7fa5687a-ec1d-42a9-999d-12c10baf138d'], dtype=object)]"
191,2r9rpr,Why you need to be grounded to get an electric shock?,"[""Electric currents aren't like Austin from middle school, they don't come out, wander around, bug people, and then go back home. \n\nElectricity flows from negatively charged objects, to positively charged objects, until the system is neutral. That's all there is to it. If electricity flows from one location, that means that location has a negative charge, and the electricity *doesn't want to go back*. It wants to find the most positively charged location, and make it balanced. \n\nIf the most positively charged location available is the ground, then it will happily go through you to the ground. If it is an anode, then it will do that too (which is why it's dangerous to work on electronics with two hands).""]","[array(['1e7fec68-c96b-45db-9053-e47e712461ee'], dtype=object)]"
192,67xqzm,How do people get infected with plaque?,"[""Plaque isn't just one bactera it is what is known as a biofilm. Layers and layers of diferent bactera and their extracellular matrixs. Pretty much any bactera can eventually form biofilms. Everyone has bactera on and in their bodies called their natural flora. Your natural flora bactera grow into the plaque on your teeth.""]","[array(['e628e597-0490-4848-9948-5ae875cfce92'], dtype=object)]"
193,7lgolq,Why is it that a hard drive disc can have a capacity of 5TB+ but DVDs can only have a maximum of 9GB?,"[""In addition to what's already been said about the actual technological differences, one major difference is working conditions.\n\nHard Disks are produced and sealed in clean factories to ensure there is no contamination. They are encased in thick unbend-able metal. From the day you start using it, you can't bend it, get it dirty, scratch it, or really abuse it in any way. The parts inside that rigid case are precisely machined to fit together and be aligned perfectly, and because you can't stick your fingers in there, they stay that way. Precision engineering.\n\nMeanwhile DVDs and other similar disks are made from cheap soft easily scratched, easily bent plastic. In use they get coated with your filthy greasy fingerprints. They'll get scratched when you handle them, when your kids put them in the player they'll get jam and cat hair over them. You bend and distort them each time you remove them from the case, and you can put them in a huge variety of players of varying quality.\n\nSo while the hard disk can afford to store one bit of data in an incredibly tiny spot on the disk because it knows it will have the precision to address it exactly, safe from damage, dirt, and distortion, the DVD has to keep its bits of data in larger lumps so it can still be seen through your filthy fingerprints and coffee stains on your bent and scratched disk. It also keeps some parts of the disk to store checksum information (a bit like backups) to make up for those bits it still can't read.""]","[array(['87e95905-f7fe-40cd-bc4e-61900bcd1ee9'], dtype=object)]"
194,50cjak,How much racism/discrimination do Europeans who live in India or Africa face?,"[""Maybe it's not racism or discrimination in the traditional sense, but I've heard anecdotally that whites in Sub-Saharan Africa are more likely to be targeted by robbers because they stand out it's presumed that they have money.""]","[array(['690e1e36-2cb2-4832-bb32-cff0c3ca022a'], dtype=object)]"
195,3o6lfy,Why does a company like Boeing need to make a commercial? It's not like anyone watching is going to buy one.,"[""Companies that have to choose between Airbus or Boeing still consist of people (who can be manipulated through commercials), and they can sadly often do so with bias even though they're supposed to run the numbers and make an informed decision.""]","[array(['e58bedae-2c71-49b2-bd2e-6ff3d6de110f'], dtype=object)]"
196,1lz78h,How do American football have bruised lungs without also having broken ribs? Isn't that the point of ribs?,"[""This is actually one of the major issues with American football.  The padding protects from the blunt hit and spreads out the impact so you aren't taking a lot of force to a particular place on your body, but your body is still being shoved really hard as a whole.  This means the force is spread out and absorbed a bit so your skeleton isn't taking such a direct impact, but since a body at rest tends to stay at rest, when you get hit, your organs like to stay where they are as your skeleton is forced to move and they bang around inside their cage.""]","[array(['609e02e4-adce-42e8-9e30-96d07c38c0f5'], dtype=object)]"
197,30uvdy,What are dentists actually doing when they scrape at your teeth with those metal picks?,['I think my dentist was counting money while my hygienist was scraping my teeth.'],"[array(['9d18f81e-ef1f-49df-8649-101367bdcf03'], dtype=object)]"
198,lpywz,When did we stop having to type in 'www.'?  Why did we have to to begin with?,"[""It's because servers where traditionally named according to the services they provide. So a world wide web server had www., a file transfer protocol server had ftp., et caetera. We stopped having to type it because nowadays, the www._URL_0_ and _URL_0_ URLs both refer to the same server (URL is like a set of coordinates on a map that is given to your web browser to go and find the web site). Some sites don't, and so typing either form might yield different results.\n\nMost browsers also add the www. in automatically, to stop any problems that might occur.""]","[array(['9dafc444-841c-4e4a-8c9f-a7d7c2f0c04d'], dtype=object)]"
199,64o7nd,What is the difference between real and imaginary numbers?,"['""Imaginary"" is a bad word for them because they definitely exist, they\'re just part of the complex plane.\n\nImagine the number line, which contains all ""real"" numbers going off left and right into infinity.  Left is negative, right is positive.  Take a step to the right and you\'re at 1, a step to the left and you\'re at -1.  Now imagine you take a step *forward* instead of left or right.  Or you take a step backwards.  You\'re going *somewhere*, you\'re going to a number - a number that definitely ""exists"" but it\'s not on this line that contains all ""real"" numbers.  So when you take one step forward, it\'s not in the 1 direction, it\'s in the i direction.  A step backwards is in the -i direction.  Two steps is 2i, then 3i, etc.  You have another number line that stretches forward and backward to infinity, which is the ""imaginary"" number line.  When you put them together, you get the complex plane: that is, if you take three steps to the right and four steps forward, your position can\'t be described just by the real or imaginary number line, it\'s at 3+4i.\n\nYou can do this again with the ""up/down"" direction and create another number line that isn\'t real *or* imaginary numbers, that goes into three dimensions.  Those are *quaternions* - units of numbers that are further into complex dimentions.  The new line is marked with j, then k...and you can just keep going into more and more dimensions.\n\n[Relevant Numberphile](_URL_0_)\n\nEDIT: A word, and I\'m bad at math.']","[array(['193e5e8f-eea4-4926-a291-5c316f81dec9'], dtype=object)]"
200,1k97ik,Running sprinklers at night time,"['_URL_0_  (4 am - 9am)\n\nRead #3, in Texas the water loss to evaporation is rediculous']","[array(['e56abbc5-5b18-4e32-bf0b-ac6769b2436e'], dtype=object)]"
201,1ocec9,How odds work if everything is random?,"['Odds basically tell you that if the exact same situation were to occur an infinite number of times, what portion of those times would lead to that specific result.\n\ne.g. If you have the Ace of Hearts, King of Hearts, Queen of Hearts and Jack of Hearts in your hand and 48 shuffled cards in front of you, there is a 1 in 48 chance you will end up with a 10 of hearts for a Royal Flush. There is no way of guessing which card will come up next, but if you shuffled that deck drew a card (made note of which card it was, replaced it and repeat) millions of times, you would get the Royal Flush 1/48 of the time.\n\nA pro would make that bet if it pays better than 48 times their money. They will only win 1/48 of the time, but if they get the chance to make that bet many many times in their lives, the rare win will make up for the cost of the losses.']","[array(['bfc7b025-7988-4aa5-a9d1-0328349fa973'], dtype=object)]"
202,3oj00h,How do Jeopardy contestant's study?,"['Okay, so no Ken Jennings. How about Arthur Chu?\n\nFrom [this](_URL_0_) article:\n\n >  Literally the first thing I did when I got the call was to ask myself, “Do I feel ready?” And the answer is, “Hell no, I don’t feel ready.” Thankfully, we live in the electronic age. So without having to use too much ingenuity or creativity, I just typed “Jeopardy! strategy” and “Jeopardy! studying” into Google, and lo and behold…\n\n >  Jeopardy! has been around for 30 years. All of the advice about how to study for Jeopardy! and how to play Jeopardy! has already been written. There’s a community online, called the J-board, of past Jeopardy! contestants and fans who just talk about this all the time. So I absorbed a lot of strategies from the greats. One of them was Roger Craig, who won a couple years ago and who broke the one-day total winnings record. He’s brilliant. He is a computer scientist, and he actually combed through an archive of past Jeopardy! games using an algorithm that scrapes all the clues out and figured out what the most common categories were, what the most common high-value categories were. Then he compared it to his own performance using flashcards to tell him where his most important weak spots were. \n\n >  Jeopardy! feels like it can be anything, but most of the really random clues come in the first round. The higher-value clues in Double Jeopardy are much more limited. They’re much more about traditional academic knowledge, things that a gentleman and a scholar is supposed to know, like history, geography, literature. And Final Jeopardy is often really focused on Americana. They love state capitals, state nicknames, U.S. presidential facts. \n\n >  You can’t possibly learn everything you need to know to get a perfect score, but to greatly increase your chance of winning, there are a few finite sets of knowledge that you actually can memorize. You can memorize what all the state capitals and all the world capitals are. You can find a list of all the official state nicknames and memorize those. And once you’ve done that, because those things come up over and over again, you’ve given yourself a big advantage. \n\n >  There’s a program that Roger Craig recommended, that I ended up using as well, called Anki. It’s a free program, and it uses what they call space repetition, which is an algorithm that keeps track of how well you do on flashcards and focuses on giving you the flashcards that give you the most trouble at regular intervals. So you boost your knowledge where you need help the most. I’m not a computer scientist, so unlike Roger Craig, I didn’t have a super scientific way of judging what I needed to know. I just looked at his comments. “Oh, you need to know about Nobel Prize-winning literature writers. You need to know about U.S. presidential facts.” And then I just put together a little study guide and committed to it. I started doing that every night instead of going out with friends or acknowledging my wife.']","[array(['1f7f7a90-47b8-47e4-8513-9d11f8be327b'], dtype=object)]"
203,1m3lq8,how can i press my stomach out?,"['The mechanism for inhaling is using your diaphragm to basically pull down, creating negative pressure in your lungs. When you inhale deeply to cause your abdomen to protrude, you relax your abdominal muscles and your diaphragm pushes down slightly on your abdominal organs, mostly your intestines, causing your abdomen to stick out.\nEdit: accuracy']","[array(['afb27c68-7dd0-4af0-b70b-bcfec06e59e5'], dtype=object)]"
204,xwl9r,How do phones and iPods and such know when they are turned sideways?,"[""_URL_0_ \nIt's called an accelerometer. This guy breaks it dowwn.""]","[array(['6a8ddaee-6927-4a18-9797-37bde51cb98d'], dtype=object)]"
205,34o46i,"What would be the simplest way to ""unplug"" the internet, causing total shut down by means of disabling hardware?","['Like, in your house? Or the whole thing?\n\nIn your house, just unplug the cable between the router and the modem. \n\nThe Internet as a whole is so resilient (it was intended to survive nuclear strikes) that it would be extraordinarily difficult. Global thermonuclear war might do it.']","[array(['61913e7d-ebe2-4d29-80f7-d8e253993cc9'], dtype=object)]"
206,xailg,The whole Wiki leaks and assange debacle.,"['Assange made a website that exposed private and sensitive information about important people and events, in particular the government, and they got angry.']","[array(['c5f2e4ad-ddba-419e-a988-955a52413197'], dtype=object)]"
207,2jbcql,What is homeopathy?,"[""It's basically a magic potion with nothing in it.  The idea is that you take a bit of something that causes the symptoms you want (say, some caffeine to make a sleeping pill, because caffeine causes you to stay awake), add it to water, do a magical ritual involving shaking the thing in certain directions a specific number of times.  Then you take a tiny bit of the solution you've made, and put that into another container of water, and repeat the ritual.  Now you have a tenth or a hundredth the caffeine you had the last time around.  Do this a bunch of times until the solution has diluted all the stuff out of it completely, and you have nothing but shaken water remaining.  Now you have a homeopathic medication.\n\nThe reason that people make fun of it is that it's so utterly absurd.  A lot of people seem to be under the mistaken impression that it's some form of herbal medicine or something.  It isn't.  It's a form of ritual magic that in the end gives you a potion consisting of no medicinal ingredients whatsoever.""]","[array(['d79150bd-61c1-4538-bcdb-6a4b215e7d90'], dtype=object)]"
208,2c3ayl,"How my wife and kids would go about inheriting things that are only in my name like bank accounts, house, ect..","['By default, after you die, everything will go to your legal next of kin.  That person (or persons) is defined in this order, and if you don\'t have a living member of each group, it passes to the next one down:\n\nSpouse\nChildren\nParents\nSiblings\n\nI believe that next comes grandkids, then grandparents, but don\'t quote me on that.\n\nSo if you don\'t have a spouse, but you have 3 kids and 2 parents living, your property would be split between your kids by default.  And they\'d inherit debts and things as well.\n\nA will exists to change these defaults.  Say you have a spouse, but you still want to make sure that certain things go to your kids, your will would enumerate ""Hey, my kids get this, this and this, and my spouse gets whatever I didn\'t list.""']","[array(['f44549d5-9d31-4878-8564-8141bba8175c'], dtype=object)]"
209,2brqk0,What is my all carbs/protein diet doing for me?,"[""Weight gain is dependent on calories in and calories burned. It doesn't matter where you're getting those calories from, if you burn them all through activity and lifestyle, then you're not going to put on weight. Olympic Swimmer Michael Phelps ate somewhere around 2000 Calories for breakfast (remember watching a documentary - his breakfast had eggs, bacon, sausages, waffles with syrup, etc).\n\nMy only concern about your diet would be that your lack of fruits and vegetables could mean you're risking various vitamin deficiencies such as Vitamin C, A, B12, K, etc. Not to mention you might not be getting that much fibre and depending on what exactly it is you eat, your cholesterol level could suffer.""]","[array(['c8a39870-bb40-42d4-9bcf-dcff5471363b'], dtype=object)]"
210,3pu3uy,What ultimately stops you from jumping higher on a trampoline?,"[""Diminishing returns.\n\nThe first time you jump on a trampoline, the only real force pushing you upward is coming from your legs.\n\nOn the next bounce, the trampoline converts a bunch of your downward momentum into upward momentum and helps push you back up into the air. If you push off again with your legs as that's happening, you will go even higher than you did the first time.\n\nThat means on the next bounce, you have even more downward momentum that the trampoline will convert into upward momentum for you (because you're falling from a higher distance and picking up more speed on the way down).\n\nThis works the first few times, but eventually you hit a point where you're already being pushed up into the air so quickly each time, your legs can't really do anything significant to help.""]","[array(['23493c9b-d5c1-48f7-88d9-158cd2e52caf'], dtype=object)]"
211,6qc4hs,Are calories just calories? Is it the same if you get a calorie from a fizzy drink or a piece of fruit or a slice of potato or a bit of cheese?,"[""Yes, a calorie is a calorie, source is largely irrelevant, but that doesn't necessarily mean your body will react the same way. The input isn't different, but the output can be. \n\nA simplistic analogy might be to consider getting punched with a certain measure of force (say 5 newtons). If you got punched like this in a boxing match, or in a tense situation on the street, it might neither surprise you much, nor would it hurt. If however, your mother or significant other hit you with the same level of force, you might end up massively more shocked, noticing it far more etc. In the same way whilst the force (calories) of an input will always be the same, the way your body reacts to the input will vary depending on its local environment - is it currently undergoing severe starvation, do you have a metabolic disease, are you middle aged etc. The local environment your body finds itself in can influence how it reacts to a calorie. This can be influenced by, amongst other things, the food you eat. So calories from fizzy drinks, whilst theoretically the same as other calories, might be treated differently by the body than a calorie from a piece of fruit, because of knock on effects from consuming a fizzy drink. The calories themselves aren't different but the method of administration can alter the reaction your body has to it. There are probably additional effects (albeit not particularly large) depending on things such as whether you have just exercised, how easily digestible the food is, current energy/glucose levels etc, or even your own personal biological quirks that influence how your body operates. Most of this stuff is relatively small scale though, and not worth worrying about at an individual level.\n\n_URL_0_""]","[array(['48e01b8c-f2d6-47dd-a639-4ac0fd768d8b'], dtype=object)]"
212,50j4ti,What can I do as a single individual to get Gary Johnson in the debates?,"[""You could phone bank, donate to his campaign, that sort of thing.\n\nThe question you should be asking yourself is why you want Gary Johnson in the debates. His economic policies are frankly terrible. He thinks that socialized medicine is a bad thing, when it's been proven to be the superior system in every measure except 5 year cancer survival rate. He's courted anti-vaxxers, a movement I would like to point out quite literally kills children.\n\nSure, it would be nice to have alternate voices on the campaign trail. But I would prefer to have sane ones rather than crazy ones.""]","[array(['63395e19-4adb-49f1-9656-f66649bf693d'], dtype=object)]"
213,nbzoj,(or 18): Indefinite Detention Act,"[""The portion everyone's worried about basically states that if someone is accused or suspected of being a terrorist the US government can detain (lock up) them indefinitely regardless of whether or not they are an American citizen. This is a big deal because, in addition to reminding everyone of the Red Scare in the 50s, it is a direct violation of the bill of rights, specifically the fourth amendment. \n\n > Fourth Amendment – Protection from unreasonable search and seizure.\nThe right of the people to be secure in their persons, houses, papers, and effects, against unreasonable searches and seizures, shall not be violated, and no Warrants shall issue, but upon probable cause, supported by Oath or affirmation, and particularly describing the place to be searched, and the persons or things to be seized. --Wikipedia\n\nBasically without a warrant, they cannot arrest you unless they see you committing the crime. This would remove that protection without modifying the constitution. In any sane environment it would immediately be thrown out by the Supreme Court as a violation of the constitution, but that its gotten this far to being passed is extremely worrying in and of itself.\n\nTL;DR: If the government doesn't like what you are saying/doing (OWS) they can 'suspect' you of terrorism, or of planning terrorism, or having vague ties to terrorism, and detain you indefinitely behind bars.\n\nOr at least that's my understanding.\n\nEdit: Personally the distinction in the past few years that the constitution only protects American citizens and that for anyone else we can even ignore the Geneva convention if we feel like it is just as, if not more worrisome. Who the hell thinks like that. I don't care if he's British he's still human.""]","[array(['c677b434-4bfa-4962-af09-df923e9f64c9'], dtype=object)]"
214,42c3op,"Why do computer telephone response systems always ask me to type a bunch of info, then transfer me to a human who asks for the exact same info?","[""I used to work for costumer service and we do this to make it an unpleasant experience for the costumer so that they never call again.\nIt's the same concept as those In-mail rebates that tend to be annoying to complete.\nThat's why I ended up quitting. I didn't like the whole idea of treating the customers bad.""]","[array(['78fc0e99-e262-4e19-8b4d-93af56887f8f'], dtype=object)]"
215,4jzzot,"Why is it that lakes/ponds around the world have fairly similar fish, instead of them each having their own unique species of fish like land ecosystems do for animals?","[""The water in the lake came from somewhere.  Most lakes are fed by rivers and streams, or were originally parts of a river network as is the case with [oxbow lakes.](_URL_0_)\n\nA lake that was completely isolated from any other sources of water would eventually see evolutionary divergence if it had unique stressors, but there aren't many, if any, lakes like that, at least aboveground.\n\nAlso a lot of lake and river fisheries are stocked by humans.  Like, you'll find largemouth bass in a lot of fisheries around the world, it's especially popular in Japan, but largemouth bass are only native to North America.  They were artificially introduced to fisheries elsewhere.""]","[array(['2663e337-b638-4c20-8bb2-3126bae92b43'], dtype=object)]"
216,4opi3t,How bars or clubs charge huge crowds of people randomly ordering drinks.,"[""people either start a tab or they pay up front. it's part of a bartender's job to make sure they get paid for their goods/services. i'm sure some bars and bartenders will allow regulars to get away without paying upfront in certain scenarios, but that really depends on the business and employees.""]","[array(['db785d57-ef98-4140-a20f-0394f78a22e5'], dtype=object)]"
217,3uu7r2,What is Operator Overloading,"[""In programming operator overloading is when you take a simple mathematical or logical operator like + or ! and define what that means. It's generally only applied to user-defined types/classes/objects, as the definition of these operators tends to be predefined for numbers etc.\n\nImagine you have an object X, only you the programmer can define what it means to add two X objects together. X might represent a list of objects in which case the result would be an X representing the concatenation of both lists. X might represent a mathematical vector, so the result would be an X representing a vector that's the result of adding the two argument vectors together. \n\nThe best example for this is C++'s [std::string](_URL_1_) which has an operator+ that takes two strings and returns the string representing the concatenation of the two arguments. \n\nSome languages (again using C++ as an example) have conversion operators as well, such as [operator bool on std::shared_ptr](_URL_0_) which defines how to convert a shared_ptr to a boolean for use with (for example) `if(!myptr){}` or `if(myptr){}` expressions, but otherwise works in a similar way.\n\nDifferent operators take different numbers of arguments, e.g. ! is a unary operator, takes 1 argument, + / - * are all binary operators and take two, and so on.\n\nEdit: ! is a unary operator not a binary. I knew what I meant ;-)""]","[array(['170b1dff-2722-4560-81b8-8068fb696f5f'], dtype=object)]"
218,6hxm67,What is vanity sizing in clothing?,"[""In fashion, womens' fashions in particular, people want to believe they are thinner than they actually are, and if you get north of a size 6, which is still quit thin, you are often looked down upon for being too fat.  Some designers don't even make their clothes in the higher sizes.\n\nTo make consumers feel better and buy more, some brands cheat a little bit on the size, so what is labelled as a size 6 is closer to a size 8.  Other brands, to maintain more exclusivity and to ensure only the thinnest people wear their clothes, cheat the other direction, so a size 6 is more of a size 4.\n\n >  How do I properly size clothes online that aren't in vanity sizing?\n\n* measure yourself and go by inches rather than size\n* check the return policy...a retailer with more friendly online return policy is going to be more confident in their sizing\n* be honest with yourself...vanity sizing works because people want to insist they are a smaller size than the actually are\n* shop brands with a strong online presence, and be extra careful going through a reseller or a department store that is just carrying the brand\n* read reviews...sizing is one of the first topics people will mention""]","[array(['d0747f36-61f9-4b21-8792-8d1b5a60e831'], dtype=object)]"
219,1r7qm7,Why group mentality is so powerful,"[""Human nature to belong and conform to social groups, empathy, and natural fear of exclusion.\n\nIt's kind of instinctual, that's why the weak minded are susceptible to group mentality. Case in point: Reddit.""]","[array(['0f7dbda3-1157-4276-aa10-cca9ea3ccf11'], dtype=object)]"
220,3drimk,Why can't horses get rid of flies on their eyes?,"[""They blink, the fly flies off, goes about two feet, pulls a u-turn and goes back to the eye.   \nThey can get rid of them, but they can't keep them away.    \n  \nReally, the ancestor to the domestic horse wouldn't have had this problem because they didn't live in stables.    \nIt's the domestic horse's enclosure that attracts the flies, gives them a breeding ground, and traps the horse so it can't get away.  \n   \nIt wouldn't be a problem if they didn't live in the environment we put them in.""]","[array(['a25bccd5-63e7-41c2-b27e-1d315638a0c9'], dtype=object)]"
221,3x24zh,"If each pixel is merely a combination of a red, blue, or green light, why don't colorblind people who can, for example, not see red or green colors, only see blue on computer monitors?","[""It's not that colour-blind people can't see red or green.  They can see them both fine; they just can't tell them apart.""]","[array(['1c60af77-04db-4dbe-930e-32018ebab049'], dtype=object)]"
222,1yvn6n,What is happening after a workout in our body?,"['As I understand it\nIn a workout with decent intensity(a lot of weight being moved/force being generated) your body releases testosterone and a pulse of growth hormone. After about an hour this pulse gives way to stress hormones like cortisol. During this time you deplete nutrients from the muscles, stress your bones, and usually slightly damage the muscle fibers. All these stimuli lead to your body adapting those systems to tolerate the strain you put on them. So in the days following the workout, your bones would get denser, muscles would be replenished(for most people, about 48-60 hours after a session is a period of supercompensation in terms of stored muscle energy, the optimal time to lift again) and if you are eating in caloric excess OR you are a beginner, the muscles would grow slightly. I say caloric excess or beginner because at those times your body adapts very quickly to stresses. You will be incredibly sore, but as a novice you might be able to add 30 pounds to your maximum squat in 3 sessions. When just starting out, your body is panicking trying to adjust, so it pulls energy from your fat stores to supply the important tissues, the muscles    Also soreness/physical pain is not a sign of an effective workout.']","[array(['21e6792a-5aee-4f09-b1f1-f269b33cc164'], dtype=object)]"
223,7iyd1n,What is it like playing intense sport (or exercise) in freezing weather?,"['Down to -5 no major differences, except you can loose heat rapidly if you stop moving, layering your clothing is important to manage your heat/sweat.\n\n-5 to -20 your get an iron taste in your throat/mouth when breathing heavily, otherwise same as above.\n\nBelow -20 breathing becomes painful, your nose can freeze, your sweat freezes before evaporating. Layering changes from important to critical as these are the templates where sweating can lead to death.']","[array(['cd301520-d454-42d1-9f87-5dfb3b1d7397'], dtype=object)]"
224,3x3mlz,what ever happened to Dane Cook?,"[""Credit to /u/noposters for this answer: What people don't realize about Dane Cook is that he was on a mega run before Harmful if Swallowed blew up. Even before his comedy central half hour, he was the highest paid comedian touring colleges at that time (not the highest paid in general, but he swooped in when Sandler stopped doing colleges and took those gigs at Sandler's rate). Once his albums blew up, he played MSG, etc. he tried to make the transition into film. His films flopped, and simultaneously both his parents died and it was discovered that his brother/business manager had stolen 50million dollars from him (never recovered). With all those things coming together, he took a bunch of time off. When he came back, tastes had changed and he no longer had the traction he'd had years earlier. He tried to make some comeback appearances but wound up generating controversy by trashing the audience at one of his shows at the Laugh Factory (TJ Miller and others brutalized him on twitter for his behavior). Since then he's appeared here and there in LA and done some voiceover work, but for the most part he keeps a low profile. He's also alienated a lot of people in the NY comedy community for playing up his relationship with Patrice O'Neal in interviews when the two were, in fact, not close""]","[array(['676ac3fd-7ce4-4eac-8f8c-03646adf411e'], dtype=object)]"
225,3yrw53,"The Hateful Eight in 70mm, is there no way to replicate so every theatre gets that ""visual effect""?","['Gonna get a little technical:   \n  \nThe movie has a digital equivalence of around 8192x2968 (assuming a 4K equivalence for regular 4-perf 35mm). I don\'t know of any theater that has a projector above 4K, many are even at 2K (2048x1080, almost the same as regular 1920x1080, as most movies are 2K).  \n  \nSo, seeing it in a theater with 4K projection is the next best thing (at basically 50% the ""resolution"").  \n  \nMovies like Interstellar, The Dark Knight, Star Wars Ep VII (only one scene though), etc. are even bigger because they are 70mm IMAX, which is around 11800x8192. I saw both Interstellar and Star Wars Ep VII in this format and it what great, Interstellar took the cake though in terms of how amazing it was visually/immersively.']","[array(['f8cddcc3-d273-4014-8e00-da53c8cf0270'], dtype=object)]"
226,1jv6t7,Calvinism,"[""John Calvin was a theologian who was part of the reformation. His theology became known as Calvinism. \n\nBasically Calvinism is boiled down to the TULIP beliefs. \n\n* T - Total Depravity - All parts of man are affected by sin\n* U - Unconditional Election - We are saved by Christ without any conditions. We do not earn it, it is completely a gift.\n* L - Limited Atonement - Jesus died on the cross only for those who follow Him. His atonement for sins was not for everyone.\n* I - Irresistible Grace - If God wants you to follow Him you can't resist the call.\n* P - Perseverance of the Saints -Once saved always saved. You can't lose your salvation.\n\nNot every Calvinist agrees with all 5 points. In fact, some say Calvin didn't believe in all of them (the term TULIP was made up after he died) but these are the basic theological points.\n\n**tl;dr - There are two main camps of Christian theology. Men are in control and choose to follow God (Arminianism) and God is in control and chooses who follows Him  (Calvinism).**""]","[array(['2166ecd6-a262-417d-ac78-9cfefe59db85'], dtype=object)]"
227,3f4rlt,How does a watch know when a month has 30 or 31 days?,"['I think you have to manually adjust it every time the month changes, but not sure, sure someone will correct me.']","[array(['968ca469-d26d-4ea5-a9ce-65a7d8a8eab1'], dtype=object)]"
228,6x2ldn,Why does tiredness feel as though it comes in waves?,"['Biorhythms.  Your body has cycles: breathing, heartbeat, blinking, even which nostril you use.  Your wakefulness/tiredness is also cyclic.']","[array(['f36157a8-b543-4c3b-8532-1a279485d346'], dtype=object)]"
229,2yahdf,how does your brain produce a coloured image through staring at a negative?,"['These are called afterimages and their existence is covered by something called Opponent Process Theory.\n\nBasically, you have 3 types of cells in your eye that detect color. They are called cones. One cone is sensitive to the wavelength of light we associate with ""red"", another to ""green"", and another to ""blue"" light. I put the color names in quotes because you must understand that COLOR DOES NOT EXIST IN THE OUTSIDE WORLD, YOUR BRAIN MAKES IT. This is itself is mindblowing but I promise it is true. \n\nAnyway, the cells get tired after looking at the same thing for too long (both the cones I mentioned and other cells further into your brain). They are a bit like a rubber band that gets stretched out the more it sees a certain color, and the more it stretches the more it really really wants to snap back. Stretching makes you see one color (say, red), while snapping back makes you see another color (green). \n\nThe deeper cells in your brain are arranged in 3 opponent pairs: red-green, blue-yellow, and black-white. So, the more of you see of red, the more the opposite wants to come out. Same with the other colors. \n\n(Neurologically, this occurs because one color is produced by the cells getting excited and building up a particular chemical that tells your brain to produce red. This is an anabolic, or constructive, process. The opposite color is produced by the cells getting inhibited and the chemical being destroyed, which is a catabolic or destructive process. Again, it all works because these chemicals instruct your brain to produce the color image - your brain makes the actual color experience not the world).']","[array(['fce8026f-f246-4638-8b16-5d98625f9901'], dtype=object)]"
230,2uxanc,"Why are most passwords hidden on-screen by default when you type them, but WIFI passwords are not?","['Most on screen passwords are hidden in-case you have any shoulder surfers(people watching you type over your shoulder). WiFi passwords give you the option to either hide or show, in my opinion as WiFi passwords are normally longer than other account passwords they can be hard to make sure your typing correctly without seeing it']","[array(['14284308-35e1-468d-8d4d-625e1ddfa13c'], dtype=object)]"
231,15shd5,Why does time use the number 60?,"[""60 is easy to divide cleanly in multiple ways, and a number based on 60, such as the number of degrees in a circle, can be divided yet more ways.  60 can be divided by 1,2,3,4,5,6,10,12,15,20,30 and itself.  This provides many easy-to-reckon, useful fractions.  In the days before pocket calculators, slide rules, Napier's Bones, etc. this made life simpler.""]","[array(['d1eef01d-ec85-467a-be87-ae02b1178c64'], dtype=object)]"
232,10hsdv,- the Monsanto controversy,"['Worries about engineered foods aside, a lot of people have a huge problem with Monsanto\'s business model...\n\nThey use patent law to force farmers to buy seed from them every year. The farmers do not own the seeds that are created by the plants they are growing - Monsanto has the *patent* on the seed DNA. So they can\'t just buy seed one time and then create their own seeds from then on, as you might believe would be common sense. They even go so far as to sue farmers that *accidentally* grow Monsanto plants; from seeds blown over from a neighbor\'s field, for example. Monsanto charges a lot for the seed. They are definitely pushing the extremes of patent law to make as much money as possible.\n\nNow, having said that, Monsanto invented some pretty cool seed. It creates its own pesticide, for example. So, by using it, you save money on spraying your crops. That\'s certainly worth something. People just disagree on how Monsanto should be compensated for what they\'ve done. Obviously, a large corporation like Monsanto would like to squeeze as much money as possible from whoever they can. They aren\'t trying to work out a ""fair deal"" for what they\'ve accomplished - they\'re just trying to maximize profit.\n\nIt\'s easy for people to envision a future (maybe not so distant) where corporations own the rights to everything we grow (through DNA patents) and charge a lot to farmers (and ultimately consumers) for licenses to grow crops.']","[array(['c0f274a1-c23d-48ac-8ae5-cd26b7817dee'], dtype=object)]"
233,7bne7n,The true difference between i5 and i7 processors,"[""The biggest difference between i5 and i7 processors is the number of concurrent threads they can handle.  i7 processors are equipped with hyperthreading, which is a technology that allows a single processor core to do almost as much work as two separate cores.\n\nImagine a single processor core is like a chef.  Both the current generation i5 and i7 processors have 6 chefs.  The chef receives a set of ingredients and a recipe, and lays it all out on the table.  This table is like a processor's cache - it's the memory that the processor has to work with.\n\nThe chef then prepares the meals, and puts them back on the table.  Now, the chef has to wait for the waiters to clean up the table and bring new ingredients.  The chef busts out his phone and takes a break while this happens.\n\nHyperthreading is like giving the chef 2 tables.  Now, while the chef is cooking one set of meals from table A, the staff can clear table B and bring new ingredients.  Once table A is complete, table B is ready for cooking.  The chef can now switch back and forth between the two tables and have almost no down time.\n\nOne of the other big differences is the size of the table - that is, the size of the cache.  i7's generally have larger cache sizes than i5's do, which can help them do more work in the same amount of time.\n\nEdit: Just realized that I didn't really help you make a decision.  :)\n\nHaving more cores is only useful in certain situations.  When the work can be 'parallelized,' - that is, divided up such that the result from one chunk of work doesn't depend on the result of the previous chunk of work - then being able to handle more concurrent threads is a very good thing.  \n\nFor example, if you're building a house, you need to pour the foundation before you can set up framing, and you need to set up framing before you can run electrical and plumbing lines, and you need to set up electrical and plumbing before you can put up drywall, etc.  It's not possible to split a task like that up into several chunks and do them all simultaneously.\n\nIf you're building 20 houses, you can pour all 20 foundations at once, set up all 20 frames at once, etc.  The result of building part of one house doesn't depend on the construction of other houses.\n\nTo a CPU, gaming is often like building a house.  The calculations for one moment in the game will influence subsequent moments in the game, so it's not possible to divide the work up among several processor cores.\n\nVideo editing, on the other hand is highly parallelizable.  Rendering frame #25 doesn't usually depend on the results of rendering frame #20, so software can divide that work up and distribute it across the processing cores.\n\nTL:DR; Gaming doesn't usually benefit as much from multiple processing cores.  Results will definitely vary from game to game though.  Video editing often does benefit from more processing cores, so you can reduce rendering time significantly by using an i7 instead of an i5.""]","[array(['d9b575df-2432-4d67-b3dd-e0add3f90b73'], dtype=object)]"
234,5nnlt1,Why does water taste bitter after eating pineapples?,"['When the water hits your taste buds, they are stimulated a little. The problem is they have been overloaded with sugar and acid, thus they are temporarily unable to *report* sugar and acid at that moment. Therefore they report the only thing left: alkaline (bitter) taste.\n\nAdd that to the fact that most water has dissolved minerals in it that make it ever-so-slightly alkaline.']","[array(['7527138c-b899-43e3-aaa1-3ee3ec3dca39'], dtype=object)]"
235,7loatb,What does fuel stabilizer do to gasoline?,"[""Gasoline should keep indefinitely if stored properly.\n\nHowever, stabilisers can be useful if fuel is stored incorrectly, for example, in partially full tanks of small equipment. The larger tanks in modern cars are carefully designed to protect fuel from air and evaporation.\n\nGasoline molecules can evaporate if the tank is not securely closed - a stabiliser won't do anything for that.\n\nGasoline molecules can oxidise by exposure to oxygen - a fuel stabiliser can contain an anti-oxidant to absorb the oxygen, and neutralise the free radicals accelerate the oxidation reaction.\n\nGasoline may contain traces of metal from manufacture/processing or from metal storage tanks. Certain metals can act as catalysts and cause the gasoline molecules to polymerise into sludge. Metal deactivator additives can absorb and neutralise the catalytic effect of metal contamination.\n\nGasoline may contain large quantities of ethanol to meet biofuel targets by governments. If stored open to the air, the ethanol can absorb water from the air, and this can cause the water/ethanol mix to separate from the gasoline. By adding a different alcohol (methanol or isopropanol), the water/alcohol mix doesn't separate as easily.\n\nAll these problems can be avoided if gasoline is stored in a tightly sealed plastic tank with only the minimum amount of air for an expansion space, as high quality gasolines will come with metal deactivators already added to neutralised contamination at the refinery.""]","[array(['056ef704-c071-43b5-ab72-7cd27c4d51c6'], dtype=object)]"
236,2lc6k5,"Hey Reddit, so what the hell are those squiggly lines I see in my peripheral every once in a while? Don't know why I didn't wonder until now..","['They are called floaters. Mostly they are the shadows cast by bits of the inside of your eye that have broken off and are floating around in the vitreous humor, or eyeball fluid, in your eye.\n\n_URL_0_']","[array(['ee20a72e-ab42-4afb-b305-c19602a5575c'], dtype=object)]"
237,js0eq,how a drug goes from needing a prescription to being able to buy it without a prescription,"[""Like you're five?  Because the grownups who make the drug (Sanofi) showed the grownups who regulate the drug (the Food and Drug Administration) that the drug is safe enough to take without needing the advice from a doctor.  The drug itself does the same thing only now you don't need a prescription from the doctor.  People get easier access the the medicine, the drug company gets to sell a lot more drugs, and pharmacies make more money because they're selling more OTC items.\n\nFor more see _URL_0_""]","[array(['6b314ad0-50f5-477c-ac9b-141ee9a80eb9'], dtype=object)]"
238,5b6c5j,How do cars calculate speed and preview it on the speedometer?,"[""**NOT ELI5**\n\nThe car's driveshaft also powers a *speedometer cable*, which spins a magnet around at the same speed inside the *speed cup*. This magnet rotates continually in an equal direction. This spinning creates a fluctuating magnetic field. The laws of electromagnetism dictate that a current must therefore flow inside this cup. This current causes the speed cup to also rotate. It attempts to catch up with the speed of the magnet. a *hairspring* stops this, so it only rotates a little. This small motion moves the dial on the speedometer a little. The stronger the current, the faster the cup rotates, the further the speedometer's dial moves.\n\n & nbsp;\n\n**ELI5**\n\nThe driveshaft powers a speedometer cable, which leads to a magnet rotating inside a cup. A current is generated, and the cup tries to rotate also. A spring limits this, moving the dial. More current = more speed = dial moves further.""]","[array(['b483b909-f831-41d4-98c1-32d44ea79429'], dtype=object)]"
239,2jzsw2,"If Western governments are worried about their citizens fighting for Daesh (the Islamic State) and returning to participate in terrorist activities, why do they have to ""monitor"" them when they come back rather than arrest them?","['In most western democracies you  can\'t arrest someone just because the government doesn\'t like their political views (there are some exceptions to this rule but in general it holds). You have to be able to prove that they have committed some kind of crime in order to arrest them. \n\nAlmost by definition someone who has joined up with Da\'esh/IS will have ""fallen""off the radar"" of western security forces.  They\'ll know they joined up but it will be much harder to prove that they actually fought against western interests, which would be necessary to instigate a charge of treason or similar.\n\nSo the best we can do is have the security services ""watch"" them very closely, and if they look like they\'re about to commit any kind of crime then they can be pulled in.']","[array(['2b63bb86-65b2-4773-941d-9150539415f8'], dtype=object)]"
240,2yr7ub,What would happen if we could drill a hole to the core of the Earth?,"[""The Earth is molten beyond the crust, so we wouldn't get any further than that.""]","[array(['c1fd3733-e080-4c6c-a17a-e128b8016961'], dtype=object)]"
241,72131o,Is there a psychological term for when you finish a game/book/series and feel empty inside?,"['""Ennui"" (pronounced ""on-we"") is a pretty close fit. Also, it\'s French and they\'re very good at feeling empty and dissatisfied inside. \n\n\nennui: 1. a feeling of utter weariness and discontent resulting from satiety or lack of interest; boredom:']","[array(['0c6974af-e284-4365-a8aa-456a583e820d'], dtype=object)]"
242,3dw4ox,"Why is it, that even though I genuinely love Whiskey, I shudder nearly every time I drink some?","[""Your conscious brain loves it, but your subconscious brain realizes that alcohol is inherently bad for the body, and causes you to shudder. It's a subconscious survival mechanism that you're overriding with your conscious brain.""]","[array(['b8f95509-97d7-46b9-a7a0-ce4232d1af2b'], dtype=object)]"
243,64b1vp,Why do our eyes not see color on the edge of our peripheral vision?,"[""The cone cells that detect color aren't very good at low light or motion detection.\n\nSince motion detection is more important at the periphery than color (does it really matter what color that sabre toothed tiger is?) we evolved to pack mostly rods and few cones in the corners.\n\nYour brain remembers what colors things are and will attempt to color in the peripheral vision so you don't usually notice that it's basically grayscale.""]","[array(['60d42749-9fb1-4077-9fa7-e3ee26cbfa20'], dtype=object)]"
244,1moxcs,Why is it when I drink a glass of liquid I urinate at least twice as much back out?,"['Your bladder only sends the ""time to pee"" message to your brain when it reaches a certain level of fullness. So the amount you pee out doesn\'t just represent the glass of water you just drank, but all of the water you have drank since the last time you peed plus the water your body needed to dissolve the waste products it excretes in urine (urea, creatine and some other compounds).']","[array(['e6b0dccb-1c59-424f-a71e-5af5e29b53f2'], dtype=object)]"
245,676bz1,What prevents DNA from getting tangled?,"['Proteins!\n\n\nThere are *many, many* proteins in your body that have a specific job of keeping your DNA tangled/condensed the perfect amount. There are topoisomerases, a family of proteins, that specifically twist/untwist your DNA to introduce/remove ""supercoils"" (like what would happn when you twist an elastic band) to condense it or expand it. There are some proteins like histones to which the DNA will almost always be attached. The histones kind of serve as a backbone for the DNA; a place for the DNA to organize itself.\n\n\nOf course, this is just the very basic level of proteins. There are many more proteins and ways to organize DNA. It\'s always proteins!']","[array(['43f1deff-633f-4ef7-b920-206ad3f61a0f'], dtype=object)]"
246,5v4xi7,Why does the tray in a microwave rotate?,['Because there are hot and cooler spots due to the way the microwaves reflect around inside the oven. Rotating the food attempts to distribute the heat in the food more evenly.'],"[array(['677d4ff5-5b03-4643-8e63-49e883da7266'], dtype=object)]"
247,3y7usk,why child support is based on income rather than what a child would need monthly.,"[""Child support is partially based on income. It is also partially based on the number of children and their age, the cost of basic living expenses and school in that general area, and whether or not any special needs are present. Which sometimes leads to a very high ratio, but that is also something that can happen when both parents live with their children; not all jobs pay a wage that covers a child's reasonable expenses. That doesn't mean those expenses don't occur though.""]","[array(['c67f471e-0af7-4af8-a40d-88533f4da315'], dtype=object)]"
248,4cr5le,"If you had a room with all walls, the floor, and the ceiling made of perfect mirrors and you shined a light in there somehow, would the light continue in there forever? Would it somehow disappear?",['Nothing is a perfect mirror. The material still ends up absorbing some of the light. Eventually it would all get absorbed.'],"[array(['c3fba5a6-f671-4122-a294-fe8db5ec70ec'], dtype=object)]"
249,1wsi71,It seems like the whole world is against George Lucas' remade and remastered version of the Original Star Wars trilogy. What exactly did he do to change the story that makes fans hate it so much? Why all the vitriol?,"[""As Pandromeda mentioned, Han Solo fired first. Also, he added in a bunch of CG aliens that didn't fit, put back in a deleted scene with Jabba the Hutt that wasn't necessary, added cheesy special effects to the Death Star explosion, added in a fucking song and dance number to Return of the Jedi, replaced the original ending of Jedi and added in Hayden Christiansen. He basically tinkered with it unnecessarily and added in a bunch of crappy looking CG aliens and effects.\n\nedit: cheese=cheesy""]","[array(['838801b2-72e9-49de-8052-16d6ab8d7e8e'], dtype=object)]"
250,6ahc0e,How do blankets work? Why do they allow me to become warm even when the outside is cold?,['your body makes heat. this warms the air around your skin. the blanket holds that air close to you.'],"[array(['4eebe79a-ed9a-4f0e-9688-578dc859a91c'], dtype=object)]"
251,1qg28u,"Difference between computer virus, worm, and trojan horse","['All of these are software programs.\n\nComputer virus - the typical attribute here in a software program that makes it behave somewhat like a biological virus, is its ability to copy and replicate itself by ""infecting"" other software programs - i.e it attaches itself to these programs, either by infecting them as they are running in the memory of the computer or by accessing the disk and changing the file. When these infected programs are used, or copied to another computer, that computer becomes infected too. It also means, if you delete the virus or reboot the computer, running any of the infected programs will run the virus again and mean your computer is still infected.\n\nComputer viruses tend to spread and infect via  replication. As anti-virus programs appeared that could detect computer viruses, programmers added the ability for these programs to mutate as well - i.e to change their code in subtle ways that wouldn\'t change their function but would make code that looked for a specific pattern fail to spot them. In some way this is similar to the way viruses mutate to avoid an immune system - albeit it\'s more about the word ""virus"" being descriptive rather than actual parallels between the 2.\n\nA trojan horse - the attribute here, is that it\'s a program that looks like it performs a specific function - maybe a game or something - but which hides inside it a program that performs another function (usually a malicious one) - the analogy here is, of course, with the [trojan horse legend](_URL_0_) about people hiding inside a ""gift"" in order to enter and destroy a city.\n\nA computer worm differs from a virus in that it doesn\'t infect another program, but it operates as a standalone program. It does copy itself, replicate and spread by exploiting security weaknesses usually via a network. You can picture this as a program running on your computer, which detects other computers connected to yours, so it ""moves"" over the network, via whatever security holes exist, until it\'s running on the other computers...and it continues like that traversing across the network looking for machines to infect.\n\nIt\'s worth noting that although bugs or issues with any of the above methods of infecting a computer may cause computers to crash or other faults and usually take resources, it\'s not the above actions, from which viruses, worms and trojans get their name, that are necessarily the motives of whoever creates them (Although earlier examples often did nothing more than copy and infect as exercises in curiosity)\n\nMore typically, there is another piece of the software, called the \'payload\' which is designed to actually do something malicious, like steal your passwords or sink your nuclear submarine.  Payload coming from flight or launch vehicle terminology.']","[array(['36f1e86f-1c75-4002-b37d-4874a13d5818'], dtype=object)]"
252,3vfllb,"Why does the media spend so much time covering the question of whether or not Jeb Bush can rise in the polls, but doesn't extend nearly that level of coverage to other non popular contestants?","[""Jeb Bush is considered (generally) the primary establishment candidate, which means he's expected to have significant political clout with the republican party. Alternatively, he's also a Bush, which means he's entangled in a lot of familial controversy, 'Bush Dynasty' 'Can George Bush's brother win after his unpopularity?' sort of stuff.\n\nBoth attract interest, which the media wants in order to get paid.""]","[array(['4f4e2075-857f-4a76-9f1e-8fe610a709b6'], dtype=object)]"
253,28huk5,The different between Sunni and Shi'ite Muslims.,"[""Shi'ites think that leadership in Islam should be hereditary, and that Imams more or less represent the authority of the founder through his bloodline.\n\nSunnis think that leadership in Islam should be by some sort of democratic process, and you don't need to be a descendant of the founder to hold authority.\n\nIt started out that way when the movement had to decide on how to continue after the death of its founder. Pretty soon, through in-fighting and because that is the way things go in a closely knit community,  everybody and his uncle also had an opinion that would be forced upon the community.\n\nThere is a Wikipedia article that goes into the various branches of islam in more detail:\n\n_URL_0_""]","[array(['58b1d78d-5db6-4e6f-852f-4959a0934183'], dtype=object)]"
254,4mxv3z,Why did film become a synonym for movies when photography also used film?,"[""It depends on the context, but I'll stick to your examples. People didn't view still photographs on photographic film. They needed to be printed on photographic paper. Slides are an exception, but they didn't get popular until later. \n\nMotion picture film is negative and printed onto another piece of film to make a positive for viewing via a projector. Many people view magnified motion picture film, but most people never view still photo negatives. \n\nThis is may not be the etymology, but it makes sense, and that's what your looking for.""]","[array(['2ef23148-3150-4fff-a9f8-ac90f900f0b7'], dtype=object)]"
255,387rob,The core beliefs of American political parties.,"['This is a difficult question, America is insanely vast. A Republican in New York is going to be much different from a republican in Texas. A democrat in California will be different from a democrat in Michigan. Any person that wants to run for major office with a likable chance of winning usually has to run under one of these two parties,  recent example: Bernie Sanders. \n\nThe idea is Republican is generally more conservative, pushing for no economic regulation but social restrictions. Democrats are generally more Liberal pushing for zero social regulation but economic and business restrictions.']","[array(['cbcc10a9-6075-4973-ae2b-75aa01a76397'], dtype=object)]"
256,2s0edb,How do broadcasters sell and maximize advertising revenue during live sports when they don't know how many commercial breaks there will be?,"['For American football games they know within one or two how many breaks there will be. On between possessions they will radio down and stop lay during the break a ""TV timeout"" and a dude in a bright colored red or yellow jacket will come out and stand with the ref until it is time to resume play.']","[array(['103c3b72-23a2-42a2-9dfe-57094b064aae'], dtype=object)]"
257,66cih6,"Why when we are sick/have an infection does our body temperature go up, as in a fever?","[""Many infections grow best at particularly precise temperatures. Your body raises your temperature as a defense mechanism, slowing down the reproduction of the infectious agent and giving your own defenses a chance to 'catch up'. At the same time it enhances the ability of some of your body's defenders to move around more actively in their war.""]","[array(['f0ddd28e-4284-4c69-9e48-0632f3c3abd5'], dtype=object)]"
258,3dhi2h,Why do real almonds not taste like almond paste/flavoring?,"['The almond flavour you taste in almond paste, marzipan and so forth comes from an aromatic called benzaldehyde. This is found in *bitter* almonds, which also have a fairly hefty amount of cyanide; the latter is removed during the extraction of the benzaldehyde.\n\nThe almonds you eat in nut form are *sweet* almonds, which contain a much lower level of benzaldehyde, and, luckily enough, cyanide as well.\n\nBenzaldehyde is also present in apricots, cherries, and peaches, which is why they all have similar taste profiles.']","[array(['e2cb4736-a490-453c-933e-6405994a4d72'], dtype=object)]"
259,5xxcgy,Why haven't people as a whole adapted to the cold? We have adpated to the sun by the pigment in our skin changing colour depending on your exposure to sunlight.,"[""Human's primary form of adaptation is the use of technology. So we have adapted to the cold by inventing insulated shelter, controlling fire, and making clothing.""]","[array(['51cba88a-3b84-4679-b2ca-ceb559497be0'], dtype=object)]"
260,3ahe8n,"When I swallow a pill, why is there sometimes a heavy feeling in the back of my throat?","['I used to get that feeling a lot when I first started taking my daily pills. Turns out I wasn\'t getting the pill ""stuck"" in my throat exactly, but I was not swallowing them with enough water. \n\nWhen someone swallows pills without proper salivation or lubricant the object can ""scrape"" itself on the back of your throat, leaving you with that heavy and sometimes painful feeling that doesn\'t go away for a while. It may feel like it\'s lodged in there, which could be possible, but it\'s most likely just pain from the pills contact. \n\nLong story short, always drink water before and with pills.']","[array(['d33d53c5-c9ae-4a8d-a01d-f0ddba32aec0'], dtype=object)]"
261,6wvrj6,"Why is Reddit valued at ""only"" ~$1.8 billion, when less popular sites (e.g. Twitter) are worth many times more?","[""Reddit isn't publicly traded (there hasn't been an IPO yet), so speculation can't inflate the value of the company like Twitter or Tesla.\n\nA company is basically worth how much people are willing to pay for shares of it, but you can't buy shares in Reddit yet.\n\nIt's also not profitable, yet, which doesn't help.""]","[array(['8ba0b57a-9067-4898-b178-257ecfede303'], dtype=object)]"
262,4w6xmi,How can there be a sex wage gap in the US if we've had the Equal Pay Law since 1960?,"[""There's a bit of a misconception about the wage gap. For jobs in the exact same role with the exact same responsibilities, the wages are about the same. However, men tend to be more likely to be promoted to higher-paying positions. Women are also more likely than men to take extended time off or work part time while raising a family, meaning their careers are held back during that time.""]","[array(['b463de60-b6b2-4b9f-990d-80925f03d0c3'], dtype=object)]"
263,3tbt9h,Why/how does eye-makeup (even simple eyeliner/moderate mascara use) have such a dramatic impact on how attractive women are perceived? Why only women? - is it all just socialization? (Are we just conditioned to think that's attractive?),"[""Eye make-up is often used to extenuate the size, shape or colour of someone's eyes.\n\n\nYour eyes can give away a huge amount about your current state - revealing indicators about your health, your energy levels, your age, your state of mind etc.\n\n\nA good application of eye make-up could take tired, old eyes and transform them into bright, youthful eyes with energy. The difference is enormous visually because so much of human contact is face-to-face and the eyes are the focal point of the face.""]","[array(['f611bca1-65fe-44fc-8a51-3297249afd7c'], dtype=object)]"
264,7clhj9,How can electric motors for cars be small enough to fit into a car and relatively cheap while industrial electric motors with similar power and torque are the size of a kitchen and cost more than an electric car?,"[""Industrial electric motors are meant to be run nearly 24/7 at higher loads and don't have to be portable, so size isn't usually a factor as much as keeping them cool, so they're built to shed excess heat better, and more surface are = more heat that can be transferred away.\n\non the other hand for cars, weight and size are bigger factors, and the motors in them will never be run full power all the time, so more effort is put into them to keep them smaller. Heat dissipation isn't as much of a problem either in a car as you can use the cars air flow to help keep things cool, whereas industrial motors don't usually sit in well ventilated areas.""]","[array(['f5d7bc43-9bc5-4ca7-9b31-d39c73a1c9f9'], dtype=object)]"
265,4a1gko,"Why are sunglasses universally considered ""cool""?","['people use their eyes to communicate their level of comfort/aggression/submission with one another. shades will remove this information and allow others to fill in the blanks. for example, you might be avoiding eye contact, but because of your sunglasses this does not register with people and you seem undeservingly ""cool""']","[array(['b0e86a00-59fd-486e-9c5a-fb7261f570af'], dtype=object)]"
266,1mpgid,How To Turn an Extra Wireless Router into a Wireless Extender,"['You may be better off in one of the tech subreddits (like /r/techsupport or /r/networking).\n\nHowever, I have done this before with a Linksys router.  Find out if one of the popular 3rd party firmwares (like [DD-WRT](_URL_0_) or [Tomato](_URL_1_)) will work on your router.  Then find a guide online to help you set it up as a repeater.\n\nMake sure you read all instructions carefully, because you can brick your router if you are not careful when updating the firmware.']","[array(['c9d7bc0c-9700-4e1a-bbfb-b672efa461af'], dtype=object)]"
267,1o62kn,What is the difference between quality sushi and regular sushi?,"[""Fresh vs. Frozen - was it alive this morning?  \n\nThe Chef's reputation and experience - you're buying his car!  \n\nThe ambience isn't free, if you're having sushi at a Chinese buffet, it's mostly fake crab and Thai illegal immigrants doing the work.  \n\nThe exact kind of fish!  You're not going to find supermarket fish at the Sushi-is-us hole in the wall.  If you want the whole range of selection, you need the real Sushi Bar.""]","[array(['969892ff-d66c-4e76-9847-bdedbdc81467'], dtype=object)]"
268,43bzmi,Why do American cities often have to take large public transport projects such as light rail and metro system to the voters but don't have to do the same for massive highway and road construction?,"[""Large road projects usually exist to keep the existing road network running, or to improve its relation to the rest of the city. Bridges need to be retrofitted, underpasses capped, tarmac replaced. They may be big projects, but they're really necessary to keep the system functioning like it is.\n\nA major public transportation network is an entirely new investment. If you don't do it, you don't it--there's no downside other than that you don't have the network. A comparable project would be the construction of an entirely new highway link (or in some cities, the removal of major highways), which is rare and nowadays often put to voters as well. Of note is that many major highway projects were initiated in a time when referendums for transportation were not as common.""]","[array(['9fad1c3b-cf73-4b72-a71d-24c1f7b5b43d'], dtype=object)]"
269,3s321x,How come bluetooth is so much slower than Wi-Fi?,"[""Bluetooth is designed to be short-range very low-power for small portable equipment. Part of the power-savings of Bluetooth come from diminished bandwidth (just as much as the weaker signal). One could speed up Bluetooth to Wi-Fi speeds, but then it would defeat the purpose of BT's major design feature.\n\nIf you're looking for something that works like plunging a cable between devices but has Wi-Fi speeds, you might like wireless USB: _URL_0_""]","[array(['802b282d-ffad-4694-9ab4-af621088485e'], dtype=object)]"
270,361qlj,How does the ISS avoid damage from solar wind's if it is always in constant orbit?,"[""The ISS orbits beneath the protective shield created by the earth's magnetism. The bulk of the solar wind is deflected away from earth by the earth's magnetic field.""]","[array(['b918f4e9-4ece-4153-bc6e-22b37264ec7d'], dtype=object)]"
271,5xao6f,Why do we tear up when we yawn,"['Not 100% sure if this is the correct answer, but the act of yawning presses against the glands which produce tears. These glands are like a sac, so pressing against these sacs make the tear flow regardless of if you need it or not']","[array(['a41a1123-2dc0-4f0e-a2fd-2519d772ad72'], dtype=object)]"
272,2lxlz1,"With the Separation of Pangea, how come we didn't evolve into several different species?","[""We weren't around back then. The continents were already in their present form when humans evolved (in Africa, almost certainly).""]","[array(['8018e25b-143c-43bb-818e-eded67df5a27'], dtype=object)]"
273,10xx7k,"The new changes to paypal's policies, and why its bad for me.","[""The big one that's mentioned is the change that you can't join a class-action against paypal so I'll explain that.\n\nLawsuits are expensive. Even a little suit against your neighbor over cutting down your tree can rack up costs from court fees and time spent arguing the case. In a major court case involving a huge business, this gets even worse with the added time and expense of hiring a lawyer.\n\nGenerally speaking, a large corporation will have more money to throw at the court case than you do and can bog it down until you can't afford the costs anymore. Class action lawsuits are one of the defenses in the law against this. Instead of just representing yourself, you represent a whole group of people (a class) who were wronged by the corporation in the same way you were.\n\nEXAMPLE:\nWidget Works sells you a widget to trim your cat's fur. It sets the cat on fire and you sue for 200$ (cost of widget + damage to cat). Now, you can't afford to sue them and a lawyer won't do it for a cut of the reward. However, upon further research, you find that 10,000 other people had their cat set on fire by widgets. Although a cut of 200$ isn't enough for a lawyer, a cut of $2,000,000 is worth it. By filing a class action lawsuit of for yourself and those 10,000 people, you can actually find a lawyer to represent you.""]","[array(['d15436ba-615f-4c07-b1f4-3afe6a782a1c'], dtype=object)]"
274,2mb88u,How is Canadian healthcare different from Obamacare?,"[""Canadian healthcare is, more or less, single-payer. Basically, you pay a tax to the government and the government insures you.\n\nAmerican healthcare is a big old mess. We have single-payer for some people (Medicare), full-on nationalized healthcare for some (the Veterans' administration, where doctors are government employees), private insurance for many, and no insurance (fuck you and die) for some. \n\nObamacare is actually working--it's fixing some of the worst problems with private insurance and reducing the number of people with no insurance. But our health care system is still a big old mess. Obamacare didn't create the mess, but it does sort of freeze it in place.\n\nIf you want more detail, I created a comic to explain Obamacare here: _URL_0_.""]","[array(['ef42fd9c-f7c2-48c1-8e60-8b2c6529ea85'], dtype=object)]"
275,7cfiri,Why do app developers like supercell release their updates/apps way earlier on one platform than the other?,"[""If you're referring to the time gap between Android and iOS releases, the answer is because of Apple.\n\nThings get on the Android market very easily and quickly, because the Android market is cool. Apple has dozens of excessive rules and guidelines that they strictly enforce, so they actually look through the app/code. This takes time, so they usually push the update to Android and iOS at the same time, and Apple takes forever to approve.\n\nedit: of course this doesn't mean that Android doesn't have or enforce guidelines. They just aren't ridiculous like Apple's.""]","[array(['f743ccfe-9308-41c7-b2ec-8849ab94591d'], dtype=object)]"
276,2qs02x,Why doesn't the SAP button work in reverse,"[""conjecture:\n\nEnglish speakers don't watch the shows, so they are not translated.\n\nThe shows are not translated because English speakers do not watch the shows.""]","[array(['de23fa3b-e87e-455a-88f9-70265b89661e'], dtype=object)]"
277,3chhg1,"Why do the vast majority of good police officers and other form of L.E. protect the ""bad apples"" and not outcast/ help remove them?","['Cop here.  Truly ""bad"" cops don\'t want to get caught.  If they\'re doing something shady,  they\'re probably hiding it.\n\nA couple other factors:\nPolice departments operate independently from one another.   I have nothing to do with the department in the next town over, let alone across County or state lines. \n\nEven within the same department,  you\'ll have your own beat.  You\'ll go most of the day without interacting with your fellow officers.   I work in a department with over 1700 sworn officers.  I see about 10 of them a day, and only 2 or 3 of them will I actuality go on calls with in my response area.']","[array(['da4ed078-c035-4faa-932e-dcead31b889b'], dtype=object)]"
278,6tesyr,"If we were still at war with Nazi Germany, Nazi supporters would be tried for treason. Why now are Nazi groups aloud to persist, unchallenged by law?","['There is a very fine balancing act between avoiding government censorship and persecution of political groups on the one hand, and allowing desctructive elements to fester until they become too big to deal with on the other.\n\nIf you give the government powers to imprison people for holding certain political beliefs, how is that fundamentally different from what the Gestapo did? And who gets to say exactly which political opinions are allowed and which are not?\n\nBack in the Germany of the 1930s, the popular belief was that it was the Communists who were the dangerous, subversive elements, and the Nazis promised to deal with them. It was when the Reichstag building burned down -- apparently as part of a Communist plot, although nobody can ever be 100% sure of that -- that the Nazis were able to push through their Enabling Act, a kind of emergency legislation, ostensibly to eliminate this threat to society, but which in fact made it possible to effectively ban all other political parties and dismantle Germany\'s entire democratic system.\n\nFor obvious reasons, modern Germany is very keen to ensure that extremist political groups can never do such a thing ever again, and so they had to come up with a way to ban such organisations without giving a future government the power to eliminate all opposition in exactly the way the Nazis did.\n\nGermany\'s approach takes on this form: first, the German constitution contains lots of written guarantees of certain basic human rights. Many clauses are subject to what\'s called an ""eternity clause"", meaning they can never be repealed or weakened for any reason whatever, and they must be included in any new constitution that succeeds the current one.\n\nThen, there is a ban on any political party that is, in the language of German law, ""antagonistic to the constitution"". That is, if your political movement can be shown to be actively working towards undermining the constitution, it can be banned.\n\nThe bar is set quite high, though. The authorities have to gather a *lot* of evidence, and this often means infiltrating the movement. There was an embarrassing case a couple of years ago, when some agents had infiltrated such a movement so successfully, that they rose up through the ranks and some of them were partly responsible for the very policies that were supposed to be evidence of the party\'s anti-constitutional aims. (It\'s difficult to blame the agents -- after all, they really didn\'t want to break cover.)\n\nThen the constitutional court has to study the evidence, and decide whether or not to withdraw the organisation\'s status as a political party.\n\nBut even if you ban the organisation, you can\'t change the minds of the individuals. They will simply regroup, and join or found a new party, taking care to ensure that in public at least, they stay on the right side of the law.\n\nThe real key to this, though, is not the nuclear option of suspending basic rights for certain classes of people. It seems to be education, and here Germany has an advantage. All German schoolchildren are taught about the rise of the Nazis and WW2, and in particular they are all made to visit a concentration camp. The message ""Never again"" is drummed into them from a very early age.']","[array(['3017cfb8-7e66-452c-8ed7-e54b89e360d4'], dtype=object)]"
279,423v1v,Why is pencil graphite referred to as Lead instead of graphite?,"[""Before chemistry was really a thing, everyone thought that graphite was a type of lead, probably because it's so soft.""]","[array(['05a2bbff-8767-4db3-a62f-b3fdb7ee04b1'], dtype=object)]"
280,5n5tsy,"If your shoe comes off why according to reddit, does it normally equal death in an accident?",['Can you imagine being hit so hard you fly out of your shoes??'],"[array(['f17a1927-80a5-45dd-9204-7a695f1432d4'], dtype=object)]"
281,7z8qrg,"Why are the words ""Yeah"" and ""Oh"" always in pop songs and said for so long?","[""They are used as *filler* where the tune requires a note, but the singer doesn't have anything more to say.\n\nAn excellent lyricist will try to adjust the wording so that not too many of these are needed.""]","[array(['6a5b8482-c145-403e-939e-e9922a1109be'], dtype=object)]"
282,4dzn17,How do certain websites offer free copyrighted movies and television shows without being shut down?,"[""I know of a few websites that use servers that are outside of the US, specifically in regions in which they could give fuck-all about US Copyright laws. Think small eastern Euro countries, and the middle east. I personally met someone who ran an operation remotely in Saudi Arabia, from the US, and literally had $25k dropped into his bank account overnight after three or four months of successful operation. It's insanely lucrative if you know and understand basic webdev and some programming.""]","[array(['5ded9068-3d57-4821-a586-88801702088d'], dtype=object)]"
283,yayj4,"The different branches of Christianity, and why they are no longer combated as heresy","['In many Christian circles, this is the analogy that applies:\n\nImagine a target, with three rings. The center, the bullseye, are the core values. I call them ""primaries"". It\'s what defines Christianity. Without starting a debate, I\'ll say that some people disagree on what goes in the middle. These people we\'d call heretics (an extreme example would be to say that Christians pray to Allah - obviously wrong religion). \n\nIn the next outer ring, the middle, we have ""secondaries"" - this contains issues like speaking in tongues, eating shellfish/pork, Saturday vs Sunday Sabbath, etc. We can disagree and have discussion on these, but it doesn\'t make you less Christian. \n\nIn the outermost ring, everything else falls. This would be issues like watching R-rate movies, wearing jewelry made of gold, and non-related topics like playing sports or driving race cars. We use our secondaries and primaries to express our outermost issues.\n\nWe have unity in primaries, liberty in secondaries, and charity in all. \n\nSource: I am a Christian (actually a Messianic Jew).']","[array(['a0b27d30-764c-4c14-ba25-ef040b038b3b'], dtype=object)]"
284,5bn3ww,"Where does color goes when the sun ""bleaches"" it?","[""It breaks the molecules that make the color, and the byproducts don't have any specific color. The atoms are still there, but formed into different molecules.""]","[array(['edc65901-8269-46e4-aefa-8186c2da4b34'], dtype=object)]"
285,1lk863,Animal cloning,"[""The egg of a donor animal is obtained.  The nucleus is sucked out of the egg, and the nucleus from an adult animal that is desired to be cloned is injected.  The egg then will either expire or start to divide.  If division is allowed to continue, the embryo may be able to be implanted into a host surrogate mother animal, and the clone then gestates as a normal embryo does.  Gestation complete, it is born.  \n\nTada, clone.\n\nTypically, all the animal parts are the same animal, but not always.  An example of a 12 day old experiment with cow egg and human nucleus happened, for example.\n\n_URL_0_\n\nIt is important to note that this does not guarantee a psychological/mental clone, but a physical one.  The experiences of the clone, unless *exactly duplicated in every way to the original*, will mean the clone will wind up with a different personalty traits and/or knowledge (say, one dog can sit on command, while the cloned one won't know that if not taught.)\n\nHope that helps!\n\nEdit: Personality bit.""]","[array(['41245392-755f-4281-9215-cd3c7e7b7b15'], dtype=object)]"
286,5rm40w,Considering the origins of the English language (of which I have limited knowledge). Could an alien civilisation develop a strikingly similar language?,"['Well, you have rather easy window into this:\n\nTry comparing languages from other places around the Earth. Do they resemble each other?\n\nTurns out, even if you have people who repeatedly talked to each other, shared environment, and their language was born from the same original language, the languages within just the span of hundreds of years diverge greatly.\n\nLanguages sharing roots basically means that the language you speak and language they speak were originally the same language, but both developed in other direction. For example, English is a Germanic language. A long time ago speakers of that Germanic language started living in various places in Europe, and that Germanic language then developed, due to various circumstances, into English, German, Swedish, Norse, etc. Germanic languages belong to wider group of Indo-European languages, which also contains Latin and other Romance languages, like Spanish. Originally these were a single tongue that was just split.\n\nBut there are other language families. Within Europe, Finno-Ugric language group is entirely unrelated to Indo-European languages. Japanese belongs seemingly to the language family of its own, it doesn\'t seem to share similarities with any other major languages. Africa has languages that for example utilize that clicking sound you can do with your tongue, resulting in massively different kind of language. Etc etc.\n\nBasically, even if you have humans, living on the same continent, that couple hundred or thousand years ago were speaking the same tongue, the language they speak today doesn\'t necessarily resemble much at all each other.\n\nEven further, if you\'re curious about English, you know how Shakespeare has his curious style of writing? That style is kinda what defines ""Early Modern English"". But turns out, English just couple hundred years earlier was almost unintelligible to modern speaker, \n\nHere for example is a Bible passage, in English, from 1380\'s:\n\n >  And it was don aftirward, and Jhesu made iorney by citees and castelis, prechinge and euangelysinge þe rewme of God, and twelue wiþ him; and summe wymmen þat weren heelid of wickide spiritis and syknessis, Marie, þat is clepid Mawdeleyn, of whom seuene deuelis wenten out, and Jone, þe wyf of Chuse, procuratour of Eroude, and Susanne, and manye oþere, whiche mynystriden to him of her riches.\\\n\nHere\'s Lord\'s Prayer in Old English, from about 1000 years ago:\n\n >  Fæder ūre þū þe eart on heofonum,\n\n  >  Sī þīn nama ġehālgod.\n\n  >  Tōbecume þīn rīċe,\n\n  >  ġewurþe þīn willa, on eorðan swā swā on heofonum.\n\n  >  Ūre ġedæġhwāmlīcan hlāf syle ūs tō dæġ,\n\n  >  and forġyf ūs ūre gyltas, swā swā wē forġyfað ūrum gyltendum.\n\n  >  And ne ġelǣd þū ūs on costnunge, ac ālȳs ūs of yfele.\n \n >  Sōþlīċe.\n\nThe same read out loud: _URL_0_']","[array(['c780af69-7916-452b-a4a3-df2e2db4c638'], dtype=object)]"
287,31f889,Why does my phone echo sometimes?,['issues with the line. there is noise on the line when you call. when you hang up an phone it makes a new connection and this time no issue with the connection. \n\nit can be either the person you call or your phone line causing this issue'],"[array(['eb6a78d4-f33f-4af8-98d9-33cacb0dd122'], dtype=object)]"
288,5r7gcz,what are the differences between parliamentary systems and the powers of a prime minister versus a president?,"['The exact details vary from country to country, but basically the Prime Minister (or Chancellor, or similar term in other countries) is the head of *government*, while the President (or, in the case of countries like the UK, which are constitutional monarchies, the Monarch) is head of *state*. The US President combines both roles, but -- if things work the way they\'re designed to work -- his powers are limited by Congress as part of the system of ""checks and balances"", which also involve the courts in the three branches of government and the separation of powers.\n\nUsually, the PM is the leader of the largest party represented in Parliament -- so one of the elected representatives. He also chairs the Cabinet, which is also usually composed of elected representatives. From an American perspective, this means that much of the Executive branch overlaps with the Legislative branch.\n\nThe PM chairs the Cabinet, which implements laws and also formulates official government policy, so the Prime Minister pretty much sets the agenda. However, most things the PM and Cabinet do is subject to debates and votes in Parliament, which includes the opposition.\n\nThe role of a President is often ceremonial; and in a modern constitutional monarchy, the role of the monarch is also ceremonial. The British monarch, for example, has pretty much no say at all in the political system. In theory, the British Queen could refuse to sign an Act of Parliament into law; in practice, this would provoke a constitutional crisis and probably spell the end of the British monarchy. She does, though, represent Britain internationally, and holds some important posts, such as Head of the Commonwealth of Nations, which is a very useful platform for about 50 countries to discuss issues of mutual interest.\n\nIn a republic, the President might have a few actual powers. This might be emergency powers, such taking charge temporarily if the government collapses. The German President, for example, reviews all legislation he is asked to sign, and can refer it back to Parliament if he believes the proper procedure was not followed, or to the Constitutional Court if he believes it is not compatible with the constitution. The French President has more wide-reaching powers, and is allowed to actually direct government policy if (and only if) the majority of the Assembly sides with him.']","[array(['f47a0d0e-e4d1-43c4-896c-b2bcca84c3cf'], dtype=object)]"
289,5wmzne,Why does inbreeding cause the offspring to have a significantly lower IQ than average? What is the science behind it?,"['take it that a human body has 2 sets of genes.\n\nWhen a baby is made, half the genes are from the mother and other half is from the father.\n\nThese genes make proteins which help our body work. However, there are occasionally some errors in the genes which ends up making defective/too much/too little proteins which give rise to diseases. \n\nSome of these diseases require 2 faulty set of genes in order to manifest. So if daddy has a defective gene but mommy contributes a normal set, the disease does not manifest clinically (or is milder).\n\nIf there are many generations of inbreeding, the set of defective genes are kept within the same family tree; there is no new genetic input from a different family and thus the probability of having a child with 2 sets of defective genes increase. This increases the risk of diseases, out of which some may feature a lower IQ/brain malformations.']","[array(['6c42d101-4e24-4639-aaee-9634dbeebcbc'], dtype=object)]"
290,37d0tg,"Why is it that after waking from a bad dream, even though I am awake and aware that the dream was not real, I am still irrationally freaked out and disturbed by the events of the dream for a good amount of time?","['If you are having a scary dream your body may start producing Adrenaline, or other hormones that help you deal with stressful situations.\n\n\nEven though you have woken up, those hormones are still active in your system and the heightened sense of awareness sticks around until your hormone levels return to normal.']","[array(['2e188578-9b09-459e-9587-06fdc93ed3ac'], dtype=object)]"
291,3l3778,What are some indicators for advancement in relationships?,"['I\'m a little confused as to what exactly you want to know. Are you talking about the stages of a romantic relationship, and if so are you asking for ""signals"" or are you asking for general stages, like hand-holding to kissing to sex?']","[array(['72a075c6-bed4-4f3a-afe2-e7156164347d'], dtype=object)]"
292,3efakb,Why can't modern houses be economically independent with solar + battery+ a little backup generator just incase?,"[""A) You need a large array of solar powers to provide full coverage to the home (large initial cost, requires a lot of surface area, potentially takes away from the visual appeal of the home)\n\nB) until very recently, there hasn't really been any cost-effective battery solution for homes (Tesla Powerwall is helping to change this)\n\nC) Most people who live in developed countries don't have to worry about power outages because they are extremely rare.\n\nIn these countries, it doesn't make sense to install solar panels just as an emergency backup... you would only do the install if your intention was to go off-grid so you don't have to pay a monthly electric utility bill (and/or because you can sell excess electricity back to the grid / power company to potentially earn money).""]","[array(['c6dded69-ede2-4645-8c64-36863b316e85'], dtype=object)]"
293,1vivz9,"If we are 70% H2O, why are we considered Carbon based?","[""The chemistry that keeps us going is based on carbon-chain molecules. \n\nWe do use water for some reactions but most of it is just solvent for molecules to float around and react in. \n\nIt's somewhat like why we say tea is a plant-based beverage even though it's mostly water. The interesting part isn't the water.""]","[array(['45a59cfc-43e1-4a0c-8e42-b2519f58584a'], dtype=object)]"
294,6y4fks,Why do we have speed limits rather than a speed range?,"['Because that\'s the top speed you can safely do, assuming ideal conditions (at least that\'s the premise).\n\nWhen it\'s raining, snowing, cold or dark, this changes it from being ideal conditions. It\'s not safe to drive at that speed any more. Worse it is, the slower you need to go, especially if your visibility is impaired.\n\nToo much variation in the weather to set a ""minimum speed"".\n\nNot sure about you are, but here there is a 5% tolerance on our 100kph speed limit - 105 before they\'ll ping you. (which quite funnily is, in mph, equating to 63mph in a 60)']","[array(['f33809df-563b-4467-b534-6e629312866c'], dtype=object)]"
295,2jnwq8,"After the Big Bang, how did the Universe form multiple galaxies and establish order from disorder?","[""Simply put, gravity.  And distubances in the uniformity of the universe, which caused there to be larger clumps than in other places.\n\nThe universe, at the very beginning, was all energy.  But then the universe cooled as it expanded (much like an expansion valve in an airconditioning system makes happen.)  \n\nThis cooling caused matter condensation on the order of quarks, leptons, bosons, that sort of thing... and their anti-matter counterparts.\n\nThese annihilated each other.  For matter/anti-matter touching does that. Instant energy.  Nothing left behind.  \n\nBut for whatever reason the anti-matter did not outnumber the matter condensate, and so that's the universe we have today, a matter one.(To an outside observer, it might be the 'anti-matter' universe, for we simply label what we see from our perspective.  But that's another discussion.)\n\nAnyway, that caused ripples and disparate distribution in the smoothness of the matter, and because matter has gravity and also an electromagnetic charge to it, this 'clumpiness' caused denser places than others.  \n\nThese denser clumps of what later condensated into Hydrogen (H) became big enough to let there be light, as many large and in charge stars came to be born.  These stars were also in bigger clumps, and so they became galaxies.  Probably, possibly, just irregular globular cluster types rather than any spiral or such, at first.\n\nThen the stars, so heavy, so fast burning and blue, blew the hell up and spewed enriched guts (one of my favorite DeGrasse Tysonisims) and energy shockwaves all over the place, causing further disturbances in the smoothness of the universe.  \n\nThese then shoved other clouds of matter, hydrogen laden, to be disturbed, form more stars, repeating the process.  Eventually, these clouds of matter also came to have the other elements like silicon, gold, etc, that would allow rocky planets to form about these stars, all due to the over and over cycle of stars blowing up and making more of the heavier elements past Iron (Fe).\n\nAnd further, it caused more clumping of matter, and that into stars, but those stars were already centered around themselves and their clouds, so galaxies.  And then galaxies ate/merged with other galaxies.  And so on.\n\nBut it all, ALL can be traced back to gravity, energy, electromagnetics, and the lumpiness in the distribution of the matter of the universe.  The chaos that begats some semblance of order.  \n\nSpeaking of which, I don't find the universe to be very orderly, to be honest.  It's about as chaotic as you can get, my opinion.""]","[array(['ff5a3cf2-b0ae-403e-a492-1c840bb0b685'], dtype=object)]"
296,j2xnd,"can you explain the NFL lockout to me (what it is, why it happened, outcomes of it etc.) LI5","[""Ok, im not a big expert but for some reason I'm not seeing most Reddit users as being highly into sports. So basically, just like with every other corporation we have owners (own the team), workers (players), investors (other corporations), and consumer (us). I will break it down as best I can that way. Like all businesses the owners make contracts with the workers. The owners also have a contract that goes over all these small contracts. This contract designates the big things, (percentage of profits, advertising, how long a season is.\n**Owners**- (Again, not certain on % but I am quite close). Before the end of the last big contract owners made about 46-48% of total money from the NFL while players made 54-52. The owners did not like this. They are the bosses. This is their investment. So for this negotiation they said they want a higher percentage. Also, each year we have a 16 game season with 4 preseason games. Another concession is that the owners wanted a 2 game preseason and an 18 game season.\n**Workers**- The players. Obviously like that they make over half. I mean come on, they are the talent. Without the talent, you have no team to keep making you (owner) money. So they aren't to happy that the owners want more. I believe they weren't for or against the season increase.\n**Investors**- These are corporations like Pepsi, or Coke, trying to buy advertising for their company. They want owners to have more money because then the owners might charge less for advertising rights at their stadiums (long shot, not gonna happen). Now the 18 game season, that is what they are interested in. They want this increase. 2 more real games is gold to them. More advertising= more business=more money. Also, corps with deals, such as Pepsi, who sell only their pop during games, make more money. A longer season means more money must be spent to keep their business longer.\n**Consumer**- This is really based on your feelings of football. If you really like it, a longer season is good. Now the profit % could affect us. We attend games. If the owners lose money, they are going to charge more for pretty much everything to make up for it. This is bad. Our only concession here is that if they lose money but get a longer season we might not see a big increase as 2 more regular games means 2 more games with a full set of seats, selling merchandise, food, etc.\nHope this helps. I haven't had a ton of time to see the final results. I just know it ended. If its not answered in the morning I will do some research and get you a final result. Hope this helped.""]","[array(['6b712c2b-77bd-4d19-8bf5-893d18bb493b'], dtype=object)]"
297,3qgzsl,The world can't agree on standard units of measurement for anything except time. H ow come?,"[""They can and did. ISO standard units called the SI units. Most everyone doing serious business is using them for most everything and have been for a while, non-SI units are just used in day-to-day stuff because people have preferences and it's generally not worth it to, for example, force Canadians to actually measure their mass in kilograms.""]","[array(['18f3f9e1-fcf7-4d76-926e-e4892f0ce1e7'], dtype=object)]"
298,2hvew7,We all mostly skip or block ads. What makes companies still believe online ads like on youtube is worth investing?,"['""We"" is comprised of tech-savvy desktop/laptop users. Mobile users and most internet users don\'t use adblock, and their revenue makes it worthwhile.']","[array(['42b640e9-68c9-443c-b25a-8c63061462ae'], dtype=object)]"
299,1iiucm,Can someone explain what quantum suicide and quantum immortality are?,"['One cat goes into a box, this cat is [Schrödinger\'s cat](_URL_1_). \n\nTo make a long story short....\n\n >  He proposed a scenario with a cat in a sealed box, wherein the cat\'s life or death depended on the state of a subatomic particle. According to Schrödinger, the Copenhagen interpretation implies that the cat remains both alive and dead (to the universe outside the box) until the box is opened.\n\nThe reason ""the cat\'s life or death depended on the state of a subatomic particle,"" is because of the [Copenhagen interpretation](_URL_0_) of Quantum Mechanics.  Frankly, I can\'t explain this like you\'re a 5 year old. It\'s hard, mathy shit. But a non-explanation is...\n\n > It holds that quantum mechanics does not yield a description of an objective reality but deals only with probabilities... According to the interpretation, the act of measurement causes the set of probabilities to immediately and randomly assume only one of the possible values.\n\nSo, how are these related?  The cat in the box only dies when the state of the subatomic particle is known to you.  Until then, it\'s both alive and dead.\n\n\nWhy is this important?  Because another theory says every possible outcome happens in one universe or another.  This means every time you open the box, the universe ""splits.""  In one universe, the cat dies.  In another, the cat lives.\n\nSo if you repeat the experiment a billion times, in *one* universe, you\'ve got an immortal cat.  Perhaps that cat\'s consciousness is, in itself, immortal in its own universe.  I mean, living a billion times seems pretty unlikely, right?  That\'s more of a philosophical position than scientific one, though.']","[array(['eda63ec9-f3d0-4fd2-85e5-4a104d141225'], dtype=object)]"
300,70fowv,"Why is it that plants comparatively much less diverse (only ~250,000 species) than other clades of life?","[""I don't know for certain, but think about it:\n\nPlants are sedentary. They find a particular kind of environment that suits them well and, for the most part, stay in one place for their whole lives. They don't need to develop systems that allow for locomotion. They don't need to develop complex tissues and organs that make up that system, nor the vessels and oxygen transport mechanism to ensure the cells in the locomotion system stay energized. They don't require much energy since, again, they stay put; they make their own energy, and it's enough to get by on. \n\nMuch of the complexity of animal life revolves around how they tweak the basic mechanics of moving around. Where does it move? How does it move? What does it require in order to move? How much and what kind of energy does it need? Does it regulate its own internal temperature?""]","[array(['3c009643-c7ed-47c8-92f5-f85103cd64ed'], dtype=object)]"
301,2vmob5,Why do we randomly get this weird/burning sensation in the nose when inhaling?,['Always assumed it was a dry spot where there was no mucous.'],"[array(['2acee6b5-2568-436f-b408-027b2cdd3bd9'], dtype=object)]"
302,4vwam3,how do sinkholes happen,"[""Have you ever been to the beach and made a sand bridge? You put your arm in a trench and build a tightly packed layer of sand over top. If you carefully remove your hand the sand stays and makes a tunnel/bridge. But if you touch it, it'll fall in on itself.\n\nWell, deep underground there are pockets of water with lots of dirt piled and packed tightly on top of it. The water does a pretty good job of holding up the dirt, like your hand did with the sand. But , sometimes those pockets of water can be drained out over long periods of time or from movements in the earth leaving big bubbles of air. Air is not as good at holding up the dirt, and sometimes the dirt will collapse into the hole like the bridge.\n\nThe issue is very common in Florida because of our natural aquifers, big tunnels of water under the ground. The aquifers drain very easily and if the earth moves around too much, it collapses.\n\nYou'll often see sink holes filled with water but the principle is the same. It's a lot easier to make a water balloon pop if there is a little bit of air at the top. And once the sink hole pops, all the dirt sinks below and the water rushes up to the top.\n\nedit: fixed fishy typo.""]","[array(['bbfafa1e-63df-4dd6-9367-f22ef330fd90'], dtype=object)]"
303,56gcrl,"Are mobile ads intentionally the last thing to load while opening a page, so more people would accidentally click them?","[""No.\n\nAds are usually provided by a 3rd party company from their servers, not the same server that is delivering the rest of the content on the page, so they can often take longer to load compared to other stuff on the page. \n\nThey are often also image-heavy, which means they take longer to load than text.\n\nThey are also usually inserted into the page using javascript, so that they can load several different ads to different viewers on the same page, or target ads to different users, or track impressions,  & c. The script that loads these ads often runs after other content in the page has loaded, so that the page doesn't have to wait on the ads  &  just display as blank while the ads load (this would lose you a ton of visitors,  &  make the ads worthless because there'd be no visitors to see them once they do load).""]","[array(['f907b415-bc86-43fa-b8c5-d8d8ebbb50cd'], dtype=object)]"
304,43flls,why are we producing more aluminium than we recycle if it takes 95 percent less energy to recycle?,"[""Yes, it would be, but then there would also be a finite amount of aluminum on earth and we would never be able to have more bottles and cans than we do right now. The world is growing and we still have a need for new aluminum. People like airplane manufacturers and NASA need lots of high quality aluminum so they are willing to pay for the good stuff, coke doesn't need anyhting other than tin cans so they likely wont pay a premium for new aluminum and jsut use the recycled stuff.""]","[array(['c70e09ae-219a-4ccc-8a24-ea0f0c409476'], dtype=object)]"
305,5z9wrh,why are there no comedy categories at the Oscars,"[""Each awards show has their own thing.  You're probably aware of the Oscars and the Emmy, but there are like a hundred others with their own style and categories.  \n\nHowever you're not alone in your thinking. Not having a separate comedy category has been a regular criticism of the Oscars.\n\nThey tried to assuage this a  bit (and  add some flair and promo to the show) by upping the best picture category from 5 films to up to 10, hopefully to allow more diverse films outside of dramas (such as animated, comedy's, and sci-fi films), but this is still pretty new. They changed the voting on it a bit too, but its unknown if this had any effect on the eventual winners.\n\nIn other words... this particular award show does its own thing, just like the others, and this does not seem like something they are particularly interested in.""]","[array(['781ba0fd-db6b-453d-a9d7-54181cca7444'], dtype=object)]"
306,2dxo9z,"Why is it when I love someone a lot, that sometimes I have to hug them tightly and it feels like I can't be close enough.","['No answer, but that is fucking adorable. I hope you two have a long happy life of being this in love together.']","[array(['6f3be2fb-bfd4-4d50-9b88-8efdd8d75d50'], dtype=object)]"
307,4066oo,What benefits (if any) does lobbying provide to society?,"[""In principle, 'lobbying' just means 'talking to congressmen'. If you have a good idea for how the nation's laws should be set up, or a stake in those laws, you sit down for lunch and talk to them, help them to understand where you're coming from. Others do the same, and then the politician takes a stance.\n\nIn principle, once a politician has taken a stance, people will choose their favorite champions to advocate for. They'll talk about them, put up a poster on their lawn, or, if they can afford it, a billboard on a highway, or a radio or television ad.\n\nIn practice, our ability to sell ideas through advertising is just way too good. The candidate with the most advertising usually wins the election, so they are forced to pick the ideas that will get them the most money. In part, this is because many of the candidates have the same opinions, and so you'll support the one that 'most famously' holds those opinions. As a result, successful candidates hold a mix of popular and profitable ideas.\n\nIt's hard to say how best we can go about fixing this. It's definitely our own fault - in an ideal world, we'd notice that most of the candidates lived up to our desires, and elect the one with the best education or the best combination of little ideas. In practice, though, no one can name what all of the individual policies of all twelve or so Republican presidential candidates are, let alone those of every politician they're meant to vote for.\n\nOther options have included a cap on campaign spending, which would put more emphasis on the debates rather than fund raising. This is a troubling idea though, because it's not clear where that line should be exactly. Do we ban any billboard larger than 3 feet by 3 feet? Seems extreme. Radio ads? TV ads? They all seem like they should have a place in educating people about a candidate's ideas. A pure dollar spending cap? Does it count against the cap if I build my own sign for a candidate and place it on my property? What if I'm a tenant? Is it legal to put it in my front yard? If that's legal, why can't I rent a highwayside plot and put up a huge sign? If I ban radio ads, what constitutes an ad? Can the radio personality express an opinion? The station's opinion? The station owner's opinion? What if someone rents the station for a week? An hour? A 30 second ad spot?\n\nPreventing people from spending money on political campaigns would require us to draw a lot of awfully specific lines, some which may violate the basic rights of free speech. Preventing people from meeting with congressmen to talk about their problems would be even more troubling. While the current state of lobbying is deeply flawed, there's no clear road to fix it.""]","[array(['09acea3a-b7b4-4de3-9f05-13cc0d1f3fe1'], dtype=object)]"
308,7gl1ti,Why are the stairs of an escalator higher than the stairs of a staircase?,"['To give  you better timing to get off the step at the end, and to somewhat discourage you from running up them while moving (primarily for children).']","[array(['097a3349-3058-4ac1-9cfc-896bc934d8ef'], dtype=object)]"
309,5y57m5,Why does half and half in containers not have to be refrigerated? How come it can be left out for days while milk has to always be kept cold?,"[""Are you sure you're not referring to non-dairy creamers? Half and half most certainly needs to refrigerated.""]","[array(['4e2e2217-6cd5-4422-89dd-ccf6b7f3a57d'], dtype=object)]"
310,3xzow0,Why are smoke shops allowed to sell bongs?,"['Next time you go there, look for a sign. There will be one saying ""For Tobacco Use Only""\n\nWhile bongs are commonly associated with marijuana, they are also used for tobacco and in that regard are perfectly legal. By saying they\'re only for tobacco it protects the stores from the drug laws you mention.\n\nSo in order for there to be any legal consequences, people would have to prove that the shop is knowingly selling them for use with marijuana and not tobacco. This is impossible to prove in almost every case.']","[array(['0383947b-80a1-4d1d-b44a-637ecd55f67f'], dtype=object)]"
311,41rvjb,How does hot water work in hotels?,"['While all buildings are a little different, most use a single boiler and a recirculating hot water system.  Hot water circulates in big loops on each floor, driven by small magnetic pumps.  This means the water is ""instant-on"".  The storage tank is kept warm by the boiler and inflowing water is warmed before it goes into the tank.  This provides constant temperature hot water all day.']","[array(['6a21442f-27cf-4b63-8c89-21cd532a91d1'], dtype=object)]"
312,3ng9wk,How do pornography sites stay in business?,"['For the same reason Youtube is allowed to exist. The law determined that these sites cannot reasonably be expected to control uploaded content to such a degree, in other words they cannot be held accountable for copyright infringement *as long as* they comply with DMCA requests and delete videos on demand. This does happen even now, I remember a certain popular account on xvideos/xhamster that got banned multiple times for example. The problem of course is that videos get uploaded faster than they can be taken down.\n\nCommercial porn sites probably have given up on that battle more or less and adapted. Instead, they release ""sample clips"" in order to advertise for their sites of full HD content. Those commonly 5-minute long vids are just small parts of hour long productions that you usually *don\'t* get to see.']","[array(['f7b1b8a4-00ea-4239-9d42-3d58a0cbc873'], dtype=object)]"
313,35svbh,"How am I a W-2 employee, yet do not qualify for any benefits, including unemployment? Details in comments.","[""It varies from state to state. One reason could be that you didn't earn enough in at least one of two consecutive quarters. Depending on exactly when your season ends, that could screw you. Or just simply not enough hours.\n\n\nNo matter what the reason, I think you're entitled to a hearing. I'm sure that varies as well, but it's worth looking in to.\n\nEDIT: To clarify, I believe this hearing is like an appeal. If you've applied and been denied, it's an opportunity to meet with whomever it would be and plead your case.""]","[array(['172c9757-571e-4c06-bbb5-2c3d3ef85e05'], dtype=object)]"
314,1hqexp,Brief history of Turkey with focus on the modern issues and culture,"[""Perhaps start with this country profile, it has a pretty ELI5 approach and then ask a more specific question.\n[Here's the CIA's Turkey in a nutshell](_URL_0_)""]","[array(['ba7f8697-3b46-4067-b69e-af76cc9cd72b'], dtype=object)]"
315,3utvdv,How come Humans can't learn animal languages and communicate to them?,"[""Because animals don't have language. They communicate emotions with sound like angry growls, panicked screams, horny rumbles, and affectionate purrs, but they can't communicate abstract thoughts, form sentences, assign arbitrary names to objects and events, combine terms to make new concepts, etc, which is what we consider language to be.\n\nA Mandarin-speaker and a Finnish-speaker can communicate anger and fear and happiness and affection perfectly well without using language, right? Just by sounds, tones, movements, facial expressions? Well, that's the level on which animals communicate.""]","[array(['4cdfa0c8-c5f7-44e8-b340-c12d1f0912b2'], dtype=object)]"
316,202xaz,"How and Why exactly does encryption work? Dont you need to transfer the key, and couldnt (lets say the NSA) not simply obtain it by saving all your internet activity?","[""Nope, because of the magic of asymmetric cryptography. The short version is that the key used to *encrypt* the data is not the same as the one to *decrypt* it.\n\nWhen Alice sends something to Bob, she encrypts it with his *public* key. This is a key that everyone has the right to see and access. Only Bob, who has the only copy of his *private* key, can then decrypt the message. He then sends a reply, encrypting with Alice's public key, and she decrypts with her private key.\n\nThe same sort of thing happens with an SSL transaction (HTTPS). When you connect to a secure site, you know you have the right site because they have a certificate proving they are who they say they are. That certificate is also the public key, so you send the data encrypted with that key, and only that site can decrypt it. The site sets up a special session key to encrypt the rest of the data, so you and the site can continue to talk encrypted without anybody else being able to view the contents of the traffic.""]","[array(['f2fc3bae-98a0-406d-bbf6-e322b88ce550'], dtype=object)]"
317,8kwlfj,What do degrees (temperature) actually measure?,"[""At a basic level you can think of temperature as the average molecular energy of a system. Temperature can be measured in different ways, but they all come down to measuring changes in heat energy (molecular motion and jiggling). \n\nIn everyday thermometers, what is measured is how a liquid (originally mercury) expands with temperature, travelling up the bulb. The expansion is due to the atoms in the liquid moving faster and pushing on each other harder.  \nIn devices called thermocouples, the temperature affects how well a piece of metal conducts electricity, which can be measured precisely.  \nThere are also infrared thermometers, which measure the heat energy in the form of light that objects give off.\n\nIt's important to note that temperature isn't the same thing as energy, but the explanation requires delving into the wonders of thermodynamics, which is a bit too complicated for me to ELI5.""]","[array(['c39cab7a-7ee3-4c6b-9763-9bf7732293a0'], dtype=object)]"
318,8tum1b,why is seemingly every photo tagged with a “Getty Images” watermark? How big are they? And are they just an image host or do they also employ photographers?,"[""Getty is huge.  They buy images from existing photographers and then aggressively protect copyright.  I don't believe they employ their own photographers, but prefer to buy images from others.""]","[array(['c3b684f0-c710-4f13-a7c4-8bf518e80ae0'], dtype=object)]"
319,2xkbyp,Why is it such a big deal that it costs more than 1 cent to make a penny? Shouldn't the cost and production of other coins and bills counteract the defecit of making pennies?,"['Just because you CAN make up a loss in one are with a gain in another doesn\'t justify that loss. You could say ""sure, I throw away every other roll of toilet paper I buy without using it, but I buy toilet paper at half price."" Well, it would be better still to buy that half-price toilet paper and NOT throw any away. There are a lot of other good reasons to get rid of pennies, but I won\'t bore you by going into them here.']","[array(['341ef4da-02a8-45cb-b355-37edc81c0aad'], dtype=object)]"
320,yvgks,What is fascism and what is wrong with it?,"[""Fascism is an ideology that has three fundamental tenets: Paternalism, Corporatism, and Nationalism. Each fascist movement was unique, but these three basic attributes are shared. One could also add anti-Marxism to it. \n\nPaternalism refers to the hierarchical system of fascist politics. The state is the supreme authority, and this is in the people's interests. Liberty is a secondary concern. An apt analogy is the family: in fascism, the state plays the role of a father figure. Again, liberty is unimportant - much as the liberty of a child who wants to not eat his vegetables or do his homework is unimportant. \n\nCorporatism is more complicated. It has nothing to do with corporations, as known in our society - the word comes from the Latin 'corpus'.  It is the view that society can be divided into concrete groups, known as corporations. Another way to view them is as special interest groups. In a fascist society, people would be represented by these corporations. For example, in government, instead of a Congressman from Michigan, there might be a Congressman for Auto Workers. All Auto Workers would belong to a single union, and elect a representative (or have one appointed). In addition, fascism preaches tripartism. In it, society is divided into two sectors - labor and management - with a third sector, the state, reigning supreme, and being responsible for ensuring neither hurts the interests of the state. This is the most complicated aspect of fascism, and I have not come close to covering it here. If you want more detail, I'd be happy to provide it. \n\nThe final component is nationalism - the idea that a person's national identity is the most important aspect of their personal identity. The nation is supreme, and again, the individual is relatively unimportant. An analogy might be the human body. A kidney, or individual, by itself is meaningless - it is only when it exists in conjunction with the other organs that it becomes a body, or nation. \n\nFascism is neither good nor bad, like communism. Some leaders are not seen as positive - Hitler, or Mussolini. Others, more neutrally - Franco. Others still are still regarded positively today by their nations - Peron, or Vargas.""]","[array(['83a4e8b6-5a0e-49a4-903d-ba4e27041640'], dtype=object)]"
321,po5s5,"The Argument of ""Separation of Church and State"" and ""Under God"" in the Pledge","['Honestly it is primarily for historical reasons. There are two factors in play: First, while the US is not and never was a ""Christian nation"", at the time of it\'s founding religion in American was almost exclusively monotheistic. Even people who would probably be atheists today considered themselves deists: that is, they didn\'t deny there was a  ""god"", they just didn\'t think it did anything out of the ordinary. So when the founding fathers talked about having free exercise of religion, they mostly meant what you thought about ""god"", not whether you actually believed there was one. So a statement like ""under God"" would have been fairly innocuous to them, since it doesn\'t actually say anything about what ""God"" is. It could simply mean what Einstein meant when he talked about God as, basically, the orderly force behind natural laws. Not necessarily a personal deity at all.\n\nHowever, the real reason ""under God"" and such came into popularity was when the US started getting involved in a big way in foreign affairs, especially the Cold War. It turned out the US had more/more active Christians than most of the other big countries, especially the USSR which had basically declared itself atheist. So being Christian got identified in the popular culture with being American. So there was a big push to include this new-found ""national religion"" in popular elements of government propaganda like pledges and currency designs. They seized on the characteristic of the founding fathers I mentioned earlier as a justification that the US had always believed in God, without really paying attention to the changing definition and cultural makeup that had occurred since then.\n\nAnd the reason we keep it around today is that it\'s easier to keep things the way they are than to change them, and there are enough people who still think America is a ""Christian nation"" and enough people who are sort of like the founding fathers in that they don\'t think the word ""god"" is a big deal that there\'s not enough popular support to get it changed.']","[array(['e159310a-7e1d-439e-ab19-f00f0b9f2318'], dtype=object)]"
322,3s75eg,Why do ice cream taste testers use a gold spoon to taste test?,"['How do you define ""common spoon?"" At my house, I have metal spoons (likely of different metallic composition) and plastic spoons (again, there are all sorts of different plastics).\n\nUsing a gold spoon allows for standardized testing and, as you stated, to allow for the most neutral taste test possible.']","[array(['67cd3ad9-b2e6-446d-bb14-e0857c6184a2'], dtype=object)]"
323,3irj31,Why does yellow mustard taste so different from Dijon mustard?,['Because its a different kind of mustard. Full of different... stuff.\n \nDifferent *mustard stuff*.'],"[array(['6be883fa-2892-4f9b-bb75-41c2be6d9057'], dtype=object)]"
324,1rc0bs,Why aren't any famous people getting assassinated?,"[""In terms of political figures like the president, the Secret Service has gotten really good at spotting that sort of behavior, and stopping potential threats long before it's a take a bullet type situation. Not saying it couldn't happen, but it's not usually something an average Joe would do out of the blue without warning, it's pretty much always radicals who are being watched.\n\nIn terms of celebs usually it's a crazy stalker who sends all sorts of e-mails and letters and tweets and whatever, so the private security of celebs know who they're looking for and they get tipped off if some nut job is driving across 12 states to where the celeb they're stalking is preforming a concert and they don't even have tickets. Still easier than the president but also less people care/are crazy enough to do it.\n\nI mean you've got to be crazy to kill the president but at least you can make sense of it like with Booth killing Lincoln. He legitimately believed Lincoln was a tyrant and he was a patriot doing the noble and riotous thing. Compare that to that nutcase who killed John Lennon. I mean NOTHING makes scene about that other than he was just some crazy fuck. No real driving motivation like there is with politics.\n\nWe also have a lot more medications available for people and a much more effective system of spotting crazies in our society and getting them the necessary treatment.""]","[array(['5687e6a2-f388-4e44-add1-c513f88746d9'], dtype=object)]"
325,1xj0x7,Did fruit and vegetables evovle too?,['Those are parts of plants and trees and trees and plants did evolve.'],"[array(['de7ccf7d-b318-4a27-a089-b7221f052636'], dtype=object)]"
326,2m12s6,Why are denim jeans both stiflingly uncomfortable in hot weather and freezing in cold weather?,['When its too hot you will be hot in jeans.  When its too cold you will be too cold in jeans.'],"[array(['df46900a-3683-4dd5-aea9-b71c70cd1418'], dtype=object)]"
327,55zbti,Why are speed caps used by ISP's and how do they work?,"['CFAggie isn\'t really right, that was the case before fiber internet and massive technological feats. I was once studying to be a network engineer, and I picked a few things up.\n\nThey do it because they\'re greedy assholes. I know that\'s doom-and-gloom to the point of being laughable, but that\'s why. American and most European internet is very developed and chances are only a minuscule percentage of their servers are being used at any given time. Take a look at the places Google Fiber has rolled in, best example being right where I live. The same day Google Fiber was *announced* (not released, announced they were coming) our speeds went up from 5/1 for $50 a month to 300/200 for $50 a month. The internet here no longer goes out randomly, throttles, or has any other issue.\n\nInternet companies (mostly in the USA) will ""buy out"" areas so other internet service providers can\'t lay down wire and the only ISP in that area can keep speeds and reliability in the shitter for sky-high prices.\n\nIt\'s just a regressive business practice. Paying more for the same technology.']","[array(['1762c631-8e1a-4704-8264-356ca9ef7a27'], dtype=object)]"
328,4bjg1p,the oligodynamic effect (i.e brass doorknobs disinfecting themselves after a period of time),"['The effect is certainly pretty cool. Essentially what is described is that frequently touched materials can gather lots of microorganisms really easily, just because they\'re found literally everywhere at extremely high levels. When you touch a doorknob, you transfer the bacteria on your hand to the doorknob.\n\nHowever, the nature of the brass (and other metals including silver, gold and copper) is such that it interferes with the functioning of the bacteria or fungus etc. resulting in the death of the microorganism. It is suspected that the metal interferes with the correct functioning of proteins needed for the survival of these bugs.\n\nAlso, an interesting thing to note is that you reference ""disinfecting"" in your initial question. There is a difference between disinfection and sterilisation; disinfection means that the most harmful microorganisms are killed, but not their spores. This means that there is potential for their survival, for example if they were transferred back to someone\'s hand from the doorknob. Sterilisation is complete removal of harmful and harmless bacteria and there spores, which is different.\n\nLong winded explanation, I hope that this helps out a little!']","[array(['a15aedbf-0d9a-44a4-9cdb-5bee69d3496d'], dtype=object)]"
329,5fs37c,"I am short-sighted. If I look in a mirror which is close to my face, objects in the distance (in the mirror) still look blurry. Why?","['A mirror is not a picture.  Put your camera in selfie mode and you will see the background in focus, because the camera in your phone is properly focused and the screen on your phone is  a real image.\n\nThe image in a mirror, on the other hand, is a virtual image made by reflecting light from the real world to your eyes.  The distance to the objects in the scene is unchanged (maybe a little longer by the distance to the mirror and back).']","[array(['a23baed6-d7e5-44b4-8bce-d0953fa7e2ed'], dtype=object)]"
330,vbq6j,How do hair transplants work?,"[""Hair from the back and side of your own head is used. It's not affected by male pattern baldness. They take individual hairs or groups and place them on your bald areas. \nTo get more complex, this hair is unaffected by DHT which causes MPB hair loss. Older techniques would use awkward looking groups of hair (ie hair plugs) while more modern techniques take smaller follicle groups harvest from a removed strip of scalp or device that takes individual follicle groups directly from the scalp (called Follicular unit extraction, or FUE). [source](_URL_0_)""]","[array(['c562be42-c1e6-4661-8854-6d26b0d5a248'], dtype=object)]"
331,2dh262,Do water filters (like those placed in Brita water pitchers) really make a substantial difference in the quality of the water?,"['Lots of people out there live outside of cities, they have water softeners, etc. But still the water is skanky and nasty. So, the britta filter comes to the rescue! It removes sulfer, iron, calcium, nitrates, and other nasty tasting stuff. \n\nIn 3rd world countries they have similar things with silver membranes to kill nasties. Such as the Tata Swach. _URL_0_\n\nThe also have micron filters, UV lamps, and various other gizmos.']","[array(['abad9598-1c8c-4381-8736-03d5d7c1d1c4'], dtype=object)]"
332,37nebw,Why some people would rather help an animal than a human?,"[""Speaking personally, animals seem more helpless and innocent. I feel like a human could help themselves in a way that a cat or dog couldn't, hence the animal is in greater need of help.""]","[array(['b6e742e0-c736-400f-8f5a-6e36bccb6662'], dtype=object)]"
333,2e3tp2,Why are second (and if lucky) third orgasms in a sex session (with a partner or alone) less intense than the first?,"[""That's funny, my second ones are always way more intense.""]","[array(['1ffdcb99-0916-4fda-be4c-7b5349746bd9'], dtype=object)]"
334,2g2hw8,The 'Hole Theory' of current flow,"[""To start, holes are only applicable in semiconductors, you don't just apply them to any circuit you feel like. \r\r\rIn metals the outmost electrons are in the conduction band. They are free to move. When you apply an electric field (a voltage) they move due to it. \r\r\rIn semiconductors something different happens. At 0 K (absolute zero) all the electrons are in a valence band. In this band they are not free to move. If you apply an electric field (within reason), they will not budge. At higher temperature or when exposed to light, some of the electrons cross a band gap (or energy gap) to the condition band when they receive energy from heat or light. Once they've done this, they are free to move just like in metals. *But* they left an empty state in the valence band, one that another electron in the valence band could move into without the need for a large energy input. This space is called a hole. \r\r\rWhen you apply an electric field to a semiconductor, the field moves the free electrons in the conduction band, and tries to move the stuck valence electrons the same direction. They can't move, *unless* they are near the missing spot or hole and move into it. The result is we have free electrons moving in the conduction band and stuck electrons moving from their bound spot to another open bound spot in the valence band. It's both electrons moving the same way, but one is a little slower. \r\r\rThe jumping from spot to spot of multiple electrons is a little hard to model. But if instead we just treat the missing spot as a single particle and pretend it's moving the opposite direction as the electrons, it's much easier. Hence we just treat it as a positive qausi-particle called a hole, and model it as something with the electron charge, but positive, moving with slightly less mobility in the opposite direction. This has nothing to do with a proton, we aren't treating it as one. It's a whole new particle and it's charge is the opposite of an electron, which happens to be the same magnitude as a proton but it has nothing to do with one.""]","[array(['0158d810-25b5-4437-a827-26e9a346a1d7'], dtype=object)]"
335,4wtn8w,"Air pressure in houses? Why do some doors hit a cushion of air when they close, some doors slam when they close, and some doors get sucked closed?","[""It's depends on how air tight the room is. You will notice this with doors that are tighter to the carpet and not under cut. Take a door that you can't slam because of this and open a window in that room the air will be forced out the window and the door will close easier. Opening or closing a door rapidly will generate lots of air movement. Without somewhere to go it will be more difficult to close. Undercut doors allow air underneath. Similar to Windows letting air outside. Also to note in commercial buildings many glasses enclosed rooms and others have what's called transfer air duct that as well as allowing air out functionally assist in the same way. Source union sheet metal worker. Duct work.""]","[array(['9f1d7c72-49f9-4345-be14-da7b11d18cd8'], dtype=object)]"
336,3rhp9n,Why do such well-known companies as McDonald's and Coca-Cola pay tens of millions to be the lead sponsors of the World Cup/Olympics/etc.? Do people really not know these companies at this point?,"[""A part of it is about securing future customers through positive association. If you are 5 y.o. and love football, and everytime you watch it on tv a big coca cola logo is burnt into your retinas, then you're more likely to prefer it once you're older and actually have some disposable income. Thats the idea, anyhow...""]","[array(['5a64969b-7fb7-42a5-8fb1-f22db3df45eb'], dtype=object)]"
337,3qa4er,Hospital Fetal Heart rate and Cervix Monitors,"[""A belt with a sensor is placed around the stomach.  The sensor can tell how hard something is being pressed against it.  The tensing and relaxing of the uterus puts more or less pressure on the sensor, so it can tell what's going on.""]","[array(['101ffb83-fccd-48c0-8d94-8f36a1ecde31'], dtype=object)]"
338,1sa2uk,The number system of Graphics Cards,"['There essentially isn\'t one.  Within an individual product line from a given manufacturer the numbers may mean something, but mostly they are just the name the manufacturer gave to that video card.  It\'s all about marketing.\n\nThe first number in most cards indicates the ""generation"" of video card they belong to, but this is still just marketing.  A higher number doesn\'t necessarily mean more performance.  A high-end GTX 6xx card might outperform a low-end GTX 7xx card, for instance.\n\nBasically, you have to look at the charts.  The numbers are made up to sell more video cards, not to be informative in any way.']","[array(['2c098159-a221-4c69-a41e-73f6f0a0f098'], dtype=object)]"
339,2huu20,"Why can I hear a TV from another room, even if the volume is off?","[""Although I can't understand what you're saying in the explanation, I think I know what your'e talking about. Old TVs emit a very high frequency noise that is constantly on, even with the volume muted. you might be hearing this from the other room.""]","[array(['40c1552d-9466-42c1-8732-0308c2bc5010'], dtype=object)]"
340,34na5n,"I just saw the Bruce Lee kid video, and now I'm curious how nunchaku work. It seems like an inefficient weapon.","['Yeah, they\'re not exactly great weapons. They\'re not as difficult as you\'d think to use them, but they\'re honestly kind of a pain, and certainly aren\'t as effective as many other weapons.\n\nFrom what I recall of my Asian history though, the reason taht these kinds of weapons exist is because of limited resources. They started out as modified farm tools. A random farmer (especially in Japan) couldn\'t afford to buy a ""real"" weapon. The nunchaku is basically just a modified flail; not as good as say, an axe, but you can carry it around with you on a daily basis, and it works much better than just being unarmed.']","[array(['3572fc41-8474-4966-93ae-6d741349dcc2'], dtype=object)]"
341,5oe1nz,"What does ""single payer"" mean in the american health care system ?","['""Single Payer"" means that there is a single entity that handles all of the insurance payments to medical providers. In this case, that payer would be the government. Instead of multiple private insurers that each cover a small portion of the population and each negotiate their own prices for procedures... we would have one big insurer that covers everyone and negotiates in behalf of everyone for lower prices on procedures. This would allow for lower and more fair pricing as well as universal coverage regardless of wealth or pre-existing conditions.']","[array(['573b04b3-3129-4a33-8177-52bb524bdc1e'], dtype=object)]"
342,5km95b,How is mass extinction humans fault?,"["">  Considering most people at that time and prior loved in mud huts\n\nHA!\n\nHumans had already been farming for 9,500 years, living in cities for most of that, China had been a sprawling empire for 4,500 years, Rome had risen and fallen. \n\nJust because we hadn't built a steam engine yet didn't mean we weren't causing change to the environment on a massive scale, and had been for ages. And one of the biggest ways was with our stomachs - it's likely that human hunting played a major role in the disappearance of all the megafauna species in the new world, starting perhaps 10- to 20,000 years ago.""]","[array(['d6aa7a65-5d8c-435e-bb65-c4d78cdc7cb3'], dtype=object)]"
343,2hh6rz,"How are branded drinks mass produced? (Gatorade, Monster)","['There are huge companies out there that you have probably never heard of that make all different components of food and drinks. This includes flavor companies, food coloring companies, salt... pretty much every component on the back of the can was produced by someone else besides the one actually making the drink. So then gatorade has research facilities, pilot plants(kinda like a small scale plant to do trial runs, experiments on a bigger scale) and full scale industrial plants. The researchers figure out the exact formula they want for a product, it gets scaled up once for the pilot plant so they can figure out how to mass produce it and get the engineering kinks worked out and then it goes to full scale production.\n\nAt the plant, they have filtered water that mixes with either a concentrated syrup or powder and then its pumped into cans or bottles. Then CO2 can be added and it is sealed and labeled.']","[array(['acc48aa5-4036-4330-a162-572e2eb79578'], dtype=object)]"
344,43f6a2,what's an API? (computers),"['It\'s an ""application programming interface"".  It\'s a defined set of methods by which you interface with functions and data of a program from another programmer.  E.G. google\'s API would allow me to submit (programmatically) a string as a search and get back a dataset of results that include descriptive text and url.']","[array(['cefe5055-d763-4fd0-badf-9a335595a086'], dtype=object)]"
345,89ylwl,Why are Japanese fan content creators so much more strict about their activities in order to avoid copyright issues than Western fan creators?,"['Social responsibility. In general, Japanese culture has a bit more sense of morality in respect to the original creators. They don\'t want to hurt the creators. Theres also this sense in Japan of following the order of things just for the sake of the law. A lot of westerners will do things they know they aren\'t supposed to, if they think they can get away with it. Japanese I think are more likely to take the ""safe"" road. \n\nLots of generalizations here, but I think it mostly holds true.']","[array(['bdd0ade8-b5c2-48ff-b9d7-d5b4942c2d59'], dtype=object)]"
346,1qd5oq,Why do my grey hairs pop when pulled?,"[""Grey hairs happen because the stem cells which produce the colouring die, so that's probably related.""]","[array(['b8c7a6ec-f229-480e-8ab8-989375b6b35d'], dtype=object)]"
347,1zmc1i,The difference between a parody and a satire,"['Parody is imitation. Satire is humorous, constructive, social criticism.']","[array(['c2ebecc8-d3c5-4f1e-b3f0-90f6fb582e23'], dtype=object)]"
348,83spgl,"How come—when looking at the light produced on earth VIA satellite imagery, they are always yellow, when in fact, there are lights of all different colors being produced?","[""It's not VIA, it's just via, a word. :-)\n\nAnyhow, the answer is simple: most electric lights are actually yellow, so when you look at a lot of lights grouped together from far away, you see mostly yellow light.""]","[array(['23ed8430-b607-4ab5-9a90-0e999a0bbc3f'], dtype=object)]"
349,5hjya2,"Why is insurance handled by private, for-profit companies rather than by the government?","[""> and that's definitely not who I would want backing me if I get in an accident.\n\n...except that, unless you were criminally stupid when signing a contract, in this particular case you get to sue them, i.e. get the government involved. Under capitalism, the government is the policeman, not the entire economy.""]","[array(['5085d41b-beac-46c4-8528-61414e05181a'], dtype=object)]"
350,3t4j2z,How do tunnel builders know where they are going?,"['i dont know anything about that specific project, but in general there is an engineer that surveys in the centerline of the tunnel using a theodolite (_URL_0_).  you basically move a known point down the tunnel using the previous point along the centerline as a reference.  you offset each point from the actual centerline so that you can mark the actual points with a nail along the tunnel wall, out of the way.']","[array(['3687fa08-5381-4865-b26e-70f449d1d02a'], dtype=object)]"
351,1jzs1s,How exactly do Saline pools work?,"['Salt water pools still use chlorine, the difference is that the chlorine is produced through electrolysis using the salt as the base material. The advantage is that the salt electrolysis process creates free chlorine ions (the type of chlorine that kills bacteria) and burns off chloramines (the type of chlorine that burns your eyes and smells like strong bleach). As long as they are maintained they will work just as well at killing bacteria, and people tend to find them less irritating, especially if they have sensitive skin. The salt system also has the benefit of ""softening"" the water. They tend to have a higher initial setup cost though, and saltwater is more corrosive than freshwater so you have to keep an eye on the internals and plumbing of the filtration system.']","[array(['4bad95e1-987a-417c-96fd-2ccd58434caf'], dtype=object)]"
352,5u0rc5,"Why did I just pay $250 for a passport with a 3-week turnaround, when a driver's license is $25 and take 30 minutes?","['A driver\'s license is a state-issued document accepted by state governments certifying your identity and ability to drive. \n\nA passport is a federally-issued document accepted by international governments certifying your identity and travel eligibility and history. \n\nWhereas you can get away with a temporary driver\'s license printed on a DMV receipt printer, a passport has a LOT of liability tied to it and basically is your country insuring you as ""This person is a Normal Person"" \n\nThe cost comes from the legal backing, as well as whatever background checks they need to run on you']","[array(['cd66b7eb-90ce-4dc7-9e38-947d62bdb7fb'], dtype=object)]"
353,15k2ib,"the upcoming ""dairy crisis""...Is the Dept of Agriculture really ""required"" to purchase milk from farmers? And what will they do with it once they buy it?","['It\'s not extortion... it\'s protectionist agricultural policy and the agricultural lobby (including [American Farmland Trust](_URL_4_)). Every five years Congress is expected to pass another temporary law regarding agricultural policy known as the [farm bill](_URL_5_). Our current bill, the [Food, Conservation, and Energy Act of 2008](_URL_1_) was passed despite Bush\'s veto in 2008.\n\nThe pentannual farm bill basically allows short-term control over the policies implemented by previous agricultural legislation dating back to even the Dust Bowl and Great Depression. For the most part, these are aimed at maintaining ""farm income stabilization"" and maintaining stable cheap prices while helping farmers stay afloat, despite intense international competition (see ""protectionism"").\n\nIn particular, the Agricultural Act of 1949 (an example of *permanent* agricultural legislation) implemented something known as the [Milk (now Dairy Product) Price Support Program](_URL_0_), which put into place provisions for a a type of *price support* in which the government agrees to purchase enough milk to reach some set goal so that agricultural processors and vendors reach a target revenue, allowing them to pay comfortable wages for farmers.\n\nThe goal was to allow farmers to be able to make a high income and shield them from sources of volatility (like natural disasters). The original 1949 legislation agreed to keep the prices for milk products between 75-90% [parity](_URL_3_), so that farming would remain profitable and we could rely on our domestic agricultural sector in the future. The [idea behind parity](_URL_7_) in this context dates back to the era before World War I, thanks to the earlier statisticians who recorded data on the prices of agricultural goods and other commodities, and centers on the idea of ""fair"" exchange value:\n > “Parity”, as ap-plied to income from any agricultural commodity for any year, shall be that gross income for such year as the average gross income from such commodity for the preceding 10 calendar years bears to the average gross income from agriculture for such 10 calendar years.\n\nNow, in October 21, 1981, the farm bill known as the [Agricultural and Food Act of 1981](_URL_6_) switched to a system in which Congress began to target specific price levels or rely on expectations for surplus, instead, overriding provisions of the 1949 law. The 2008 Farm Bill was the first to explicitly implement price floors on dairy products rather than merely milk:\n > * For cheddar cheese in blocks, not less than $1.13 per pound;\n* For cheddar cheese in barrels, not less than $1.10 per pound;\n* For butter, not less than $1.05 per pound and;\n* For nonfat dry milk, not less than $0.80 per pound.\n\nNow, the problem is that these price floors turn out to be much lower than those found using the 1949 parity provisions thanks to economic growth. Unfortunately, the 2008 farm bill expires in 3 days, on the 31st, and unless a 2012 farm bill emerges quickly, these price supports will revert and the government will find itself keeping milk at a very high cost, crowding-out consumers.\n\n[This is not the only reason why the farm bill is needed, however.](_URL_2_)']","[array(['c7a347c9-2318-4066-9ab2-9a940fbd1bf2'], dtype=object)]"
354,36if2f,"What are the differences between major (competitive) Fighting Games and how they are played competitively? Mortal Kombat, Street Fighter etc.","['It\'s kind of like the difference between Cricket and Baseball.  There\'s some similarities, and skills in one will have some transfer-ability, but to really excel at one, it takes focusing on that one game.  There are all the little nuances that one game has that others don\'t.  \n\nFor not quite ELI5 level explanations:  the current incarnation of Street Fighter focuses very heavily on extremely careful spacing.  A major factor is also so-called ""vortex"" characters.  Essentially, they attempt to find an attack that allows them to get a knockdown and then can make extremely ambiguous attack setups that lead into more knockdowns, quickly snowballing to a win.  Mortal Kombat has many strings of attacks that are ""safe"".  Essentially, if the series is blocked, the series is safe if you can block before your opponent can retaliate.  As such, the goal is to space yourself so that your opponent will miss if they attempt to hit you with a ""block string"".  It\'s pretty much universally easier to punish someone for missing an attack than for forcing you to block.  Several characters with teleporting moves also means that traditional full-screen projectiles are significantly weaker.  \n\nThe latest Killer Instinct is kinda like Mortal Kombat in that most characters have relatively safe block strings.  However, the mechanics of the KI combo system and the counter system adds a nuance to the game that rewards players that study all the characters in the game carefully.  While one player is in a combo, the player being hit has opportunities to ""break"" the combo by inputting an attack of the same strength as the attacker.  If the defender guesses wrong, they\'re locked out from breaking combos for a certain length of time.  The attacker can also fake an attack during a combo and, if the defender attempts to break the feint they are locked out as if they pressed the wrong attack.  A defender can also perform a ""shadow counter"" at the expense of some of their super meter while blocking.  Essentially, it allows the defender to immediately retaliate while blocking.  However, you can be hit out of your counter attempt, so attempting to counter a fast hitting, multi hit move often results in getting hit in the face if you time your counter wrong.  \n\nI\'m not a big fan of it, but Marvel vs Capcom 3 is a game where movement is everything.  There are several unblockable setups in the game, and characters move and attack very quickly, so even blockable moves can be difficult to consistently defend against.  Each player has 3 characters on his team, though only 1 is controlled at a time for each player.  Other characters can be called in as an assist where they will attack with one predetermined move, then jump back off screen.  You have various ways to exchange which character you\'re controlling during the match, and the game doesn\'t end till all characters on one team are defeated.  The game is extraordinarily momentum heavy.  For many teams, a single hit can lead to a combo that will KO a character.  \n\nTekken Tag Tournament 2 is a 3d fighter.  Characters can move on the X, Y, and Z axis.  As such, the emphasis is on both proper spacing (like all fighting games) and on mixing up whether an attack hits high or low.  While you have 2 characters on a team, you lose the round as soon as one of them is knocked out.  \n\nDead or Alive 5 is a 1 on 1 3d fighter, but other than that, I can\'t tell you much.  I\'ve never really played the game, so can\'t give much more info.\n\nArc System Works games: I\'m gonna lump these together.  If you hear of a game as an ""anime game"", chances are it was made by Arc System Works.  Their games tend to feature characters with extraordinary mobility and overly complicated motion requirements.  Apologies to any fans, but quarter circle forward, half-circle back is absolutely stupid as a motion for one move.  The games reward aggression and to some degree outright punish passiveness.  Characters generally have lots of ways to move around: double jumps, dashing while airborne, etc.  To be honest, the games can look kind of chaotic if you don\'t have someone to explain what\'s going on.  The overall plan is to dart quickly in and out of attack ranges trying to either catch your opponent flat footed or to bait an attack that you can dodge and counter.  The newest game and one you\'re most likely to see is Guilty Gear Xrd.  If you\'re wondering about the name, the previous games were Guilty Gear X and Guilty Gear XX.  They were smart enough not to release Guilty Gear XXX.  Regardless, the marquee option to the GG series is the ""roman cancel"".  At the expense of some of your super meter, you can cancel anything that your character is doing.  The character stops whatever animation they\'re in and instead goes to the Roman Cancel animation which is very short.  One of the more common uses you\'ll see is a character throwing a projectile attack of some sort, then performing a Roman Cancel after the projectile is on screen.  This allows the attack to dash in behind the projectile and gain some cover as they approach to attack.  \n\nSmash Brothers:  I\'m going to be super generic here, as each version is pretty significantly different.  The major thing to these games is that a character isn\'t knocked out simply by receiving damage.  Instead, the goal is to knock the opposing character to a certain point beyond the edges of the screen.  As a character receives more damage, they get knocked farther back by attacks.  In general, the game plan is to build up damage on your opponent until you can send them flying with a single good hit.  \n\nIf you watch Combo Breaker (a big fighting game tournament) over this Memorial day weekend, you may come across one other weird game:  Skullgirls.  Like the Arc Systems and Marvel vs Capcom series games, it generally features high mobility characters.  However, unlike most other popular games now, the game rewards players for shorter combos with frequent resets.  A reset is when an attacker intentionally stops a combo allowing the defender to ""reset"" to a neutral state, then immediately restarting their offense.  This gives the defender new opportunities to defend themselves, but good resets are designed to be ambiguous as to how to properly defend against it.  \nIf you watch Combo Breaker, you should totally watch this game, it\'s fun.\n\n\nEDIT:  Just as a last note, I just covered the games you\'re most likely to see when watching a tournament stream plus Skullgirls since 1) I like it and 2) it\'s featured at a major tournament this weekend.  There are a ton of games, and many older games have held onto a following years after it\'s sequels have come out (I\'m looking at you Marvel vs Capcom 2 and Street Fighter Third Strike).  Fighting games are like wines.  There are a million varieties.  Some good, some bad, and everyone has different opinions on which are best.  There\'s nothing wrong with someone liking a pinot grigio over a Bordeaux merlot.']","[array(['13bb5979-ec8d-4660-8f91-190214079a41'], dtype=object)]"
355,1t6uig,"Why is financing a car through a bank cheaper than financing through the dealership, even though dealerships have lower interest rates?","['Quite often, its not.  Many times you can combine a rebate with incentivised financing and end up much cheaper than your bank.\n\nFor example, my wifes 2012 altima is currently financed at 0.5 percent and we bought it several thousand below invoice due to rebates/dealer incentives.  No banks/credit unions were anywhere close at the time. The cheapest was around 4% at the time.\n\nWhere dealerships get you is with all of the add-ons like extended warranties, window etching, undercoats, etc and you will get offered those regardless of whose financing you use.']","[array(['763413c3-6bc5-42c8-b670-e5f1c07ae25e'], dtype=object)]"
356,2m5hcb,how come we don't yet know the perfect diet for humans?,"[""There isn't one. It would vary person to person and even to some degree day to day per person.""]","[array(['466a6671-497b-4662-9ff6-b693364079e3'], dtype=object)]"
357,1kjk9z,What are the rules of Australian Rules Football,"['Well, I\'m not an umpire but i do regularly watch the footy, so ill have a crack. The ball isn\'t really considered dead like in American football and generally the rules allow for the game to be a free flowing as possible with limited interruptions in play. It was based around and is relatively similar to Gaelic football and was invented over a hundred years ago. here a few of the main rules so you can better understand the game.\n\nThe basic premise is to kick the ball through the two large goal posts at your attacking end. getting it through the two big posts scores you 6 points, get it between either of the two smaller posts and one of the bigger ones only gets you one point. you have to kick the ball through for it to count. \n\nthere are two methods of disposing the ball within the rules, kicking or handballing. handballing is where they punch the ball out of one hand using the other. failing to properly handball is called a throw and loses you possession of the ball. \n\nIf you catch a ball that has been kicked more than fifteen metres (approx. 45 feet) by anyone from either side, then it is called a ""mark"" and that stops the play. taking a mark earns you a free kick, you cannot be tackled and you can kick the ball without being tackled so long as you don\'t advance beyond where you took the mark and you kick within the allowed time (not sure how long maybe 30 secs?). handballing, stepping beyond the mark or just running away from the mark continues play and you can be tackled. to run with the ball you need to bounce it at least once every (12?) steps.\n\nyou can tackle opposition players as a means of acquiring the ball. the tackled must not be a trip and must not be above the shoulders. any tackled that is not allowed should end up with the victim (lack of a better word) either getting a free get or they are allowed to advance the ball 50 metres (150ft). they don\'t get to choose by the way, its awarded contextually by an umpire (as i understand). if the player that is tackled fails to dispose of the ball as a result of a tackle (the ball is trapped under them or they are just not letting go) it is called holding the ball and the tackling player is awarded the ball. if you tackle someone who doesn\'t have the ball the it is holding the man and free kicks etc.\n\nsometimes when an infringement occurs but the opposition is all ready on their way and the ball gone already, the umpire will call ""advantage paid"" meaning they will not punish the infringer as the infringement resulted in opposition advantage anyway and its not worth stopping play for it. \n\nas i said, these are just a few of the basic rules and im not an umpire, just a fan ( i welcome any corrections btw, just chime in). i hope you understand the game a bit better now :) and ask if you need anything clarified.\nhope you enjoy the game as much as we do down under!\n\n^carn ^^the ^^^bombers!']","[array(['510a1e27-b4c0-4603-8d9d-bc468cc43f40'], dtype=object)]"
358,848n8s,Why do aeroplanes/airplanes have headlights?,"['>  Why do aeroplanes/airplanes have headlights?\n\nAircraft commonly land at night when it is dark. Being able to see the ground when coming in for a landing is important because they need to touch down at a reasonable speed.\n\nSo not to put too fine a point on it, they are so the pilots can see when it is dark. You know, like with regular car headlights.']","[array(['cba76b78-4ded-4ce0-bdd7-b67686e3b5be'], dtype=object)]"
359,1zhw18,Why do i sleep better when its cold?,"['The temperature that your body sleeps at is lower than the temperature your body maintains the rest of the day, this is for energy conservation and obviously to let your body rest. Simply put, keeping the temperature in your room lower may help your body to achieve this lower resting temperature. This makes falling asleep and staying asleep easier.']","[array(['15120f20-1c69-41be-92f6-e99b14f6a22f'], dtype=object)]"
360,2ir9za,"How if I have some software that requires a product key that you must pay for, that many people can use the same key?","['There are two ways that a product key can be validated.  The first way is that the program ""phones home"" to check that the key is valid, and is tied to your account.  This type of validation means that the same key can (usually) only be used once.\n\nBut the other way that a key can be validated is if there is some algorithm that generates valid keys, and that can verify that a particular key is valid.  For example, maybe keys are generated by taking your email address, appending some fixed string of letters to the end (known to the program, but not to you), and then feeding the resulting string through a hashing algorithm (which is a sort of one-way function that generates a unique-ish ""fingerprint"" of a bit of text or a file).  The resulting hash is your product key.  \n\nIn this case, it\'s super easy for the program to verify that a given email address + product key is valid, because it just takes the email, appends the secret string to it, and then hashes that to see if the resulting hash equals the product key you entered.  This has the advantage of not requiring an Internet connection to activate the software, but does make it vulnerable to re-used keys.  I\'ve seen some companies that make the credit card number used to purchase the product part of this process to discourage sharing of product keys (since you\'d also have to share your credit card number).']","[array(['60e48584-ca06-48d9-8b57-797ea2ffb386'], dtype=object)]"
361,7b6o9n,How does a contagion spread from contact with an open wound to the target organ in the body ?,"['Generally through the blood stream or the lymphatic vessels. When a contagion attacks a specific organ I.e. Hepatitis, it is because something about those cells allows that particular pathogen to attack/reproduce better than they do in other cells. They don’t move towards that organ specifically, they just keep getting pumped through the bloodstream until they find a good place to start reproducing, or they’re killed by the immune system']","[array(['31daf19d-f30b-4883-aea9-0317ce2b9696'], dtype=object)]"
362,25bbfn,"Why can some people smoke and never get addicted, while other are addicted for life?","[""Not everyone is equally susceptible to addiction to cigarettes.  I can chain smoke for a few weeks and then just stop for a few weeks without it being an issue.  I'm not sure why that is true for me but its possible it may be because I was around second hand smoke a lot as a child.""]","[array(['bd4e065e-53a2-40f5-9cc9-8b6b903f625b'], dtype=object)]"
363,1maris,How does a state minimum wage increase impact people?,"['Essentially minimum wage increases due to inflation, inflation is the concept that money isn\'t worth as much as it used to, and therefore you need more of it (imagine your grandpa saying ""back in my day it cost a nickel for a loaf of bread"" bonus points for reading it in an old man voice)\n\nBut what happens is that the cost of everything increases, but the amount of money people have stays the same, meaning that to maintain their standard of living, they need to increase their wage.\n\nBut of course, this means people now have more money, and people will be willing to raise their prices accordingly, causing inflation causing the circle to go round.\n\nIt\'s what happens when you have a currency that is arbitrary, in the sense that it isn\'t tied to anything solid, like a resource, ie Gold Standard.']","[array(['2c0a884d-95a2-43e1-90c0-44ad8f4a2d95'], dtype=object)]"
364,8bqhwa,Why do trained muscles get more volume rather than density?,"[""Skeletal muscles are the muscles that you use for voluntary movement like your arms, legs, etc. They're made of myocytes, which have a limited ability to divide. Other cells in your body constantly divide, like your skin or the inside of your mouth (these are known as epithelial cells). \n\nWhen a cell is stressed out, as in it receives stress from either hormones, exercise or something rubbing up against it, etc, it'll adapt in order to take more stress. Your muscles can't divide, so they undergo hypertrophy or get bigger. Your skin cells divide more to compensate (hyperplasia) but they also secrete more keratin. \n\nWhy do they have a limited ability to divide? It just comes down to the fact that they're highly specialised. Generally, the less specialised the cell is, the more it can divide. Stem cells, or pluripotent cells are not specialised at all, but they can divide endlessly and become any cell in the body. Myocytes, cardiomyocytes (heart muscle), and neurons are highly specialised cells and have very poor ability to divide. it's why heart attacks are so bad, and why spinal damage doesn't heal properly.""]","[array(['370ccffe-1108-4b98-80ab-123d22220259'], dtype=object)]"
365,1nt8gg,Why was the European Union created?,"['Also, food-security. During the world wars food would be a scarce resource. The EU subsidizes farmers in the EU so they can compete with cheap food from outside the EU which was made with a lower wage for the workers.']","[array(['28d3ae8f-7ad1-4b90-9a19-6cbfc6924037'], dtype=object)]"
366,3nr8vz,"In US, when a city is divided into two states, if a crime occurs in a part of city and the criminal is caught in different part of city, Is he also violated Federal Interstate laws?","[""Only if he committed the crime across the line.\n\nFor example, if I knock over a Quickie Mart in KS, and then flee to MO I've only committed a crime in KS. If a kidnap a guy in MO and take him to KS now I've committed a crime in both states as well as federally.\n\nIts the cross-border nature of the crime that is important, not where the criminal is located.\n\nIf I knocked over the Quickie Mart in KS *from* MO that'd be federal too. I don't know how I'd manage that though :P""]","[array(['16037727-e849-46e8-8543-008bda6840da'], dtype=object)]"
367,154rih,"what happened to the hole in the ozone? Did we fix it, is it still there, was it never that big of a threat?",['We found replacements for chlorofluorocarbons and drastically cut down the rate at which we released them into the atmosphere. The holes are still there but have stopped growing and are on the path to recovery.'],"[array(['342ac6a9-7763-451d-bdaa-7524c2c82114'], dtype=object)]"
368,23h63v,When I put pressure on my eyes for an extended period of time I see really cool patterns that alternate. What is that?,"[""your eye is full of liquid called the vitreous humour. when you press on your eyes, you're increasing the pressure of that fluid inside the eye; that in turn causes pressure to be applied to the nerves in the back of your eye, on your retina. those nerves get confused and start sending out random signals that you see as cool-ass patterns.""]","[array(['4c18bc8e-7fc2-44ef-b587-9e3eedde54cb'], dtype=object)]"
369,1ogcct,Why is Saudi Arabia an ally of the USA?,"[""Saudi Arabia has oil and wants money.  \nUSA has money and wants oil.  \nIt's pretty much as simple as that.""]","[array(['6bb30667-c249-4cca-b245-ed0f6f892029'], dtype=object)]"
370,8p3838,How can Brick and mortar retailers continue to exist with online competitors,"[""Somethings need to be touched or experienced.   They can also do onsite repair and warranty work for value add\n\nValue add is the key.  The appeal to niche markets or do something that email and returns isn't quite comfortable\n\nWould you buy a house online?""]","[array(['4d566ad5-0222-4a34-a1e1-176934d87c42'], dtype=object)]"
371,zpoif,Why does the shower water become hotter when someone flushes the toilet?,"['your water heater heats water to anywhere from 120 to 180 degrees F.  So in order to keep you from burning yourself cold water is mixed with the hot water to make a comfortable temperature.  when a toilet is flushed it pulls a few gallons of water.  thus, limiting the amount of cold water available to cool the shower.']","[array(['8cb02a98-568f-4fcd-aa02-ab81a5e1b7bc'], dtype=object)]"
372,3aswuf,"Do uncontacted tribes know we're here, like we are aware of their presence?","[""My impression is that most of them are aware that some kind of big, huge, technologically advanced world exists, but they don't know shit about it. \n\nCommonly they are uncontacted because they want to be: being contacted tends to screw them over. (They flee from contact, or hear rumors from neighboring contacted tribes.)  Either they have few useful skills and end up in the bottom of the heap of capitalism, or they get massacred by brutal 3rd-world mining and logging companies. \n\nOTOH, they likely have very little idea of the scale or workings of industrial civilization.""]","[array(['59d309ee-732b-47db-891c-9cb2616cb73c'], dtype=object)]"
373,436epl,Why things glow white when they got real hot,"['When anything is above 0 kelvin, it produces thermal radiation as its particles bump around and change energy levels etc. Thermal radiation is electromagnetic radiation. Light is electromagnetic radiation at a very specific range of wavelengths (see the electromagnetic spectrum for more detail). So thermal radiation can be seen IF it is being emitted at the right wavelength. The good news is that most bodies emit thermal radiation over the entire electromagnetic spectrum, roughly following this [graph:](_URL_0_)\n\nAs temperatures increase, The thermal radiation has more energy. This means a higher average frequency (or lower wavelength) for the thermal radiation. Eventually enough of the thermal radiation is in that specific wavelength of the electromagnetic spectrum we call visible light to make it appear to glow (about 700 C, 1300 F). Colder than that and while it emits a small amount of visible light, it isn\'t enough to make it glow.\n\nThe lowest frequency part of that visible spectrum is red. The highest part of that spectrum is blue. So as it heats up, it changes from glowing red (and mostly a mix of radiation below the visibility), to a mix of red and blue (and some above and below the visibility), to eventually some blue and only a little red (and mostly above the visibility spectrum). \n\nThe mix of red all the way through to blue will eventually look more and more white as it heats up, because it will contain all of the colors of the visible spectrum (which together look white, think reverse prism). Once it gets even hotter, that white color will take on a blueish tinge, then get more and more blue.\n\nFinally it will be almost completely completely blue. So blue - >  white - >  red - >  invisible for how hot- >  cold a body is.\n\n\nThis is also why you can ""feel"" hot things at a distance, because your hand is absorbing some of this thermal radiation and heating up, even if the surrounding air is cold.\n\nThe suns electromagnetic radiation is centered at about 500 nm wavelengths (smack dab in line with our ""visible light""). It makes sense that our eyes developed to be sensitive to the largest concentration of electromagnetic radiation we received. If our sun had been a little colder, chances are our ""visible light spectrum"" would have developed in a higher wavelength, part of what we call infrared light. In case you were wondering why our eyes can only process a certain range of the electromagnetic spectrum.']","[array(['a7eac921-30be-47e5-932a-fba005b12e82'], dtype=object)]"
374,1upp85,Why can't we just gargle an antiseptic to get rid of a sore throat?,"['Because the source of your sore throat is not lying around on the surface of your throat, but within the soft tissue surrounding it. Its like saying that washing your chest with a bar of soap should alleviate a chest cold.']","[array(['66caa1af-81db-48cb-9d2c-f3d531c69f4b'], dtype=object)]"
375,1ecna8,"With the recent ""Infinity Table"" posts, can someone explain how they work?","['First, let\'s explain what a ""one-way mirror"" is:\n\nIt is not a mirror that only reflects light going in one direction. It is a _partially reflective mirror_ that allows some light of either direction to go through, and reflect some light of either direction.\n\nWhat this means in practice is that depending on relative lighting conditions, it may appear to be a window or a mirror. An example of this would be your house window - on a bright sunny day, you have no trouble looking out. Someone outside, however, may see a reflection. This is because the glass reflects some light, and transmits others. Since the outside is _so_ bright, a large amount of light is reflected back to the observer outside. This overwhelms any light that is transmitted from inside to outside. The indoor observer, on the other hand, as a lot of light transmitted _into_ the window, so any reflected light is drowned out by the transmitted light.\n\nYou will notice the reverse at night, when you have lights turned on and outside is dark. Now the indoor observer will see a lot of reflection, and the outside observer has no trouble peering in.\n\nAlright, so knowing this now, how does the infinity table work? The bright lights within the table makes the inside bright. Some light gets leaked out to your eyes - that\'s what you see. Other light gets reflected to the bottom mirror, which gets reflected back. Some of _that_ light reaches your eye, but another fraction gets reflected back to the bottom mirror, and so forth. That\'s why you see many copies - and that\'s also the reason each reflection gets dimmer and dimmer - some light escapes, and other is absorbed. Only a fraction is reflected each time.\n\nIt has nothing to do with projected images.']","[array(['d64b210c-b5d5-46e1-a9aa-074f30ca89f2'], dtype=object)]"
376,6dip7y,Why are PIN codes not needed for online transactions?,"[""Credit cards and debit cards, historically, worked with different banking networks and were developed with different mindsets. Credit cards chose to focus on signatures in the early days, while debit cards chose to use PINs.\n\nWith that history, though debit and credit cards have sort of merged into a very similar style of transaction, they still hold onto some of the early designs for how those networks operated. There hasn't really been a need for changing the way credit cards worked, and introducing PINs for those cards would be a very big change that people probably wouldn't be happy with.\n\n---\n\nThere are some more details in an answer to a similar question here: _URL_0_""]","[array(['c4a63ec3-8fda-4e60-8aeb-a32cfe7ac02a'], dtype=object)]"
377,50cfzv,"What is an orchestral conductor doing, and how can everyone follow what he's doing regardless of what instrument they have?","['He\'s keeping time. Each swing of the arm is a ""tic"" in the temp of the piece which all musicians, regardless of instrument need to keep in synch. He can also make larger or smaller movements to indicate changes in volume. And he will cue sections or individuals for specific parts of the piece that highlight that musical voice.']","[array(['fc6e1774-d178-429e-b7b3-9adaedd9c248'], dtype=object)]"
378,1vdjl1,"Why can't governments print ""temporary"" money to cover important expenses?","[""They do, and it causes inflation because the money doesn't have any material value behind it.\n\nMoney is just something we use to represent value. Without creating the value, the printed money isn't anything more than paper, which in turn, makes every piece of money less valuable.""]","[array(['0aad772a-c2a7-4b55-bcb9-938b5ab9e003'], dtype=object)]"
379,4dk0cj,"Why can humans eat almost anything, yet so many foods like chocolate, grapes, and xylitol are dangerous for dogs and other mammals?","[""The premise of your question is basically flawed. We can't eat almost anything. About half of the red berries in existence are poisonous to us but not to birds, for example. The same is true about mushrooms.\n\nAlso, not everything that is edible is food. Uncooked grains are edible, but you would eventually die if that's all you ate. OTOH, if you cook it into bread, you're pretty much good to go.""]","[array(['fa460f9e-3eac-46ad-a25e-68783638a8b8'], dtype=object)]"
380,33r246,Why are Americans more or less complacent with the income inequality in their country?,"["">  It seems like people are ready to bitch about how somebody is literally Hitler for collecting food stamps \n\nThis is, unfortunately, the most successful way to *get* the extreme calcification of economies. When you blame the poorest and least powerful people for all the economic problems ('welfare queens') and put the rich on a pedestal ('job creators'), you get people fighting each other and ignoring the big issues. And because people are emotional, they want an enemy that is readily available and will make them feel good after getting some hits in on, not an enemy that appears untouchable and is difficult to have victories against.\n\nThere are identity politics and self-worth issues at play here.""]","[array(['dfe7580f-6521-42a0-98b9-15ffa8c8f87a'], dtype=object)]"
381,18dufv,How are those huge cranes that work on skyscrapers setup/made taller/moved to really high floors?,"[""They're modular and self-assembling. The first structural piece under the rotation head, the lifter module, is more complex than the rest; it includes slides and jacks. The complete assembly process involves anchoring the base and setting up the horizontal arm. Once that's ready, the lifter module jacks up the head and the arm, and the crane lifts a structural segment off a truck and into place. Once the new segment is bolted in, the jacks retract and are bolted onto the new top structural segment. This process is repeated until the crane is as tall as it needs to be.\n\nDisassembly is the same process in reverse, with a caveat. If there is more than one crane involved, they may build around a crane within the building, so long as at least one crane is outside to lift out the pieces. The last crane, however, always has to have enough clear space to disassemble itself in the same process in reverse that it assembled itself with.""]","[array(['5b5f56c1-0aca-448c-9fb6-0e84f46a94d5'], dtype=object)]"
382,33iqtu,Why is cooking wine not regulated in stores like regular wine is?,['Its not intended to be consumed as alcohol.    Vanilla extract is well known way for minors to get alcohol.'],"[array(['2e9baa45-8a31-4ed4-81e1-05cbc208a289'], dtype=object)]"
383,26t8mb,Making cocaine from the coca leaf.,"['this is about as simple as it gets \nfrom: _URL_0_\n\nHow Cocaine Is Made\n\nCocaine\n\nCocaine is a highly addictive stimulative drug that is manufactured from the leaves of the coca plant. It is classified as a central nervous system stimulant, but pharmacologically it is considered an anesthetic. Cocaine is a drug that increases alertness, feelings of well-being, euphoria, energy and feelings of competence and sexuality. Anxiety, paranoia and restlessness are some of the side effects of the drug. It is the most abused major stimulant in America and the second most popular illicit drug used in the USA behind marijuana.\nCocaine and the Coca Plant\n\nCocaine is a naturally occurring alkaloid found in certain varieties of the Erythorxylum genus, or coca plant. Of the 200 species, only 2 contain significant levels of cocaine. The plant can grow in widely varied climates and soil conditions, though the highest cocaine content is found in plants that are grown in higher, cooler climates. Cocaine is harvested from the leaves of the plant which are continuously stripped from the plant. Once stripped, the leaves are typically dried until brittle or transported immediately to an illicit laboratory. If the leaves get wet and begin to rot, they will be unusable.\n\nCocaine is synthesized from the leaves of the coca plant to form a paste. This paste is further synthesized and cut with adulterant substances to make it into street-level cocaine that can be injected, snorted or smoked. To make the paste, there is a process of extracting the cocaine that includes the use of toxic chemicals. There are two main ways that the cocaine paste is made: solvent extraction and acid extraction.\n\nSolvent Extraction of Cocaine Paste\n\nThe first stage is to finely chop the leaves and dust them with lime or carbonate salt along with a small amount of water. Some manufacturers will use a leaf mulcher to complete this process, others will do it by hand. Next kerosine or diesel fuel is then added to the coca leaf and lime/salt mixture and vigorously stirred for up to three days. This removes the cocaine from the leaf into the liquid. Occasionally this is done using a washing machine or cement mixer. Poorer manufacturers will do this by hand.\n\nOnce the cocaine has been extracted, the liquid is heated to remove any wax from the coca leaves, then filtered to separate it from the vegetable matter. There will typically be a large amount of liquid that is then mixed with sulfuric acid and mixed again. The acid converts the cocaine free base to cocaine sulfate. The mixture is allowed to sit to allow the separation of the cocaine sulfate which is then mixed with lime or caustic soda. The addition of these chemicals neutralizes the sulfuric acid and the filtered chemical is a gummy, yellow solid. This paste is dried, packaged and shipped to a further laboratory for further extraction and handling.\n\nAcid Extraction of Cocaine Paste\n\nThe leaves of the coca plant are placed in a pit with diluted sulfuric acid. The leaf and acid mixture is vigorously macerated by workers who will typically stomp the mixture for up to 2 hours. The acid in the pit will convert the cocaine in the leaves to cocaine sulfate, which is removed and then heated to remove the waxy residue. It is then filtered to remove the remaining plant matter. The liquid then has lime or carbonate added to it, and is stirred vigorously, resulting in a curdled coca paste. The curdled mixture is mixed with kerosine and then re-filtered to isolate the paste and further processed with more sulfuric acid.\n\nCoca Paste to Street Cocaine\n\nOnce the coca paste has been extracted and produce, it needs further processing to change it into the product that is ingestable. This is primarily a purification process. The coca paste is dissolved in a small amount of dilute sulfuric acid and potassium permanganate is added. This chemical is a powerful oxidizing agent that reacts with the impurities in the coca paste and changes the color of the coca paste from a yellow-brown color to a colorless or faint white color. The resulting colorless, acidic solution is filtered and treated with ammonia to neutralize the sulfuric acid.\n\nThe cocaine product is further dried to convert it into cocaine hydrochloride. Cocaine hydrochloride is the street product that is a white, crystalline powder with a bitter taste and numbing effect.. Cocaine loses its potency in other forms and it is also less soluble. Cocaine must be water soluble so that it can be injected, otherwise the drug can be in clumps when injected which can lead to cardiac arrest. As cocaine hydrochloride, which is a salt, the drug can be both injected and snorted and is absorbed into the blood-stream easily.\n\nTypically, cocaine hydrochloride is cut with other products before it is sold on the street. Adulterant substances are used to increase the volume of the drug and increase profits for dealers. The substances that cocaine are cut with can include non-toxic items such as talc, bicarbonate soda or glucose to harmful chemicals such as amphetamines and levamisole.\n\nConverting Cocaine to Crack Cocaine\n\nCrack cocaine is the most potent form of cocaine. Crack cocaine produces a very intense high that is often associated with repeated use of the drug and intense energy, hyperactivity, aggression and paranoia.\n\nCrack cocaine is made by converting cocaine hydrochloride into a solid form of freebase cocaine. This is done by cooking cocaine hydrochloride with sodium bicarbonate or ammonia. The result of the cooked cocaine is a jagged chunk of crack cocaine. In this form the drug is typically smoked by heating it in a glass pipe and inhaling the vapor.']","[array(['e4fb54cd-dd50-48cb-bb64-ab4552e100b7'], dtype=object)]"
384,1iezao,Why are Dolphins considered to be smart/advanced?,"['They have communities, basic communication skills, they understand death, they have sex for fun and rescue creatures that are in danger.']","[array(['93948787-cccf-451c-bc16-305dc5c8259d'], dtype=object)]"
385,3to8lt,"During the Middle Ages, what would happen if a country invaded another, and the invaded country couldn't afford to fight so it surrendered, but the invading country kept on fighting?","['That\'s not really how treaties work. Treaties aren\'t like ""you get to keep all the land you\'ve taken,"" they always specify very exact borders. If Country B truly had no will to fight, they would have given up all of their land (which is basically what an unconditional surrender is). If Country A didn\'t take advantage of the situation and got a treaty that wasn\'t as favorable as it could have been, tough shit; they should have thought of that before they signed the treaty.\n\nOf course, they could just break the treaty. There weren\'t any real international institutions in place to enforce that sort of thing, but you don\'t really make any friends with a reputation for breaking promises.']","[array(['97e934e4-a718-4093-acf3-dd37bb1d5f66'], dtype=object)]"
386,3r6oge,"How does the ""brace"" position in aircraft emergencies protect us?",['The position places the body in a way where the damage to the body will be minimized.  \n\n_URL_0_\n\nthis is the result of not bracing.  Bracing minimized the forces to the body'],"[array(['423a79ce-3f16-46bd-b036-9a8483e1c222'], dtype=object)]"
387,5dfnje,How are brain aneurysms diagnosed and treated?,"[""Brain aneurysms are usually asymptomatic. The only time that they can otherwise be diagnosed is if they grow large enough to start bleeding, which can cause severe headaches, a lot of uncontrolled vomiting, and in other cases, they can compress the surrounding structures and nerves in the brain and cause a dysfunction there.\n\nDoctors can also suspect aneurysms in susceptible individuals. A family history of aneurysms, certain heart defects, connective tissue diseases such as Ehler-Danlos syndrome, or kidney diseases such as Polycystic Kidney Disease also are known to be associated with brain aneurysms.\n\nIn any case, the only way to know is through imaging, which can be done best by MRIs that allow you to see the blood vessels, or other forms of imaging such as a CT with a special dye that marks blood vessels clearly.\n\nThe idea of using platinum coils in an aneurysm is that they loop around several times inside the wall of the aneurysm, and trigger blood clotting in that area. Once the aneurysm clots over completely, there's very little chance of it bursting or bleeding out.""]","[array(['7b6a9f18-4ed7-4f6f-947f-68ef82dad900'], dtype=object)]"
388,2s1to4,Why can certain types of batteries be recharged when others cannot?,['Non rechargeable batteries are based on an chemical reaction that is not reversible.\n\nEdit: electrically reversible that is.'],"[array(['50c886f9-025e-42cb-9142-4403737b573b'], dtype=object)]"
389,1dwbro,The US has more youth playing soccer than any other nation in the world. Why don't we have our own Messi?,"['We have a lot of kids who play soccer, but the vast majority are in recreational leagues, not serious youth development programs like Messi went through. Those are growing along with the domestic league, though - the MLS Academy system just started four or five years ago.']","[array(['ab189203-1f15-461e-8a88-7d950a82e719'], dtype=object)]"
390,2p8006,Would increasing the minimum wage and setting a maximum wage strengthen the middle class?,"[""Because this is entirely speculative and subjective it's been removed.  Try /r/futurewhatif instead, or /r/askreddit instead.""]","[array(['d6f759b0-f3a9-4baf-ad39-4852b856eec4'], dtype=object)]"
391,1ixlrc,"(As an American) Why is freedom of speech protected from the government, but not corporations?","['The Freedom of Speech does not grant you the right to say whatever you want, whenever you want, it merely prevents the GOVERNMENT from restricting your right to free speech. When it comes to private institutions, they are free to set their own rules regarding things like speech, because you always have the option to not use them. \n\nYou are still allowed to keep your right to free speech, Tumblr is simply denying your ability to use THEIR website to do so.']","[array(['b5b77bd6-dd32-4ceb-807d-d9fbc7ff0d2c'], dtype=object)]"
392,3edvi1,"Cosplay; is it just done for an event? Does one wear their outfit on multiple, random occasions? Is it just made for the photos?","[""It's usually for a convention, which will run for several days. Some people wear the same costume to multiple conventions, others make a new one for each one.""]","[array(['212b5cc5-3e25-403b-9083-229f35a12f00'], dtype=object)]"
393,1x23tt,"If there are concentration camps in North Korea that are similar to those found in Germany during WWII, why hasn't a military force such as NATO intervened?","[""This is asked a lot, but here it goes.\n\nNorth Korea would react violently if any force tried to offer aid to those in the camps.\n\nIf North Korea acted violently, there would probably be a war.\n\nIf there were a war, China would be upset. China doesn't want millions of refugees and nuclear radiation at it's borders.""]","[array(['f5e2ab73-185e-4dae-8281-ff90c07f3170'], dtype=object)]"
394,1xnvc5,Why is mercury the chosen substance for determining the temperature?,"[""We actually don't use mercury anymore, we use alcohol.  But the simple answer is because as a liquid metal it is conductive, and expands and contracts predictably (importantly, linearly) with temperature changes.  Further, unlike water, it's freezing point is low enough there is little change of that happening, and even if it somehow occurred it wouldn't make the thermometer explode as water would.""]","[array(['245fe7e2-3965-4b12-a362-bd729461aa9e'], dtype=object)]"
395,4azdlw,How do women's menstrual synchronize if they spend a lot of time together?,"[""They do not. It is a common misconception. They will occasionally *overlap*, in the same way as if you watch a bunch of cars with their blinkers on, but they don't synchronise.""]","[array(['a6172627-24fe-4a32-a6b0-ef2e340dab7a'], dtype=object)]"
396,512m77,Why do lights and stars sometimes appear to have points sticking out of them?,['If you are thinking of photos then they are called [diffraction spikes](_URL_0_) and are caused by the wires that keep a mirror in place.'],"[array(['2b7435f7-cfcd-476c-bd6d-6965c3573a4c'], dtype=object)]"
397,8i5nbh,I am confused about how many KB are in 1 MB. Some sources seem to say 1000 and others say 1024. Which is it?,"['1024, 1000 is rounded out, u don\'t say ""hey that burger is 1,99"" you say: ""hey that burger is 2 dollars""']","[array(['2ec72dc1-c4fb-4ad0-97dd-851f09483c7a'], dtype=object)]"
398,5nbh7c,What would happen if a male took female viagra?,"['The active component of Viagra is nitric oxide, it has the same hormonal effects on males and females which lead to the sex specific responses. So, an erection for men.']","[array(['adb325fa-48e4-450c-8834-9d51ceb66efd'], dtype=object)]"
399,6ht8kt,How has the sloth been able to survive natural selection for millions of years without predators wiping out the species.,"['Sloths tend to stay in the trees, The only real predators they could have in their environment tend to stick to the forest floor.\n\nThe biggest threat to their species are of course humans though, Several varieties of sloth all over the world have actually gone extinct mostly from human interference or hunting.']","[array(['c400b055-c322-4ff5-b114-f491db61d6bf'], dtype=object)]"
400,69z9t8,"Why are people so drawn to shiny things like minerals and gems, especially to the point where they're used in things like fine jewelry and crowns?","['Shiny things are usually rare and/or valuable. We put them with other shiny things as a show of wealth or status, like the British Crown Jewels or the Hope Diamond.']","[array(['b0869c01-abcd-4cf7-880f-2fc53619abee'], dtype=object)]"
401,4r5b69,What does growth mean in terms of a countries economy?,"['The way I learned economic growth, the ways economic growth is measured is by increasing the production capacity the country has (or, in other words, produce more stuff, which then brings in more money when the country exports it). War is famously known to help production (although it also has its downfalls), as the government wants every ounce of resources it can get to produce weaponry and other goods, and hence WWII is usually credited with officially ending the Great Depression.\n\nThere\'s also growth that\'s caused by better quality of life for the residents, such as technological advances (such as from horse-and-buggy to cars), increased literacy rates, decreased poverty rates, lower unemployment rates, better environments, etc. With these, people are more eager to spend money rather than to spend (such as the ""world is ending"" mindset many people had during the last years of the Cold War in the \'80s), and of course, with more spending, there\'s typically a healthier economy which leads to more growth.']","[array(['0b1f5f57-f708-4466-baa6-2ad5876f0a29'], dtype=object)]"
402,16za92,please ELI5 what the sound is when i put a cup near my ear,"[""[Source](_URL_0_)\n\nThe cup (or shell) amplifies the ambient noise, which is the thing you hear.\n\nMany people believe it's an echo of your blood, this can easily be disproved. Try to exercise and put the cup to the ear. The noise is no louder, even if you hearth is beating faster.""]","[array(['dbed26e9-dbdc-42b1-9908-79d2a9a6908e'], dtype=object)]"
403,8vlu65,Why do you often feel to hot/cold when you want to sleep?,['Your body temperature decreases to initiate sleep.  The recommended temperature for a good night’s sleep is 60 to 67 degrees.  That’s a lot lower than what I think most houses are at right now.  So if your house feels too warm and you’re noticing it when you lay down for bed that’s probably why.  I know the first sign every year for me to break out my a/c is when I lay down at night even though it was most likely hotter during the day'],"[array(['0661dccd-b5df-4c70-9e8d-d3409c5c7aff'], dtype=object)]"
404,8ovr5b,"Is it possible to make an app that is a scale for an iPhone? Since we have pressure sensitive touch, is there a reason we can’t have it measure just how much pressure for small items?","['It is entirely possible and definitely a thing, such apps and sites did pop up when 3D touch became a thing with the iPhone 6 release, but IIRC Apple labeled the use of the phones in this way a liability and these apps were removed from the app store, but some websites are still around such as TouchScale.']","[array(['44d5e7fc-09bd-4128-b40d-0e83a5ea2c16'], dtype=object)]"
405,6iymc9,"when is space where there is nothing but emptiness, what do rocket engines thrust against that make them move forward?","[""The rocket engines push against the exhaust that is being expelled.  For every action, there is an equal and opposite reaction.  It's exactly the same as if you were wearing ice skates (standing on ice, obviously) and holding a bowling ball.  If you throw the ball forward, you'll slide backwards.  This is not because the bowling ball is pushing against the air.  It's because when you push the bowling ball forward, you're also pushing yourself backward.\n\nWith a rocket, the exhaust from the engines is the bowling ball.""]","[array(['ce18ca12-402d-4166-82f5-5a264dc6b38c'], dtype=object)]"
406,460ot6,Why does the law allow companies to purchase or merge with other companies? Why aren't all purchases/mergers viewed as a consolidation within an industry and a step closer to monopolization?,"[""Having a monopoly is not inherently bad or illegal. What is illegal is using your control over a market to stifle competition. That's when the government steps in and companies are broken up.""]","[array(['6e1f0097-40fe-4f16-859f-09630d10b661'], dtype=object)]"
407,445hx9,Why doesn't the United States FDA create a daily multivitamin they approve of?,"['Vitamins are not food and they are not drugs. They cannot regulate them because currently they do not have the authority to do so. They (or some other part of the government, I am not sure) would have to reclassify all vitamins to make them a drug and therefore able to be regulated. \n\nEdit: Also the FDA does not make any drugs, they regulate the companies that makes drugs. I am not sure how the FDA changing the classification of vitamins would magically make them more beneficial.']","[array(['5b91ad1b-43ec-4506-9628-858b89f040b5'], dtype=object)]"
408,oqd4l,Why is Quebec still French speaking?,"["">  why is it the only French speaking region of Canada?\n\nIt's not. It's only the only province where French speaking people are a majority.\n\n >  How come since Quebec was British owned and subsequently part of an independant Canada, English was not able to replace French?\n\nTo avoid uprisings, the British accepted that it would keep its laws, language and religion thinking they would eventually assimilate. People decided they wouldn't and made efforts to preserve those. To this day, Quebec still works on a different legal system than the other provinces.\n\n >  Is French still realy the dominant language of Quebec?\n\nYes.\n\n >  Do most people speak it there?\n\nYes\n\n >  What are the languages though in school/shown on tv/ radio etc.?\n\nSchool teaches some English but not enough to qualify as bilingual. Media produced in Quebec are in French.""]","[array(['60857f10-068d-4d19-b60e-d7ad02152602'], dtype=object)]"
409,1fbhgs,Why does rain make people tired?,"[""It's probably a combination of reasons.\n\nHumans like to be awake all day and sleep all night. And we take our cues from the sun. If it's raining it's darker, so our bodies think, hey almost time for bed! Let's get sleepy!\n\nThe other reason is ( I'm not to sure about this one so other redditors feel free to debunk me! ):\nWhen we're in our mommy's belly we're constantly surrounded by the sound of her body, her digestive system gurgling but mostly the sound of her blood circulating. Which is a constant rushing sound. Rain kinda sounds like that, just like a rolling car, or vacuum cleaner. This makes us feel safe and comfortable. And again sleepy.\n\nFun facts about this: If you drive a long way and don't have any distracting sounds like a radio the sound of your car can cause 'highway hypnosis' causing you to relax and fall asleep behind the wheel.\n\nBabies, when they're tired fall alseep very easily in the car or when a vacuum cleaner is running. Because it reminds them of being inside mommy's belly.""]","[array(['ceccbe33-d283-4a37-a420-900e5bcc11e4'], dtype=object)]"
410,32f5jw,"How come if I put a lot of pressure on my fingers or toes (i.e. rest my head on my hand) they go ""numb"" and lose all feeling?","[""You reduce the circulation dramatically meaning the blood isn't being supplied to the cells including the nerves and therefore they shut down. Restore the circulation and they start up again deluging you with all your missed messages.""]","[array(['2ce68489-8a16-46f1-a2fe-7b27092b3dc7'], dtype=object)]"
411,1pc8c0,"If nuclear waste is the biggest concern over the power plants, why couldn't/wouldn't we just launch the waste into space and into the sun to dispose of it? Or even just into space. Isn't there plenty of radiation there, already?","[""The rule of thumb, (I think according to Phil Plait's book), given current technology, the estimated cost for launching something into space is roughly the cost of the weight of that thing in Gold, and the cost to get it to the moon would be the weight in diamonds. \n\nTo be more mathematical, according to this sourced Yahoo [answers page](_URL_2_) the cost is about $5,000 per kilogram to get something into orbit.  \n\nNow, getting something into orbit is not enough, since orbits decay and that would just put the junk right back on earth.  Likewise, that $5,000 is based on a space plane that isn't going to scale quite the same.  But, combining those too let's say it only costs twice as much to get material permanently out of earth's orbit. (my guess is I am off by an order of magnitude)\n\nThe U.S. generates 2,300 metric tons of waste [per year](_URL_1_).  That's 2.3 million kilograms. At our unbelievably conservative estimate, that means the minimum cost for launching that material into space is 23 billion dollars per year, just for the United States.  For comparison, NASA's budget in 2012 was 17 Billion dollars. \n\nfor comparison:\n > It’s been estimated that Yucca Mountain – the United State’s current plan to store nuclear waste – will cost about $58 billion to store waste over the course of 100 years.[space.](_URL_0_]\n\nthat's only 5.8 billion per year. \n\nAnd, that's without considering the risk of an accident.  Imagine the impact if a rocket full of metric tonnes of radioactive waste exploded two miles above the surface of the earth, spreading highly radioactive material over an enormous area. \n\n***TLDR;*** It is too expensive, and too dangerous.""]","[array(['3c90ea3d-2bbf-4868-925f-363ef864e7b8'], dtype=object)]"
412,4ryd2h,Why does smoking preserve food?,"['Smoking by itself is actually insufficient to properly preserve foods. Smoke is an antimicrobial and an antioxidant but only protects the outside of food, so it is usually combined with other processes like salt-curing and drying which protect the interior of food from bacterial growth.']","[array(['4cc721d5-67bc-4ca1-95ea-83eca422baf8'], dtype=object)]"
413,59uz6s,"Why when you stare at a moving pattern for an extended period of time and then look up, why everything's wavy.","['The conscious image of the world is not a direct input from your retinas. Your brain does a lot of processing to make sense of the world before your consciousness gets the image. This happens for many reasons! Your brain is built to recognize edges and borders, which helps us pick out hiding predators, prey, dangers like snakes, and tree branches to grab during [brachiation](_URL_0_). You\'re wired to detect faces and emotions conveyed by the expressions. Your brain automatically fixes colors based on lighting and shading. And, most importantly for the thing you\'re describing, your brain predicts what it should see and adjusts the picture accordingly.\n\nIt takes time to process the information from your eyes, recognize the image, make sense of it, put it into context, deliver it to your consciousness, and act on it. It\'s really damn fast, but it\'s not instantaneous. To make up for that, your conscious picture of the world is not what your retinas see, it\'s what your brain a few milliseconds ago thought you should be seeing a few milliseconds later. That puts you in the ""present"", or at least, a very good approximation of the present.\n\nWhen you\'re staring at the moving bottle caps for a long time, your brain gets used to the movement and predicts that the movement will continue. This is great, because it lets you track the moving objects better, since you\'re anticipating it instead of trying to catch up. When you look away, though, your brain is still predicting movement, and adjusts the image accordingly. Since those things are *not* moving, they appear to wave as your brain predicts their movement, then corrects for the fact that they didn\'t move, then predicts they\'ll move again, then corrects again, and so on until it catches on to the fact that things aren\'t moving through your field of vision anymore.']","[array(['ab064e9a-84a6-46c6-8b55-cdf12c20fa48'], dtype=object)]"
414,7bgayu,Why are Saturday morning cartoons idealized? What’s so different about them as opposed to other days’ cartoons?,"[""Way back when there weren't multiple channels whose only purpose was cartoons. There was a MARKET for cartoons, but not a huge market. What day and time are kids most likely to be available year-round to watch things marketed towards them? Saturday mornings. During the week they're in school. Sundays, might have church. Later in the day Saturday, might have family activities. Parents might even try to sneak in a little sleep by sleeping until 8 or 9, and kids might be able to get up early and watch cartoons.""]","[array(['a58e83ad-74b8-4b01-83eb-c71ab50ac910'], dtype=object)]"
415,q9x64,How do television stations know how many people are watching/ How do television ratings work?,['Each TV has a tiny camera in it that is always watching you watching TV.'],"[array(['fbf53227-8226-418f-9562-c81ab1e31d63'], dtype=object)]"
416,3m5s0l,What is CERN and what real problems can it cause?,"['CERN is basically trying to find out the origins of our universe and how everything works by using a very large particle accelerator to accelerate particles to 99.99991% the speed of light and have them collide with one another. When these particles collide they break apart and that is when we can see what holds particles together and how things work. Only problem is that there is years of data to go through and experimentally proving everything will take a long time. \n\nThere is no real threat from this, what you see online is just that, ""conspiracy theories."" People believing that smashing particles will create a black hole and destroy the world.']","[array(['e2529c4c-3fc3-4927-9533-f4985de5ac19'], dtype=object)]"
417,2xnw5u,How can someone just walk away from a home loan?,"['That wasn\'t a cause of the subprime mortgage crisis, but more of a result. But that\'s too much to get into here.\n\nWalking away isn\'t without consequences. You will get a big mark on your credit rating, which won\'t go away for 7-10 years, meaning anything dependent on your credit score (including some forms of employment) can be harder than it would be otherwise. New car loans, buying another house, etc may be impossible for 7-10 years.\n\nA mortgage is a ""dead loan"", meaning that when the underlying security is recovered (the home), the obligation from the borrower is complete. Other type of secured loan don\'t have this feature, and it\'s possible for you to get a loan, secured by some security, be unable to repay it, have the security taken and sold, and still be liable to pay the outstanding balance.\n\nSo if you bought a house for $200K, and the subprime mortgage crisis hit, dropping home prices in your area so your house is now worth $100K while you still owe $150K, your choices are (a) Keep paying your mortgage for your $200K house, (b) sell the house for $100K, and immediately owe the bank an extra $50K you probably don\'t have, or (c) walk away, let the bank foreclose, and deal with the consequences.\n\nIdeally, you\'d do (a), but if home prices are falling because everyone in your area is losing their jobs including you, or your mortgage is structured in such a way that your payments jump (more on this later), or for some other reason you need to move (congratulations on your new promotion, half way across the country), then you can\'t keep paying the mortgage, and have to do one of the other choices. Walking away suddenly seems like your only choice.\n\n\nIn the leadup to the crisis, there was a high investor-side demand for mortgages to invest in. The banks sold complicated financial products to investors based on mortgages that were virtually guaranteed to not fail. Business was good, and the banks sold a lot. This meant they had to have mortgages to sell to investors, so they really pushed home ownership and writing mortgages on homes. This lead to some really bad mortgage lending practices that were not good for the borrower at all. A lot of crappy mortgages were written -- these are the ""subprime"" mortgages.\n\nA ""prime"" mortgage must meet certain rules: no more than 80% of the assessed value of the property, the borrower can\'t have too much debt already, etc. Any mortgage that doesn\'t meet these rules is ""subprime"", and have a higher risk of failure. So the subprime mortgage crisis immediately implies that a lot of risky loans were being written. Loans that were interest-only for the first 5 years (so a 6% loan on a $100K house would only have payments of $500/month for the first 5 years), but jumped after that. Loans that were structured to be 5 years long, with a large balloon payment at the end, adjustable rate mortgages with a very low intro rate but jumped high after 5 years, etc. The supposed idea was that since home values always went up, a good subprime borrower would, after 5 years, qualify for a prime loan and could refinance on better terms.\n\nWhen housing prices fell, the subprime borrowers couldn\'t refinance, and the whole thing fell apart. Homeowners lost their homes, investors didn\'t get paid on their investments, etc.']","[array(['7abfe0b4-d9de-4d36-8d07-87ec16d02fba'], dtype=object)]"
418,5d0tkm,What is the process of photographers when taking pictures of the supermoon?,"[""There's really not much to it beyond needing that longer lens to zoom in more. Since the moon is being lit up by the sun the exposure times are just like taking a picture of anything outdoors in the middle of the day so it can be a handheld shot.\n\nThink of it like wanting a picture of a specific person's face in the other side of a football stadium. As long as you have a lens that gets you close enough you can get the image you want.""]","[array(['c2a1a566-c7ab-4fe6-b7bb-e91467943b61'], dtype=object)]"
419,jh5qz,Gas octanes?,"['The biggest misconception is that there\'s ""more power"" or something similar to higher octane gas.  This is not true.\n\nIn essence, higher octane means it\'s more stable and less easy to burn.  \n\nWhy does this matter, and isn\'t that kind of counter intuitive? It matters because many of the ways engineers improve an engine\'s performance requires a more stable fuel.  \n\nOne common example is higher compression ratios.  So when your motor compresses the Air/Fuel mixture in the cylinder, the more it compresses that mixture, the more power it will get when it\'s ignited.  However, with more compression (pressure), the mixture is more likely to ignite *before* the sparkplug actually ignites the fuel.\n\nIf you use a low octane fuel, it burns more easily so the chances of you getting premature ignition of the mixture is higher in a higher performance engine.  With a higher octane fuel, the mixture will be more stable and burn less easily under higher compression.  \n\nThe reason it matters in this case is that if your mixture explodes in the cylinder early, you will damage your motor depending on the severity.\n\nIf your car calls for premium, you should put premium in it.  If it doesn\'t, you shouldn\'t.  In either case, putting in the ""wrong"" fuel will negatively affect your car\'s performance.']","[array(['3fea3ea1-def7-4687-8e53-c655b6330e18'], dtype=object)]"
420,1qrpxm,Why do we drink cow's milk instead of human milk?,"[""Human females can't produce the same quantities of milk that female cows can. It wouldn't be very profitable.\n\nPlus, notice that we mostly drink milk that comes from animals that like to graze on grass, like cows, goat, and sheep. Humans eat a lot of junk food and other stuff that doesn't make for very good tasting milk.""]","[array(['29c25aac-67d8-4637-af75-554fee2dd61f'], dtype=object)]"
421,3czls2,"In Sci-fi movies, why are alien organisms almost always silicone based?","['Silicon is the other element other than carbon that would form long complicated bonds that life could evolve around. Though it is almost certain that another life form would be carbon based this gives a way of creating a ""totally new life form"".']","[array(['6f8c8495-e0f7-49f8-88af-8eb6ecb024bc'], dtype=object)]"
422,j8z0s,"LI5, the current patent controversy between the top tech companies Google, MSFT, Apple, etc.","['Before the 80s software was covered by copyrights instead of patents where unless you copied something exactly you were not liable to be sued for stealing someone\'s ideas. However large companies wanted more protection of their software and after some court cases including some at the supreme court they changed the rules and started allowing patents of software ideas rather then just a copyright on the specific code.\n\nThe idea was that it would give inventors and programmers more incentive to come up with new ideas as they would have more legal protections from having their ideas stolen. However because patents can be very vague they ended up issuing patents to lots of things that maybe were not new concepts, such as ""transmitting data over the internet"". \n\nSo instead of encouraging innovation it led to companies getting issued patents for simple things everyone did and then sue each other for ""stealing"" ideas. Also some lawyers saw that big software companies would just payout settlements to avoid going to court and decided to just sue every company with big money with the hopes of getting a fat payout to make them go away. \n\nSo now companies will pay lots of money for the patent rights for stuff that should not have been patented in the first place just so they can say ""if you sue me for patent infringement then I have patents also and will sue you right back!"". It is a huge mess.']","[array(['2fe64e03-9792-4199-aa5b-5a9097e56757'], dtype=object)]"
423,76byq7,How are games cracked?,"['The executable files of a game are basically just a bunch of machine code. Machine code are instructions executed by your computer. \n\nBy using a so called Dissassembler, you can turn the machine code into a somewhat human readable format called ""Assembler language"".\nIf you are good, you can then analyse the code and modify to circumvent copy protection mechanisms, e.g. by taking the copy protection code out or jumping over it.']","[array(['5c114f40-771b-495a-b07f-6b27e907102c'], dtype=object)]"
424,om0b7,How carbon dating works,"['Assume carbon ratios in living organisms within an environment are constant (perhaps it may vary for terrestrial vs. marine). The ratio only remains constant for that orgnanism while the organism is alive (just assume this is due to respiration). Any change in the ""known constant"" and the currently measured value yields a number of years since the organism died.']","[array(['5c500ad3-b199-4309-af44-bdeb87e3f531'], dtype=object)]"
425,3immcs,"Why is it taking them so long to come out with the oculus rift consumer version, when they developed it nearly a year ago, and came out with the development kits nearly two years before that?","[""My thoughts are because it is supposed to be a game changer(literally) and to release anything sub par could potentially hurt the concept and make it take even longer for people to get interested in it again, I for one would be extremely disappointed if it was clunky and didn't work as good as I'm imagining it will.""]","[array(['f09b0842-7ee5-4480-8e37-57ccd88e60f6'], dtype=object)]"
426,521yw2,Why do different cheeses made from the same type of milk have different Calcium values?,"[""It basically comes down to pH value of the whey and it's drained. Casein is bonded by calcium phosphate (which is where the calcium comes from) and as the pH decreases it becomes soluble and is drained away.""]","[array(['e820b925-5cbd-4d55-894d-1604654d71a9'], dtype=object)]"
427,51z60m,Why does water cause a near perfect hexagon bokeh on camera lenses?,"['>  Basically, how is this caused, and why the hexagon bokeh is always perfectly shaped?\n\nBoth of those answers are because it is the shape of the lens aperture of the camera. [This link shows what structure is causing the shape.](_URL_0_)']","[array(['babbea9f-6f4a-4295-86a1-0a2bd142e1c1'], dtype=object)]"
428,5xmcdm,"what causes that distinctive smell from electrical transformers, such as model railways? Somebody once told me it's ozone, but why would that be produced?","['You get the same thing from lightning strikes.  The electric potentials involved have enough energy to break the bonds in ordinary molecular oxygen (O2) and some of the free oxygen atoms can reform to ozone (O3).  You need energy to do this because it tends not to happen spontaneously, as the O2 molecule is a more stable molecule than O3.  The voltages provide the energy for the reaction to occur.']","[array(['706cf52e-be04-4452-b11a-18bc58347262'], dtype=object)]"
429,1ziyii,"How does insane Clown Posey have such large following, who are willing to do anything for the band?","['Because persons are smart, people are dumb\n\nAs some comedian said,  imagine what average, I mean totally middle of the road intelligent, person is like.   Now realize that HALF the population is dumber than that.']","[array(['6d4d4538-b848-4586-a763-7ea6ae00743d'], dtype=object)]"
430,5pzc8b,- if pi is in between the number 3 and 4 how can it be infinite?,"[""It is *not* an infinite amount. It is less than 4.\n\nIn *does* take an infinite amount of digits to explain precisely what the amount is, but that's about being precise, not about being huge.""]","[array(['4eca022a-1ff9-45d9-8b06-bbe403953ab7'], dtype=object)]"
431,6k5n43,ELI5:Why is it that a small animal will run up to a big animal and fight it and the bigger animal will run away? Do animals not know their size?,"[""Because the question in the wild is not so much if you win, but if you get injured. If the large animal stands and fights, yes, it might kill the small animal, but maybe the small animal takes a chunk out of the big animal's leg. Then the big animal has a gimped leg, can't run, can't catch prey (or escape other predators), and it likely dies.""]","[array(['a1c91563-21fb-4583-99b8-d505ba1ff17f'], dtype=object)]"
432,4b2v0f,How did the idea of weekends come to be?,"['Henry Ford has been credited with creating the weekend as we know it today.  Apparently the normal work week used to be six days, and Sunday was the day of rest.  When Ford was paying workers $2 per day (maybe $2.50, not sure), the going rate at the time, there was lots of turnover and constant hiring and training, so Ford decided to double the rate to $5 per day to reduce turnover and keep employees instead of constantly training new hires.  At the same time, he also decided to make a five day work week to give his employees Saturday off, thinking they would buy more cars to ride around in for the weekend.  The local business community told him he would bankrupt his business.  The day after he ran a full page ad in the paper for the $5 per day jobs, there were massive lines of people applying for jobs with Ford.  The idea was extremely successful, and the weekend was born.']","[array(['0c29feb4-b9f1-438b-b8c0-1c0d28f05896'], dtype=object)]"
433,43k92c,"""morning hands""","[""When you sleep, your brain releases chemicals that essentially paralyze you so you don't hurt yourself by moving while you dream. They take a while to wear off though.\n\nSleep paralysis is an unpleasant side effect of nightmares and waking up while the chemicals are still in effect.""]","[array(['4b2e86ea-20eb-4c19-b568-3cb6b6047127'], dtype=object)]"
434,7xu0tg,"What do medals in the Olympics actually do for the winner? Also, what happens if a country wins the most medals?","['They don\'t ""do"" anything.\n\nMedalling is proof that you are among the best in the world at your sport. That can help you get sponsors and endorsements, and it can help you leverage a post-sports career in something like journalism or broadcasting if you play things right. But there are no special privileges or anything that come with having a medal.']","[array(['c755908f-b95b-4b02-a7e3-3b4ce998e088'], dtype=object)]"
435,3e7tid,Why is there so much apparent public criticism against labor unions when they empower mostly low to middle income workers; who make up the massive majority of workers?,"['The media is owned by corporate capital and has been shifting culture from progressive collectivism to ineffectual individualism for decades on purposes. The real opposition to Obamacare is not over its actual impact on the economy or personal freedom, it is about squashing any impulse towards collectivism or solidarity and replacing it with self-defeating individualism. ""Organized capital and vertical monopoly GOOD and organized labor BAD."" Progressive movements are floundering in iterative intersectionality and back-biting while capital prospers unopposed.']","[array(['330f0124-fdbd-44f5-afe9-ab8eb61a331f'], dtype=object)]"
436,2wb491,Why is there so much focus on colonizing Mars and not an equal focus on colonizing the Moon?,"[""Mars has a number of advantages over the moon, although some of them are still in the speculated-but-not-confirmed category.\n\nMars has a lot more natural resources than the moon that we can use. Things that are on both, like ice, are more abundant on Mars and there are a number of things not present on the moon at all - notably, an atmosphere. Although the Martian atmosphere is *very* thin compared to the Earth, there's still enough to it that we can use the C02 to convert it into breathable oxygen for settlements. Over centuries, we might even be able to terraform it into a breathable atmosphere. Having an atmosphere also helps a tiny bit for landing things on Mars, as parachutes are an option to assist (although nowhere near as useful as on Earth, retrorockets would still be very much needed). The moon does have an advantage of much lower surface gravity (roughly half that of Mars), but while that makes it easier to get there, it would make permanent settlements less comfortable. Over time, humans in low-g environments develop weaker skeletal structures and muscles, so in the long run, the higher Martian gravity (compared to the moon) would be a good thing.\n\nThen there's the environment itself. First, Mars is a little better off in protecting the surface from solar radiation than the moon because of distance from the sun and its atmosphere. Again, it's nowhere near as good as Earth, but it's still something. But more importantly is dust. Because the moon has no atmosphere, it's dust is *much* more abrasive and tends to wear out moving parts much faster. Martian dust has been worn down by wind, so it's not as abrasive.\n\nFinally, there's the human element - two key factors, really. First, we've been to the moon. It's old hat. Mars is a brand new place we've never been... that gets people more interested. But also, Mars is another step *outward* and away from the Earth. Colonizing Mars shows, much more than the moon, than humans can survive elsewhere in the galaxy with minimal support from the Earth.\n\nEDIT: I forgot to add the day/night cycle. This is important because solar is probably going to be a primary source of electricity for a settlement, as it's one of a very few methods of large-scale power generation that doesn't require large amounts of liquid water (as coal, natural gas and especially nuclear all do - although some forms of solar also do), and wind isn't a great option because of how thin the atmosphere is. The Martian day is only 40 minutes longer than an Earth day, providing a similar day/night cycle. This is important to solar because you only need to store power long enough to get through the night. Contrast it to the moon, which has a 29.5 Earth-day long day. That means night on the moon is about 2 weeks long (dependent on where you are, of course), so you would have to store enough electricity to get through those two weeks. That would take a *lot* of batteries.""]","[array(['0110193c-81ea-48d8-8edc-56ccc5cf32ae'], dtype=object)]"
437,2212wc,Why do doctors stop applying a defibrillator after a couple of tries?,"[""Same reason you don't keep turning the ignition key for hours in your car when it won't start -- there's no point in doing it, it won't get better.""]","[array(['7f180465-fe5c-4e85-8cbb-127d6b636ae1'], dtype=object)]"
438,2f1mco,How is it possible to program a computer? How can a clunk of metal understand lines of code?,"['At the very lowest level, modern semiconductor **transistors** are pieces of lead and silicon arranged so that putting a current on one electrode allows current to flow between the other two electrodes. By itself, that might not sound significant, but think about what happens when we make transistors control transistors.\n\nA transistor can be said to be ""on"" if current can pass, and ""off"" if not. The beauty of having these two states is that we can use the **binary code** to store numbers using only on/off states ([explanation](_URL_0_)). Another important thing is that these data points, individually referred to as **bits**, can be stored on wires (low/high voltage), hard discs (magnetized/inert spaces), optical disks (dots/dashes), or cards (slots/blanks). Now, as you can see, there are ways of using massive arrays of transistors to store numbers. Then, using the properties of the binary counting system, we can easily make circuits that add or subtract stored values from each other and place the result in a new memory slot.\n\nLet\'s get more complicated. A computer works by inputting a stream of bits that form numbers into a vast network of transistors, which do mathematical operations and then spit out new bits. The job of the programmer is to feed the correct bits into the computer\'s memory, so that they get manipulated by other transistors into the desired result. However, you can see how this is impossible on a modern computer with billions of transistors all connected to each other. Thus, we need **programming languages** to make shortcuts for us. Instead of individually feeding bits into the processor, we can feed it decimal numbers and operations (+,-,*,/). When the program is executed, those decimal numbers get turned into binary numbers (by a circuit that does just that purpose) before being run through the processor that performs the operation and returns a number (that then is converted back into decimal format). \n\nBut modern computers have millions upon millions of memory slots, and we can\'t do useful stuff with just raw numbers. The purpose of programming languages is to ""hide"" tedious tasks like writing binary numbers and organizing memory so that the programmer can concentrate on **human-understandable concepts** like decimals, words, colors, sounds, etc. For an example on how this works, look at [ASCII](_URL_1_). Each letter is stored by the computer as just on/off states on the hard drive or in the transistors, but with enough of these bits we can store entire books in ASCII or Unicode. Everything we push into a computer gets converted into easy-to-understand easy-to-store binary numbers before it gets manipulated by silicon transistor circuits.']","[array(['a6fbb184-d29b-4a6b-9780-9aa66eb6dbf5'], dtype=object)]"
439,2tpm4r,How is it possible that we are able to find planets far away form the Earth (like Kepler-186 f or PSR B1257+12) but we don’t know if there are other planets in our solar system?,"['The way we find these planets is to monitor the amount of light coming from a star and then see if it drops slightly occasionally.  If it does then that means the star is partially obscured by a planet transiting across the front of it.  \n\nWe do not have that perspective on planets beyond the orbit of earth as there is nothing bright for them to obscure.\n\nWe cannot see them with telescopes because they are too dark and/or distant to detect, the best we can do is look for slight changes in the orbit of objects we can see (such as Pluto) to see if they are being affected by the gravity of something unknown.']","[array(['45893594-f623-496a-a2ca-a782e200a951'], dtype=object)]"
440,3ae84q,Can someone explain how and why Mark Rothko's work is considered art and how I can appreciate them?,"['Have you ever seen a Rothko in person? It makes a huge difference. First and foremost, they\'re BIG paintings. Second, he always wanted people to look at them up close. IIRC he said the ideal viewing distance as 18"" (45cm). When you\'re that close to a huge painting, you literally can\'t see anything else. Your entire field of vision is consumed by this intense color field. The color kind of radiates on to you. Rothko\'s work was important because it was a pretty big influence on this notion of ""pure expression"" or ""direct experience"". It doesn\'t operate through language, symbols, or cultural understands. It\'s mean to be just something you feel, free of associations with anything else. It\'s important to note that Rothko isn\'t just important for making this kind of work, but also for talking about it quite extensively. Rothko was a very famous painter even before he started making abstract paintings, and he was quite popular and well respected. His transitions from representational and abstract works, along with his public writing/teaching/lectures/etc. on the subject makes him an enormously important figure in the history of art and the development of contemporary art theory.']","[array(['615e00d8-911a-44c5-bd0b-a70ba748f9af'], dtype=object)]"
441,3fwf0l,"Smartphone ""rooting"" and ""crapware.""","['""Crapware"" refers to all of the pre-installed apps that you don\'t want, but the device will not allow you to uninstall.\n\n""Rooting"" means basically taking control of the device in such a way that you can do things that it normally doesn\'t permit you to do, including uninstalling ""uninstallable"" apps.  The term comes from UNIX operating systems, where, aside from the normal user accounts, there is a ""root"" account that has absolute permission to do anything it wants, and will not be restricted in any way by the operating system.']","[array(['bf0c53d6-3f7a-4330-a82b-3446687bb646'], dtype=object)]"
442,4chz77,Why do radio stations only end in odd numbers?,"['Because of the way radio technology works.\n\nThe station you pick isn\'t actually what you are listening to, you\'re listening to a range or band of frequencies, rather than just one.\nThe name of the channel is based on the range of frequencies assigned to it, in terms of the actual frequencies being broadcast to make that channel.\n\nHowever, it\'s much easier to call a station 101.1 than ""101-101.199"" or what have you. 101.1 lies in the middle of the band so it makes more sense than other possibilities']","[array(['58b0956f-797d-40e4-9245-075a29ebd850'], dtype=object)]"
443,jpsxm,; Bohr vs Einstein puzzle solution.,"['The correct answer is that you have the same amount of B in A as there is A in B.\n\nConsider this: each container has 100 units of liquids A and B. The ladle can carry 10 units. In the first scoop, you have 10 units of A in the ladle. You transferred it to container B. Now Container A has 90 units of A. Container B has 100 units of B and 10 units of A.\n\nWhen you take a scoop from container B, you have about 0.91 units of A, and 9.09 units of B (since that solution is 10/110 liquid A). You add this to container A. Now container A has 90.91 units of liquid A, and 9.09 units of B. However, container B still has the same proportion of liquid A and B after the first mixing - namely, 10/110 liquid A, and 100/110 liquid B. This translates to 9.09 units of liquid A, and 90.9 units of liquid B.']","[array(['12bc62a6-5fe1-452c-8483-f6f88fb08f35'], dtype=object)]"
444,7tckxa,What does repertoire area mean within classical music?,"[""Your repertoire is the body of works that you have learnt and are able to perform. You may have one or many pieces in your repertoire. \n\n\nIn this context, it sounds like you are being asked for pieces of contrasting style, or from different periods in the history of classical music. If you fulfill the latter, then you pretty much automatically fulfill the first - for instance you could have four sonatas from the Classical period, and you would have to strive hard to make sure they all offered contrasting elements. Or you could choose four different sorts of pieces from the Classical period and show the variety that was present in just one period. Or (and this seems like the safest bet), you could choose four pieces from different periods and they would almost certainly provide plenty of contrast. I'm thinking in terms of Renaissance, Baroque, Classical, Romantic, 20th Century, and Contemporary/Modern periods. There is no end to the variety of different styles and types of work since the 20th Century.""]","[array(['ba42f468-206d-4469-9aff-a80e99ef9c93'], dtype=object)]"
445,ztvjx,Why won't Mitt Romney release his tax returns?,"['Look back on the past two elections:\n\n2008: McCain only released 2 years of tax returns.  He didn\'t get heat for it.  Nobody cared.  He was rich, and was attacked for being rich.  Remember his wife\'s comment about not knowing how many houses they owned?  But only releasing two years of tax returns didn\'t matter.\n\n2004: Kerry wouldn\'t release all of his Vietnam service records.  He was pounced on, with the attitude ""Obviously he has something to hide.""  The attack worked, it weakened his support.  He lost.  Everyone still believed he was hiding something.  Later, Kerry later released all the remaining service records.  Turns out, Kerry wasn\'t lying at all.  He didn\'t have anything to hide, and he was telling the truth all along.  He said he didn\'t release them earlier because he felt it would be wrong to cave to opponents\' requests.  \n\nNow here we are in 2012, apparently having forgotten recent history and created new standards. \n\nI\'m going to state something anathema to Reddit.  Perhaps Romney is...telling the truth.  What if he doesn\'t want to release them because he believes in some privacy?  That is most definitely a possibility.  But Reddit seems to reject it. \n\nThe ultimate answer is, we just don\'t know.  Only Romney himself knows.  All this speculation about what he *may* be trying to hide is the same crap that created problems in 2004.  And if you think we should be upset about it now, why didn\'t we care in 2008?']","[array(['18a004e0-8c83-4d70-bfe4-1422fc172862'], dtype=object)]"
446,6z5n3n,"When a small child cries, they often start with the initial cry followed by a long-ish pause, and then they start crying again. Why the long pause?",['They need to take a breath for their next cry. Longer pauses adds more intensity when the second cry hits.'],"[array(['c7680a17-0bf0-4329-891a-5370e0b5443b'], dtype=object)]"
447,7j1n2m,"How do brands manufacturing non-concentrated, natural fruit juice keep the taste constant?","[""I'm not so sure they do. I drink apple juice, grape juice, and orange juice and I notice they do change in taste year in and year out and also season in and season out as the source of the fruit changes as seasons change in different parts of the world. So answer is, they don't control it. Some batches are better than others.""]","[array(['233e50f0-c54d-4f00-a83a-38fb533bee10'], dtype=object)]"
448,3y6pe6,"When people talk to animals or babies, why do they tend to talk in a high pitched cutsie manner, and never talk like they would normally?","['The heck where are the comments? \n\nThe behavior is called mirroring which we humans have accepted as affectionate behavior. When babies babble in their cute high pitch voices,  we also babble back. \n\nWhen cats miaow, we miaow back. Same with kittens']","[array(['6737a8a8-1d53-4002-8ae5-2680b6053803'], dtype=object)]"
449,2rbvnp,"Why can you not see deleted comments with a permalink, but you can see deleted threads with one?","['Threads tend to be deleted because they break some subreddit rule (no joke posts, post must be a question).  Comments tend to get deleted because they break Reddit rules (doxxing, copyright infringement).\n\nOf course, either can be removed for the other reason.']","[array(['2fccedc1-870f-4afe-8c78-1e433104ca8c'], dtype=object)]"
450,2cybir,Why do big bags of chips have zero trans fats but the smaller version of the exact same chips contains trans fats?,"[""Because according to FDA regulations, any foods that has 0.5 g of trans fat or less PER SERVING can be labelled as trans fat free.\n\nIn big bags of chips, the manufacturer can jiggle the serving size so that each serving will have less than 0.5 g. But small bags of chips are generally considered to contain only 1 serving, and so they can't divide out extra servings to screw with the numbers.""]","[array(['f283cbe5-c8ee-441e-b7a5-d80e9655e18c'], dtype=object)]"
451,w1oc6,How do you move?,"['Our brains learn how to move, and eventually store the information in our ""muscle memory""; the stuff that\'s so familiar to us, our mind can essentially take shortcuts to use it. This is why acrobats can do gymnastics that other people would never be able to perform, even though their actual muscles aren\'t necessarily any stronger. It\'s also why babies can\'t write. When we\'re very young, we first learn to grip things with our entire fist, then we have to learn to turn over, then we have to learn to crawl. Writing with a pen and pencil takes a certain combination of muscles that we have to consciously learn before we can unconsciously repeat.']","[array(['24b24b91-f2f8-48ab-aec1-8ca0de8a0ce6'], dtype=object)]"
452,1oi2k9,"Why does China, India, ect. have so many more people than the rest of the world?","[""Fertile river valleys that create a lot of good agricultural land. The same reason that the Nile delta is so much more populous than most of the rest of the area. There are lots of other similar examples around the world. \n\nIt's also worth noting that China and India are *big*. In terms of land area, China is actually larger than Canada.""]","[array(['a0c13494-2fd7-4589-ba81-fa180c65d4d7'], dtype=object)]"
453,4i2hv5,Is burping/belching something you get better at with practice?,['Straighten your esophagus. Back straight. Shoulders back. Use your lower abdominal muscles to apply pressure toward your spine then upward. Relax your throat. Project.'],"[array(['ff72dcb2-abe8-4747-a668-0c639f5cbed5'], dtype=object)]"
454,1x2gcr,How does electrical grounding work for ships? Why is it so complicated?,"[""It's not about electrical safety directly.  If you use a metal hull as ground, especially in salt water, electrolysis can cause corrosion.""]","[array(['472a0208-a01a-48ac-bc02-434d06b15720'], dtype=object)]"
455,86gvrh,Poincaré recurrence theorem,"['You have a box of m & ms. You shake it and take them out one by one. Put them back in and repeat. If you keep doing this, eventually you will pull them out in the same order as the first time.']","[array(['11ac26ba-0b92-496d-9dde-176639007244'], dtype=object)]"
456,6ps2zh,Why does 2008 still feel like a couple of years ago?,"['Probably because with each year that goes by, you have a longer frame of reference to what time feels like? I don\'t think I phrased that well, but what I mean is that if you are 5, one year is 20% of your entire existence. If you are 50, one year is 2% of your life. So, to get the same feeling of ""long ago"", it takes more years, the older you get. Same concept as why summers seem to fly by compared to when you were a kid.']","[array(['9df474f6-37b2-48da-8edb-13677b03f7dc'], dtype=object)]"
457,15fpqt,What makes humans want to kiss one another?,"['> A person receives information about the person he or she is smooching by locking lips, Fisher said. A kiss transmits smells, tastes, sound and tactile signals that all affect how the individuals perceive each other and, ultimately, whether they will want to kiss again.\n\n > Women tend to be attracted to male partners with a different immune system makeup from their own, Fisher said. They subconsciously detect information about a partner\'s immune system through smell during kissing, she said.\n\n > Research led by Wendy Hill, professor of neuroscience at Lafayette College, looked at how kissing affects the hormones oxytocin, sometimes called the ""love hormone,"" which is associated with social bonding, and cortisol, a measure of stress.\n\n[Source](_URL_1_)\n\nTL;DR: There\'s much more to kissing than what you might think. One of those is that you subconciously pick up things about the other person through smells you won\'t notice. There\'s also this [cracked](_URL_0_) article that explains it quite well, despite being a comedy site:\n\n > It turns out Nerve 0 is directly connected to the regions of the brain associated with sex and gives your nose a direct, private highway to your genitals. Well, that\'s interesting. What could that be for?\n\n > Scientists theorize that when you kiss someone, Nerve 0 picks up their pheromones and warns your body to start sending blood and good vibes down to your crotch as quickly as possible. It\'s important to note that Nerve 0 doesn\'t travel through your olfactory bulb at all, which means you can\'t actually smell any of the things your sex nerve is designed to pick up. And since our pheromones don\'t carry very well, getting close enough to kiss is basically the only way your Boning Nerve can do you any good.']","[array(['0e4229ed-3196-4d22-ab11-02f71ec49f7a'], dtype=object)]"
458,37h2lt,How penny bidding sites (like QuiBids or Beezid) make their money?,"[""As far as I know, QuiBids charges $0.60 a bid. So if they see something for $10, that's 1000 bids, and they've made $610. The person buying it gets a pretty good deal and everyone else who bid is screwed.""]","[array(['076bc832-20e6-4a1d-91f1-6bb2915eeb96'], dtype=object)]"
459,1nsl7k,Difference between Special and General Relativity,"[""I'll explain the difference between them, without going into what either form of Relativity actually *is*: Special Relativity only deals with objects (and reference frames) moving at constant speed. General Relativity extends Special Relativity, by figuring out how to deal with acceleration. (Spoiler alert: All acceleration is indistinguishable from gravity.)\n\nSpecial Relativity doesn't actually require complicated maths either. High-school algebra (variables, square roots) is sufficient to cover the entire subject, making it less complicated than high-school physics (which if you're not using calculus, you're not doing correctly). On the other hand, General Relativity requires ass-butt maths. As in, I have a bachelor's degree in mathematics, and I don't know enough math do to general relativity. It's a topic called Differential Geometry, which *starts* by figuring how out to draw straight lines when space itself is curved. It then goes into trying to count the number of different incompatible ways that you can do calculus to the inside of a four-dimensional sphere (lack of spoiler alert: not yet proven to be finite; generally believed to be more than 1).""]","[array(['bf303592-1ad9-413a-9c9e-4d85a780c21d'], dtype=object)]"
460,33thk0,"Why do Western movies picture robots and cyborgs like evil beings, but Japan portraits them as the good guys?","[""This isn't correct at all. Western depictions of cyborgs/robot are often positive (Chappie, WallE, Short Circuit), and depictions in Japanese media are often negative (Bubblegum Crisis is the only one I can think of now because it's been a while since I watched anime). You are seeing a correlation where one does not exist.""]","[array(['215c866c-ad47-42a1-941b-9eb8249b2c61'], dtype=object)]"
461,z9vxd,How are people colourblind?,"[""Inside your eye are 3 different kinds of cells for detecting colors, one can see red, one can see green, and one can see blue. In colorblind individuals, one of those is either missing or not functioning properly, and so the number of combinations of colors you can distinguish is drastically lowered. You can still tell most colors apart because even if you may not see green properly, you'll detect the varying shades of red and blue in that color but you're missing some of the information.""]","[array(['5a7431ab-7390-40e8-ade6-2b5dec8667c7'], dtype=object)]"
462,302vs3,How does Southern and Northern US Border control work?,"[""What's getting left out is where the border guards ask to see your passport, ask what you're bringing in to the country, and so on.""]","[array(['cfa91925-9944-4349-a3e8-66a98759c663'], dtype=object)]"
463,4wcspg,Why do the front wheels of big trucks have such big convex hubcaps and lugnuts?,"[""The commonality across all those big trucks having a doubled rear wheel. On a doubled wheel, you need to be able to bolt the two wheels together to be secure them. The rims budge out so they can touch each other.\n & nbsp;\n\nThe front wheel can't be doubled because it would interfere with steering. In order to only need one spare tire, the truck using the same wheel across the entire trunk, meaning that the budged rim is used for the front wheels.\n\nedit: spelling""]","[array(['c031459f-9bd6-4fb8-8feb-c75513503e9d'], dtype=object)]"
464,2fvjtk,What exactly is a G.E.D. and why do people keep making fun of people who take the test?,"['The GED is the ""General Educational Development"" test. It is the test that those who drop out of high school, or who fail out of high school take to show that they have learned the equivalent of a high school education. They are made fun of because they have already proven themselves failures by societal standards just having to take the test. It is not a kind thing, but society is seldom kind.']","[array(['1947f583-6905-491a-829e-b237c23ed5f5'], dtype=object)]"
465,2wdv3z,Why is my original iPad completely useless after only a few years of ownership?,"[""Because the software it's running is made for newer-gen models.  \n  \n >  Is my new iPad going to do this in a couple years?  \n  \nEventually, but not for much longer. The newer-gen models are magnitudes faster and more powerful than the first gen.""]","[array(['2eed6f86-0eb2-4e80-a539-ffd4e6b3d2be'], dtype=object)]"
466,1m2fdn,how big is the internet?,['_URL_0_\n\nCheck this out. Pretty much answers your questions.'],"[array(['c83e26a3-2098-443e-9308-21bb98777231'], dtype=object)]"
467,67czp0,"How does ""artificial flavoring"" work, and create something so distinct as grape or other fruits?","['It\'s all chemistry. You start with a real grape and you sit down in the lab and try to figure out what it is in a grape that makes it \'grape like\' in flavor. You could physically break down the grape into a slurry, and then use mechanical processes like centrifuges, or chemical processes like solvents and acids to separate the different chemicals in the grape and then examine the individual molecules for ones that create the grape flavor, grape color, grape scent (which is not always the same chemicals responsible for the flavor). \n\nWhen the chemicals responsible for the flavor and odor of the grape are isolated in this way, their structure can be studied, and using chemistry you can create a method of taking other chemicals and processing them in such a way that they form these same flavor compounds. \n\nLastly once you have something viable, you test it for toxicity and eventually palletability. \n\nWhile the actual grape may contain hundreds of molecules responsible for it\'s subtle flavors, the artificial flavoring may contain only a few that are primary influences of grape flavor. \n\nThe substances that create these flavors may appear in many other fruits and flavors as well but in differing ratios so study of grape flavor may discover compounds that are also responsible for berry flavor, or cherry flavor etc. Eventually a working set of ""fruit flavors"" are developed and over time the secret gets out and they become industry standard flavors. \n\nMany lemon and lime flavors for instance are just citric acid and sweetener.']","[array(['21d24c62-ae9c-4167-9617-3848032c6b58'], dtype=object)]"
468,1zguzk,Is there any way the U.N. can hit back at Russia diplomatically?,"[""Nope, Russia could just veto it since they are on the security council. It's a fundamentally broken system.""]","[array(['a53b4bda-84bd-4db7-bd41-1d6b2ee85f1e'], dtype=object)]"
469,1yrxx3,How are wells built?,"['Wells are not technically built, they are drilled. \n\nIn reference to a water well, a company will do some research to see if they can drill a well in the desired area. This all depends on location, ground type, and various other things. If a well is drillable they will bring out a truck, that is basically a small oil derrick, and begin drilling the well. Depending on you location and ground type the depth of the well will vary. \n\nSome places have underground ""rivers"" and can be relatively shallow wells, on the other had, some need to be deeper so that more water will seep into the vacant area that is created by the drilling. \n\nOnce the well is drilled you can begin getting water from it using a bucket or a pump. \n\nThis is all i know. \nI hope this answers your question. \nResource: had a well drilled on old property. \nPlease correct me if I\'m wrong.']","[array(['9214546f-1000-47e4-8113-3cd1e5b6b3df'], dtype=object)]"
470,4xfnic,What makes raindrops large sometimes but small other times? And is the size of raindrops indicative of how much longer the rain will fall?,"[""Raindrops form when water vapour in the atmosphere clusters around microscopic solid particles (such as dust) in a process called nucleation.\n\nNucleation is reversible. As water molecules attach themselves to cluster, other molecules are leaving. There is a point called the *critical nuclear size*, at which point the cluster of water molecules is stable. This is the point at which a raindrop forms.\n\nThe critical nuclear size /critical radius is controlled by temperature. The mathematics tells us that as the temperature is lowered, the critical radius decreases.\n\nHopefully this answers your first question, and if I'm wrong I'd very much like to be called out on it! Cunningham's Law and all that ;) Ultimately, though, the answer lies in thermodynamics.""]","[array(['6efaa414-2ded-420f-9fff-7c3f2fe86d53'], dtype=object)]"
471,5bsyei,"How are space agencies sure they are not contaminating Mars/TheMoon, and why do they care?","[""Well, they use very rigorous clean room techniques to minimize the amount of biological contamination that is on our probes. Beyond that, the harshness of the environment is likely to whittle down at least some of what small amount they miss. But they are not sure they are not contaminating the objects, they probably miss *some* stuff. Not that either environment is especially conducive to life as we know it. The Moon especially, although some things may be able to eek out at least survival on Mars, if not prosperity.\n\nThey care because we don't want to substantially alter the environment we are studying before we study it, and just in case there could *be* anything alive there, it'd be a shame to accidentally destroy it with competition. Additionally, if we go to all the work to find life and then bring samples back to Earth, it'd be a real bummer if by the time they got here it as just good ole tardigrades or something of the sort.""]","[array(['31c04ab3-555b-46b9-9a21-1c4e153fb1da'], dtype=object)]"
472,4x2su8,"Why aren't we concerned with bacteria, viruses, and other microorganisms developing resistance to alcohol, chlorine, and other substances used to sterilize medical equipment (and hands)?","[""It is a good question. The answer is how it works on the organism. Anti-biotics work by interfering with some important function of a bacteria cell. Think of throwing a wrench into a machine and watching it gum up the works. Cells that have different machine arrangements can be more resistant to wrenches. They'll have casings around important stuff or gears that can allow a wrench to slip through the teeth without stopping. Maybe they have extra redundant machines.\n\n\nAlcohol, chlorine and copper work by physically dismantling the machine. No amount of changing the machine will help when you shown up with a screw driver and start removing things.""]","[array(['7bc9544b-7870-4848-94f3-27c895cfb67e'], dtype=object)]"
473,1lunk9,How do we 'die'?,"[""* To kill by breaking someone's neck you need to sever the spinal cord, thus breaking the link between the brain and the rest of the body thus stopping the beating of your heart and lung function\n* Blood carries the necessary oxygen to the cells in your body so a major blood loss can stop your cells from functioning, and enough can cause organs to stop working\n* Severe head injury can cause a break in the link between your brain and your heart/lungs\n* Dying of old age mainly is a standard infection or illness but your body is weak enough to not combat it""]","[array(['176cb7f2-a229-4a7e-8271-e2b1e2d9f1ed'], dtype=object)]"
474,24g4e0,"How did the commonality of ""seeing the light"" originate when people are ""crossing over"" or passing away?","['When your brain is deprived of oxygen (which is generally happening whenever the thing that\'s killing you is, you know, killing you), your brain shuts down different parts of itself in a given order, in an attempt to keep you alive as long as possible. \n\nTurns out, when the visual centers of the brain begin losing oxygen, you start getting tunnel vision, plus you lose the ability to see color, which means whatever light source you look at starts looking like the ""light as the end of the tunnel"", even if you happen to be staring at a streetlight or something.']","[array(['c9ba131a-642b-4624-ac7c-a1e75c7a600b'], dtype=object)]"
475,7ecd8i,Why is it harder to be happy as we grow older?,"['There are a lot of possible explanations, someone might be able to link to studies but let\'s go for ELI5 and speculation.\n\nNew things are very exciting to your mind. The first taco you eat is AMAZING. The first time you play a video game it blows your mind. The first good book you read is SO POWERFUL. So you keep doing these things.\n\nBut after a while, you start running out of practical new things to do. You can try new restaurants, but eventually most of the menus have the same things you\'ve eaten at others. You can play new video games, but after you\'ve played a few dozen it\'s hard to find one with completely unique mechanics. After a few hundred books, you can\'t find many new plots. See the pattern?\n\nA lot of people get bitter and decide this means new things are worse than they used to be. This isn\'t often true. But it is true that there\'s no way, in 2017, to recreate the feeling you might have had playing Super Metroid for the first time in the 90s. You already played it for the first time, it\'s hard to be surprised in the same way again. \n\nThe best thing you can do is desperately keep trying to find new experiences. Or get a really nasty case of amnesia.\n\nThere are other bad things that happen to adults. We get in debt. We love, and lose. Sometimes people hurt us. Sometimes we hurt ourselves. Time isn\'t very nice to very many people. That tends to have a very bad impact on how ""happy"" you can be.']","[array(['831987fb-714c-498f-828e-f49ea4e8739e'], dtype=object)]"
476,o70qp,"Brainwaves. What are they? And can sounds of certain frequencies have an effect on them ? If so , why?","['What do you mean when you say brain waves? If you are thinking of the readouts of machines like EEG\'s or similar devices what you\'re seeing on these machines is the electrical activity of certain areas of the brain that are picked up by the electrodes of the machine. \n\nBecause most brain activity is a chemical exchange based on the electrostatic gradient, there are no ""waves"" or sound waves involved. What you are measuring with these machines are the minute changes in electrical activity in certain areas of the brain. \n\nHope this helps a little.']","[array(['a3210718-0ba9-4abe-92d8-8ff780f72c9d'], dtype=object)]"
477,88yvn4,What is Markov Chain and why is it important?,"[""A markov chain is a mathematical approach to disentangling several possible events that depend on outcomes before it. \n\nTo stay topical, take a look at March madness brackets. You have a pretty low chance of getting your bracket right. But if we apply some really simple logic, we can increase that chance. \n\nIf you fill out the bracket as a set of unorganized fill in the blank boxes, you won't do well. For instance, you could have a team that you eliminated in the sweet sixteen winning the final four. That doesn't make sense. Instead, let's create a chain of causes that predict the inputs into the next block of causes. \n\nIf a team doesn't make the first round, they can't end up in the later rounds. Better right?\n\nBut if we have even more information, we can do even better. We could fill out our bracket *as* the tournament is happening and expect to do really well. A player who lead scoring got injured in the elite 8? We can use that information to reduce the team's chances in the final four. That's why a Markov chain is so.good at making predictions. It refined it's approach as it gets information. \n\nIn real use, Markov chains get much more sophisticated. So sophisticated that becomes hard to keep track of all the variables. That's where higher level math like *linear algebra* comes in. \n\nIn a *Hidden Markov Model*, you don't actually have to know how all the pieces fit together. You just need some good relationships:\n- taller players do better\n- players have to be healthy to play\n- scoring early is important\n\nUsing *eignevectors* a mathematical approach can take a *system of related linear equations* and figure out which variables are *independent* of the rest. You do this by mathematically rearranging all the equations so that the few that dominate the rest fall out.\n\n- taller players do better and the early scoring for this team is directly caused by their best player being tall. It's really only one variable at work here. \n\nAs the Markov chain gets updated, the most important variables might shift.\n\n- Taller players do better but this team's tall player is injured so the height variable is no longer part of what contributes to their early scoring.""]","[array(['33b42b38-4ce9-465a-9ba4-e6242defba93'], dtype=object)]"
478,2y4ahm,why is the holocaust so much more popular than other historical genocides?,"[""Aside from having one of the highest death tolls (only the Congolese occupation has a higher average-estimate death toll), it receives attention partly because it was a new type of event. The word 'genocide' itself was only coined in 1944 to try and name what the Nazis had done.\n\nThe Holocaust was a planned, deliberate attempt to completely wipe a race of people from the Earth, domestically and internationally, executed in a large-scale industrial fashion using all the tools of a developed 20th-century nation, and had the fascists not been stopped by war, they would have seen it through to completion.\n\nThat's new. That hadn't happened before. That's why it's so studied. Sure, there had been lots of other mass killings and racist crimes of humanity -- but they weren't like the Holocaust. They usually fell into two categories: brutal massacres committed by invading armies (as seen in Mongol campaigns) and horrendously exploitative colonialism (as seen in the Congo Free State). \n\nThe fact that Nazi Germany was a modern highly-developed nation also factors into it, I'm sure; it has a larger, more devastating impact to think of a modern educated developed country doing this, compared to say, the tyrant King Leopold and his absolute monarchy generations and generations ago. Likewise, Eurocentric views dominated as a matter of policy until very recently, so of course an event occurring in the heart of 20th century Europe has more shock value than some old business off on the (gasp) Dark Continent. Then there's the fact that we have huge amounts of recorded testimony, photographic evidence, video evidence, etc of the Holocaust. There are a lot of factors.""]","[array(['86b86cf1-356e-4c79-9682-882090c33855'], dtype=object)]"
479,2besa5,Why does my stationary leg hurt when I ride a skateboard?,"['More to the point, it is almost like doing a one legged squat. In addition to holding all your weight up, you are lowering yourself several inches (with one leg) each time you kick/push with the other leg. \n\nI have a adult sized kick scooter where I experience the same thing. I could kick all day, but switch legs often because of the fatigue in the leg on the board.']","[array(['5fe55295-1965-420e-9aa2-4f2eda36a606'], dtype=object)]"
480,1upfk4,What is the significance of the MPAA joining the W3C?,"[""The World Wide Web Consortium (W3C) defines the specifications of the web.  It's largely an organization of technology companies and publishers trying to agree on standards to move the technology forward.\n\nAs streaming audio/video is being increasingly standardized (in things like HTML5), the MPAA naturally would like to have early input into how it's works - not unlike how Bloomberg cares about RSS.\n\nThe controversy is largely because MPAA has for years fought the industry rather than worked with it, so most people perceive it as a way for the MPAA to slow down tech or make a fuss about DRM (as that's how they've behaved before) rather than a step in the right direction to offer good solutions.\n\nWhat does that mean to the average Joe?\n\nWell, for years there wasn't a standardized way to do video on the web.  So Flash emerged, and Flash sucked.  For years Adobe had a monopoly on it, and it's the reason a lot of early video didn't play on your iPhone (because it was an Adobe-owned format that they couldn't come to agreement on).\n\nHTML5 streaming video (which the W3 standardized the specification of) fixed that by pushing it as a standard that every vendor could implement on largely their own.\n\nLots of technology like that will emerge and evolve over the coming years.  How it affects the day-to-day for the non engineer in the industry is usually non-obvious (like the above example).\n\nIt simply means the MPAA will be present at a few tech meetings earlier than they have in the past.  If you're an optimist, that means that they've learned their lesson somewhat and will try to work with the industry instead of fighting it.  If you're a pessimist, it means they're going to make a short-sighted fusses that slow down the technology evolving.""]","[array(['41f2fe7c-c1fb-4142-b74c-f0f321e871d8'], dtype=object)]"
481,4ntuke,"Why does electricity ""want"" to be grounded. If there was a bigger planet then Earth here would electricity jump to it instead ?","['The more general rule is that a system will tend to minimize its potential energy. For example, a ball on the top of a hill ""wants"" to roll down to minimize its gravitational potential energy. Similarly, a circuit ""wants"" to minimize its electrical potential energy, or voltage (technically voltage is electric potential energy per charge aka electric potential). *Ground* is defined as voltage=0, so a circuit being grounded is like the ball reaching the bottom of the hill.']","[array(['13d2e4bd-a441-4e5a-b8f5-84153ceacefb'], dtype=object)]"
482,6utv9k,What is that nasty gunky substance in your mouth after waking up? What is the cause of it and is that the reason we must brush our teeth in the morning?,"[""If you're not brushing your teeth well enough before you go to bed, it may be plaque. But if you are, it might just be the inner lining of your mouth shedding and congealing nastily due to the nighttime dryness of your mouth.\n\nYour mucus membranes shed even faster than the rest of your skin.""]","[array(['10a40310-63bb-48c9-984f-e32fffa43493'], dtype=object)]"
483,447zxb,Who REALLY foots the bill when a corporation goes bankrupt? The unpaid bills?,"['Whoever those bills are owed to, as the corporation does not have to pay them, so the debtors are shit outta luck on recouping that money.']","[array(['8f3ecea3-f756-48fb-ae56-4cfa2b0e5365'], dtype=object)]"
484,1n72sj,Why are textbooks so expensive?,"['Because only a small number are printed. If you print a million of something, the costs are divided across that large number and it can be cheaper. Print only 10,000 and the ""fixed"" costs are now divided across 1/100 the number of books.']","[array(['d0353db9-1459-46f2-aa47-932f94edef0c'], dtype=object)]"
485,8ezdug,"Why is it when a show or movie has subtitles, we can’t help but read them?","['Two things\n\n1. Remember how you spent the first several years of your life sitting in rooms reading stuff all day? and then you go to work and read stuff all day?, etc, etc. Your brain does \\- so when it sees words, even without you telling it to, it goes ""ooh, I know what to do here"" and reads them. The brain just gets conditioned to read words that it becomes \\(somewhat\\) automatic. You can notice yourself doing this in other parts of your life too where you will automatically read stuff even if you weren\'t specifically trying to focus on it \\(e.g. signs on the side of the road\\)\n2. Often in movies where there\'s dialogue being exchanged between two characters there\'s not that much else going on but the subtitles are changing, so they are actually the most ""interesting"" thing happening. Next time your watching a movie with subtitled but not trying to pay attention to the subtitles pay attention to when you pay attention to them \\(as weird as that sounds\\) and you\'ll probably notice that you\'re more likely to notice what the subtitles are doing when there isn\'t much else going on than you are during the action sequences.']","[array(['458bb81f-d11d-4b07-ab9f-fc4c107e5602'], dtype=object)]"
486,49d8wi,Why do we have to pay for internet? And why is there a limit?,"['You\'re not paying for ""the internet"". You\'re paying for a company to *connect* you to the internet. They build the infrastructure, they run a lot of very high-end, very specialised equipment, and they spent a *lot* of money on it. They\'re not going to let you use those for free.']","[array(['9082857c-513a-496b-8bc3-27b22a5cf32f'], dtype=object)]"
487,513two,What and how can start a natural bushfire?,['Lighting mainly. When a volcano is conveniently located that will suffice.  Plus if you have a decent damp pile of plant matter as it decays it can just get hot enough to burn.'],"[array(['647514a7-285f-4cf3-8c17-619938a604a1'], dtype=object)]"
488,3gh7zc,"Why must we let a steak ""rest"" for best flavor, but that just makes it cold?","['You just need to let it rest for 5-10 minutes before cutting into it. When you cut it right away after removing from heat, you will notice the plate will fill with liquid. That liquid is full of flavor that the steak loses.']","[array(['8e9137cd-02a4-4a55-84b7-91778135db70'], dtype=object)]"
489,1j9a6f,How do food companies determine the expiration date for a product?,"[""It is calculated by measuring the rates of breakdown under less than ideal storage conditions. With ice cream, the limiting factor is likely to be the time it takes for ice crystals to grow, as well as the oxidation of some fats, degrading the taste and texture of the product. Because of this, it is likely to be called a 'Best Before' than an 'Expiry' date.\n\nAll of this is very complex, but is reduced to a certain number of days, from which is subtracted a safety margin, again carefully calculated. This is added to the date of production to give an expiry date. \n\nIf it has been in your properly functioning freezer, and is a few days over, then chow down and enjoy.""]","[array(['ee33de34-32b4-4482-b58c-001e8d24f748'], dtype=object)]"
490,5mp9n4,"Why can you hear the voices in the apartment above you so easily, but not the voices in the apartment below you?","[""Because sound travels through the solid medium ( the floor slab). On the floor above, people are directly in contact with the surface; while on the floor below, you're only depending on the noise traveling through air and noise traveling in air is divided into reflected, absorbed and transferred, major percentage of which, is reflected.""]","[array(['9970ca08-4ed0-4385-a569-8ad9fa394560'], dtype=object)]"
491,3htk72,"If you were confined in a small space with limited oxygen that you were trying to conserve, would it be more efficient to take continuous short breaths, or fewer breaths while holding your breath for longer periods of time?",['You would want to lower your metabolic rate. Decrease heart rate. Calm down. Take long deep breaths. Make each breath last as long as possible....... I think.'],"[array(['310e483b-b2ce-428e-8f8b-8e135618b4e6'], dtype=object)]"
492,37y6zs,"How comes different phone chargers take widely different time to charge the same phone,despite all being rated 5V 1A?","[""The usb standard originally allowed for only 500mA to be drawn per port. This isn't really enough for smartphones and especially power hungry tablets etc., so the manufacturers came up with a way for chargers to indicate they were willing to supply more power to the device. The device charging circuit can then draw more power than that safely - without that signaling the device could try to draw more than the charger/port can supply and possibly burn it out. \n\nSadly there were different methods chosen - some short together the data leads, some use different resistors between them or between them and the ground pin etc. \n\nThe wrong charger/cable with the wrong device won't step up to the higher current. \n\nI've just bought a small gadget from dealextreme which sits in the usb port and tells you how much current is being drawn from it. My cables vary from 0.3 to 0.95A to the same device - I'm in the process of labeling them and exploring the various combinations of charger, cable and device. \n\nTl;Dr it's complicated.""]","[array(['45f31bad-ba59-46a2-8bdc-a4801dec8a8e'], dtype=object)]"
493,1wvyjj,Why is mace (pepper spray) illegal in the UK?,"['There is no such concept as ""defensive weapon"" in any of the UK legal systems. Anything carried with the sole or primary intent of causing injury upon another is always considered an offensive weapon in the UK.\n\nNote that the perceived intent of usage is important. If you were carrying a baseball bat outside a town park at 11 o\'clock on a Sunday morning you\'d be highly unlikely to be stopped by the police. If you had the same bat outside the same park at 2am the police would almost certainly consider it an offensive weapon.\n\nAlso note that defending yourself in a threatening situation is perfectly legal in the UK, as long as you use ""proportional force"" and that you haven\'t pre-armed yourself with a weapon.']","[array(['cfd6f078-1803-46a0-a403-6cd8fe36f16b'], dtype=object)]"
494,3uymj8,Can I take any antibacterial medicine for any bacterial infection?,"[""To answer your questions: no, and yes. \n\nBacterial infections treated by antibiotics vary widely. There are gram negative and positive, cocci and bacilli and several other ways to isolate or classify organisms.  A physician will order a culture/sensitivity test which takes several days to determine what cootie you're growing and what antibiotic it is most sensitive to.  Antibiotic stewardship follows treating the infection with the least broad spectrum medicine available to avoid creating more resistant strains. Also remember the common cold is a virus which are not affected by antibiotics.""]","[array(['a814d7f2-110d-4e1d-bb0e-ae121cdeb62d'], dtype=object)]"
495,65jb19,What is the force that causes you to think of someone moments before they call or text you?,"[""Coincidence, confirmation bias and faulty memory.\n\nThere are no special forces. Rather, sometimes when you happen to think of someone they will contact you soon after. More frequently when you happen to think of someone, they won't contact you at all. Human memories are fairly flawed. Some of us might think we are masters of remembering stuff, but really, we aren't. Maybe rough lines, but details? Nope. And our memories are quite easy to influence as well, both by others and by ourselves.\n\nAll of this leads to the situation where you are more likely to remember those times you were thinking of someone and they just happened to call you. That makes you believe someone is always calling you as you think of them (because you don't remember the more frequent times when they don't) and you confirm your bias with your flawed recollection. \n\nJust grab a notepad and start marking down every time someone crosses your mind, even for a moment. Write down when these people call you. Do this for a week, and you'll quickly see that you think of people far more often than they call you, and them calling you is not related to you thinking about them.""]","[array(['d3bcce4d-86e1-4328-95fa-d0092074ddbc'], dtype=object)]"
496,uhz3y,how rumble strips work,"[""They provide step inputs to your suspension that can't be completely soaked up by the shock absorbers, causing the vehicle and its contents to vibrate at an audio frequency that most people are sensitive to.\n\nHere is what the [US Federal Highway System](_URL_0_) has to say about them.""]","[array(['3e523f66-f9d3-4357-9200-05ed1a01088c'], dtype=object)]"
497,3863v8,Why does the U.S. military use exciting action commercials and other fanfare for recruiting rather than just telling us what the threat is?,"['Why does Bud Light have commercials of a guy playing ping-pong with Arnold Schwarzenegger instead of advertising its price and alcoholic content? Like any other advertiser, the Army spends millions trying to find the best way to sell themselves. The simplest answer is likely the exciting action commercials are the result of a group of very intelligent people studying data and crafting a pitch they think will attract the largest group of people. As with any commercial reaching millions, the results tend to be generic and inoffensive.\n\nThere are many reasons I think they\'d avoid a ""Hitler is killing all these people"" commercial:\n\n* It\'s a complex situation. We\'re talking about a fifteen second commercial designed to grab your attention, not a WWII newsreel.\n\n* A commercial focusing on the enemy subconsciously reinforces the danger of serving in the armed forces. The single biggest downside to joining the military is that you could end up dead, and they obviously want to avoid anything that could reinforce that idea.\n\n* Hot-headed assholes yelling ""Let\'s go kill us some ISIS!"" is NOT what the military wants. The keywords they use instead (bravery, commitment, service, etc.) are the more important indicators of military success that they\'re looking for.\n\n* Our enemy isn\'t exactly the most... politically correct. The White House [refuses to even use the term ""radical Islam""](_URL_0_) when referring to people like the Charlie Hebdo murders, for fear of alienating American Muslims and Muslim allies. The armed forces are likewise strongly recruiting Arabic-speakers and Muslim-Americans, and angry faces with turbans on your commercials won\'t help.']","[array(['1f3238b7-753f-4501-a680-fc6a531b6e67'], dtype=object)]"
498,7qazx9,What are the differences between the North and the South Pole?,"['The North Pole is in the middle of the water, usually covered by ice (less so nowadays because of climate change), and has polar bears, but no penguins.\n\nThe South Pole is on land (Antarctica) and has penguins, but no polar bears. \n\nAlso, the North Pole is in the Northern Hemisphere  and the South Pole is in the Southern Hemisphere.']","[array(['ac95e357-3033-4b31-a009-e6c5e8b6dcd0'], dtype=object)]"
499,3jsm8x,What exactly makes some genes dominant and others recessive?,"['I remember that this was explained on Ask Science a year ago (Don\'t know why I know about it, but eh...); here\'s the link to the answer given, as it\'s really nice: _URL_0_\n\nTo paraphrase the analogy:\n\nGenes code for different things.  Some genes code for different structural proteins.  You can think of these genes as coding for bricks.  Our ""good"" alleles (b) code for rectangular bricks, and bad alleles (B) code for spherical bricks.  If you have one gene for each, you\'re going to be making both spherical bricks  &  rectangular bricks.  But that\'s a problem - your building needs all rectangular bricks, and having some spheres and some rectangles doesn\'t build your building.  You have loss of function, so that negative trait is dominant.  (the bad allele B is the dominant one)\n\nIn contrast, if a gene codes for an enzyme, it\'s likely to be recessive.  These are like building trucks.  A good truck works, and a bad one doesn\'t work.  But, if you have some good trucks (good alleles, T) and some bad trucks (bad alleles, t), you might just have enough good trucks in total to transport the material you need from one place to another. Thus, we say that the bad trait is ""recessive"", because you\'re not going to experience full loss of function unless you have two bad alleles (only the tt case shows total loss of function, so the good allele T is dominant over the bad one t).  Now, you might have some negative effects, particularly if you need a lot of the enzyme, but it\'s not going to be a total loss for the most part, and you may well be able to function on a day-to-day basis without major issues.']","[array(['db24f68d-3ab1-49fe-9795-c21373383a6d'], dtype=object)]"
500,11ms8k,How a recession causes lower gas prices.,"[""Gas prices are largely driven by gas demand.  The *demand* for gas however isn't usually driven by prices.  That is, most people don't travel less just because gas costs more, they have a set number of miles they *have to* travel to live their lives.\n\nWell, if a bunch of people don't have jobs, and don't have any reason to shop, and can't afford to travel, suddenly they use less gas.\n\nGas has to become cheaper to sell all the gas they can make that isn't being used.""]","[array(['0a9df2d2-32da-4c8e-9790-29a4384fe54f'], dtype=object)]"
501,4jl7x7,Why trees produce different shapes/sizes of leaves.,"[""A thing to remember about evolution (that I often see is either forgotten or never realized) is that so long as a trait works well enough, and doesn't kill an organism or weaken it to the point of applying direct evolutionary pressure, it will remain.\n\nLeaves are a balance between energy expenditure (to grow) and energy production.  Trial and error from mutation and different plant branches of the evolutionary tree will lead to variety.""]","[array(['ea0b0402-d3ca-4cdc-9de1-2e1a4a86ee5b'], dtype=object)]"
502,4x6kp6,The five lesser-known types of magnetism?,"[""Basically, magnetic fields happen because electrons have small magnetic fields. There are various ways they can prefer to behave in a material, giving rise to their magnetic properties.\n\nDiamagnetism is most noticeable when there are no unpaired electrons in a material. This negates the magnetic moment of the electrons (each one has a partner that negates it). It opposes any external magnetic fields by messing with the magnetic moment of the electrons' orbit. Every material will do this, but most of the time, other effects overwhelm it.\n\nParamagnetism is sort of the opposite, when there are unpaired electrons. Those unpaired ones can point any which way they please and thus, can line up with an external magnetic field, amplifying it. The magnetic moment of an electron is much greater than the magnetic moment of it's orbit, so this effect outweighs diamagnetism if there are unpaired electrons.\n\nFerromagnetism is like paramagnetism, except that it's so strong, the amplified field can sustain itself. The field generated by other electrons in the material is strong enough to get other electrons in the material to also line up, so it can keep the field by itself.\n\nAntiferromagnetism is the opposite, the unpaired electrons want to oppose eachother, so they have no magnetic field. The reasons why this would happen instead of ferromagnetism have to do with complicated energy level nonsense in various materials.\n\nFerrimagnetism forms sheets, kind of. Antiferromagnetic materials have every electron trying to be opposite of it's neighbor, so it forms a checkerboard. Ferrimagnetic materials form rows as they try to be the same alignment in one direction but opposite alignment in the other direction. This usually results in a net magnetic field like a ferromagnet.\n\nSuperparamagnetism is only found in tiny pieces of ferro or ferrimagnetic materials. They're small enough that their temperature causes them to switch the alignment of their magnetic field too quickly to produce a stable magnetic field in any given direction. But when an external field is applied, they align. It's like paramagnetism, but because the material is a better magnet in the first place, it's stronger than normal paramagnetism.""]","[array(['37c7fec6-7069-4b53-ad5f-9860247a7f22'], dtype=object)]"
503,2ccka7,How does my cat know to look at my eyes/face when communicating something?,"[""It's been a common thing for workers in parts of the world to have to wear face masks on the back of their head because tigers won't attack if they think a person is looking at them. So this goes past domestication and is a hunter instinct.\n\n_URL_0_\n\nAnd just as a tip for owning cats, look them int he eyes every now and then and deliberately blink. It's a sign of trust, as cats stare unblinkingly at people they don't trust.""]","[array(['490b8bd5-a0cb-4fd5-bb2a-1e64a8620ca6'], dtype=object)]"
504,48ypjx,OJ and the recently discovered knife can we still prosecute him or no since double jeopardy?,"['Without considering the Double Jeopardy, the knife was supposedly found years ago and kept by as a souvenir by a cop. It was only recently brought forward as evidence. Pure speculation, but it could be real hard to use it as evidence in court since it was handled improperly. \n\nEdit: improperly']","[array(['df5d12c9-44f1-42e8-8c1b-3178c4aa418d'], dtype=object)]"
505,88ik20,Why do the body-cells age?,"[""A few reasons. The most straightforward is that every time a cell copies it's DNA, it uses up a piece of the tail at the end of the DNA called the *telomere*. \n\nWhen a cell is out of telomere, fragments of the DNA itself start getting used and the cell goes into *telomere panic*. Each copy does damage to the DNA after that.""]","[array(['dc0d22d2-9560-427c-a9e0-ed4808dcd0f2'], dtype=object)]"
506,3jz5f7,What is involved in porting a PS2 game like Metal Gear Solid 2 to Xbox 360/PS3 for an HD Collection?,"['PS2 and X360/PS3 have different processor architectures. Which means that the same piece of code means different things to those machines. That\'s where emulators come in. An emulator is a software that reads a code that\'s written for a certain processor and ""translates"" it to work on another processor. Now to make an emulator work, you have to have a very good understanding of how both processors work, so you can make the translation process as smooth as possible. If an indie team consisting of programmers who know how those architecture work at the lowest level, they can make it work, within the limits of both processors\' capabilities of course.']","[array(['dba6764f-03be-4da0-bd94-15aacb2f3ee3'], dtype=object)]"
507,668wo7,"Why does the water spray from the shower feel cold when you're standing next to the beam itself, even if the water is warm?",['I believe you are feeling tiny borderline microscopic droplets of water which due to their size lose their heat to the environment extremely quickly'],"[array(['4467839f-7119-45d8-8460-84f43a1792e0'], dtype=object)]"
508,10zzk9,why do empty folders contain 0 bytes of data? Don't folder names contain (even a few) bytes of data?,"[""The contents of the folders are 0 bytes of data (no contents). It's like saying a real-life box contains 0 pounds. But the box itself isn't 0 pounds.""]","[array(['cc63075b-b64d-478e-be14-c5fc69a839b8'], dtype=object)]"
509,35m823,"Do caterpillars know they they are going to become butterflies? Or do they just get in a cocoon thinking, what the fuck am I doing?","[""You're giving them too much credit. When you get to insects that small, and insects in general, scientist aren't even sure they're capable of abstract thought like that, they're closer to biological machine, who just do what they do on instinct alone, their brains aren't really complicated enough to make it seem credible that they can think like we can.\n\nAlso, whoever commented bfore me, I'm pretty sure you've been shadow banned.""]","[array(['cc49403f-23fc-4f1f-8573-b344f25926d6'], dtype=object)]"
510,3shkgd,Why do a majority of films that have action scenes usually have the action extremely loud and have all the talking quiet?,"['Most films are made with the movie theater in mind, or high-end home theaters. Those are usually multi-speaker setups, with a center speaker containing most of the dialog (not all), the other speakers doing sound effects, music and and ambiance, and a big ol\' subwoofer (or two) for rumbling bass.\n\nSo when that movie is in the theater, there\'s plenty of dynamic range (i.e. loud parts are loud, quiet parts are quiet). It sounds great. When the Joker is telling Harvey Dent about chaos, it\'s quieter than when the hospital blows up. But when that hospital goes kablooey, it fills up the theater with big, loud, wonderful booming sounds.\n\nBut it all comes out crystal clear, because the speakers are designed to do such things. The louder stuff is *that much more powerful* because your ears have the quieter stuff to compare it to.\n\nBut then...\n\nTake that same multi-channel audio track, and push it through a pair of built-in TV speakers that *at most* have 5-10 watts.\n\nHere\'s what\'s going on:\n\n1. Your six-plus speaker setup is now only two speakers. Your setup now has to figure where to shoehorn everything.\n2. Those speakers are a lot less powerful.\n3. Built-in TV speakers aren\'t exactly powerhouses of rumbling bass.\n\nSo you wind up with overall weaker sound. You turn up the volume because you can\'t understand what Batman is whispering about. Then suddenly something blows up and you go rushing for your TV remote before the neighbors come pounding on your door.\n\nUnless you have a nice surround-sound setup at home, you\'ve been there. I know I have.\n\nSometimes on DVDs and Blu-Rays, you can go to the ""setup"" menu and you see the production company has been gracious enough to provide you with a 2.0 option (this means two speakers, no subwoofers). Use that if you can.\n\nOtherwise, check your TV menu. Some televisions have some sort of built-in audio compression to lessen the disparity between loud parts and quiet parts.']","[array(['49e4998f-dade-4202-a031-c02aee9c4a8e'], dtype=object)]"
511,2jngzs,What exactly causes Mouth ulcers?,['Most are caused by unintentional damage such as biting. Recurring ones can be a sign of an underlying health issue. This may help\n_URL_0_'],"[array(['f890e232-faf1-4644-be9a-fc05e5b134da'], dtype=object)]"
512,4sp1fa,"Why does food (meat, cheese, bread, vegetables) taste different when sliced thin vs thick?","[""I would guess it's because there's a greater surface area to volume ratio, so comparatively more of the food gets exposed to the air. The surface of the food will interact with oxygen in the air, affecting the flavor of whatever you are eating.""]","[array(['1b5ef47a-2ebf-4158-abec-0a11d8f6febc'], dtype=object)]"
513,li6py,"what is the real difference between a Prime Minister, President  &  a Premier of a country?","[""Many parliamentary democracies are republics as well, although some still have monarchs as their head of state (i.e., not republics). That last thing -- *head of state* -- is a key term here. The other term that goes with it is the *head of government*.\n  \nThe head of government heads the cabinet of ministers, and is often called the *prime* minister or simply the premier (the first/highest among the ministers, who heads the cabinet instead of a specific resort like foreign affairs, finance or the economy), but can also go by other titles, like chancellor. In some countries, like the US, this person is also the head of state in personal union. In others, like in most European countries, there is a distinct role as the head of state. Usually this is a president if it's a republic, or a monarch if not. If the role is distinct, it's usually mostly ceremonial, with some additional constitutional roles (e.g., some countries require the head of state to sign laws instead of the head of government, to have an additional safeguard). Queen Elisabeth II, for example, is the head of state of well over a dozen countries from all over the world, but not the head of government in any of them.\n\nSo, the important distinction here is between the head of state and the head of government, what they're called is just a matter of nomenclature and often rooted in tradition.""]","[array(['23821096-1bb3-4f83-9a72-40ffbcb1a0a0'], dtype=object)]"
514,yg6ar,"Nolo contendere, or Plea of No Contest","['Normally, there are two possible pleas in court. Guilty or not guilty; ""I admit I did it, go ahead and punish me"" or ""I don\'t admit I did anything, prove me wrong"".\n\nIn some cases, you are allowed to take a plea of no contest. This plea is saying ""I don\'t admit I did it, but I\'ll let you go ahead and punish me anyway"". While the immediate effect is the same as a guilty plea, depending on your jurisdiction there may be some secondary benefits to *nolo contendere*. For instance, under US federal rules, a guilty plea can be taken as an admission of guilt in some later court case, while a no contest plea cannot be.']","[array(['a222c328-c557-45f3-9a19-183da993fcdd'], dtype=object)]"
515,327iio,CFL bulb maximum wattage.,"[""1 watt isn't a big deal. 25 watts would create more heat than the fixture is designed for.""]","[array(['018415b1-8456-4ef4-93af-f7778de56bb2'], dtype=object)]"
516,2vrh8v,"Who pays for anti-smoking ads, and why do they want us to quit?","[""Fun fact: the Truth anti-smoking ads are actually funded (unwillingly) by the big tobacco comapnies. In the late 90's 47 states sued the tobacco industry for the medical financial burden their products put on the state's healthcare systems. Part of the settlement was that the tobacco companies had to fund the [American Legacy Foundation](_URL_0_), a not-for-profit organization dedicated to the eradication of smoking. The ALF is responsible for the Truth advertising campaign.""]","[array(['33117b58-e5e3-4577-8552-e5df07ecc3db'], dtype=object)]"
517,xrwol,Why is the camera on the Mars rover so low quality?,"[""We can, just not yet. These cameras are the initial landing cameras to make sure it survived the landing. Later this week, the fancy dancey cameras will spring up and give us lovely, awesome (like, literally awe-inspiring) imagery.\n\nAlthough it's pretty awesome already in my opinion :)""]","[array(['bcff5d72-0d4a-412d-8f4b-30ddf01b44ee'], dtype=object)]"
518,3jn9fw,Expiration dates for painkillers (details inside),['You are looking at date Filled vs date expired. Not date manufactured vs date expired. These drugs are created in large quantities but that doesnt mean they all get distributed at the same time. So the ones you got in 2013 and the ones you got in 2015 could have all been made in 2013.  Drugs do expire.'],"[array(['0df36aa3-abc9-43a7-8126-aed3af72e3f8'], dtype=object)]"
519,5yviqc,How do pearls form?,"[""Here's a hint- It's the same material as their shell.\n\nThe sand is an irritant to the soft gooey creature, it can't reach to dislodge a grain of sand that is stuck, so it covers it in a layer of the same stuff the shell is made of. They get the minerals from their diet. Layer after layer it gets incrementally larger, just like the shell.""]","[array(['1ada25ff-08e8-4387-ae45-99acc42e668d'], dtype=object)]"
520,3xnl42,What happens when you charge a battery,"[""Batteries make electricity when chemicals inside of the battery undergo a chemical reaction. Chemical A combines with chemical B to make chemical C + electricity. When chemical A and chemical B run out, the reaction has to stop. \n\nIn chemistry, every reaction is reversible. If A + B make C + electricity, then C + electricity make A + B. When you charge a battery, you're giving chemical C electricity so that it can make A + B again. Once chemical A + B are back, the original reaction can happen again: you've recharged the battery by restoring the original chemicals so that the reaction can happen again.""]","[array(['b1831010-c5a9-4f42-b958-07d13405678c'], dtype=object)]"
521,3ocle4,"why are there only ever 2 or 3 NFL games available on tv each Sunday, instead of 5-10 like for college games?","[""> many games available on standard cable packages like college?\n\nBecause they make more money the way it is currently setup. It's pretty simple at that.  They have limited games on broadcast TV which they charge crazy rates for, which in turn is a limited amount of games people can watch which means everyone is watching them and the networks can charge crazy rates for ads.\n\nThe NFL then sells exclusive access to Sunday Ticket to DirecTV for a giant rate (DirecTV paid way too much) to make even more money.\n\nThe NFL is unarguably the best league in the world of sports at crafting and learning how to extract maximum value from their TV rights. Other leagues like the English Premier League, UEFA, NBA and such are all learning from the NFL's examples on how to craft TV deals, the NFL is just the best at it.""]","[array(['bc748763-0b90-4753-a909-4335fcf007e5'], dtype=object)]"
522,4qr6jg,"How come old people sound ""old"". I'm not sure how else to explain it but they just sound different and harder to understand?",['The cartilages in the vocal tract calcify and stiffen and the muscles get weaker. It makes their voice breathier and makes it more difficult to keep the pitch and loudness steady.'],"[array(['ae758160-df68-42b2-9f05-b235eb7c63ed'], dtype=object)]"
523,2cdq4b,Why do Humans (and most mammals) have individual teeth instead of a beak or solid bony structure?,"['Only reason I can think of is, if one of em breaks, we can still chew']","[array(['d938c345-8725-4ea7-8d6d-0200ea8b8c8f'], dtype=object)]"
524,68yf70,Why do people look away from the point of focus to think?,"[""If you look away there's no stimuli trying to get your attention. You can look at a blank wall and not have anything stimulating you while you search your head for the answer.""]","[array(['3ccfd4d5-fe04-4563-a31e-9004b6017a86'], dtype=object)]"
525,3cgghr,"I've heard that no matter where you are in the universe, you're still equidistant from the universe's ""edges"" as it expands. How is this so? Or am I getting this wrong?","['The ""edges"" of the universe are just as far as we can see, not physical edges, because the light at the edges is from the beginning of the universe and there can\'t be any light from before the universe.\n\nIt\'s like two ships on the ocean, which both see the horizon equidistant from themselves no matter where they are.']","[array(['260f469d-3a27-414d-af6e-453acebc57e6'], dtype=object)]"
526,rcqkz,Why are there ashtrays on planes?,"['The average lifespan of a commercial jet is 30 years.  Smoking was banned on planes in the US in 1988, 24 years ago.']","[array(['694e964a-df13-48bc-8978-08f904a19091'], dtype=object)]"
527,738mxq,"How come humans generally get into cold water slowly and uncomfortably, but animals jump in with no hesitation?","[""If you think animals are not afraid of water you have never tried to bath a horse or take one through a puddle.  lol.  \n\nHumans know there is a choice, that water can be warm or cold.. or even too hot.  Animals know the temperature of the lakes/streams as being what they are.. they don't see any reason to be silly and enter it slowly if they need to cross, but sometimes you will see them entering water slowly when they are not in a hurry.  Maybe you need to be around nature more.""]","[array(['584fadc6-d8b8-4141-9fd9-da16ac16d804'], dtype=object)]"
528,2km3aj,"What's the difference between tornadoes, hurricanes, cyclones, typhoons etc?","[""All are spinning masses of air.  Tornadoes are much smaller than the others being only a matter of yards across.  A cyclone is air spinning around a low pressure system and can be used regardless of the size. Cyclone is also used for a violent tropical storm, especially one originating in the southwestern Pacific Ocean or Indian Ocean. Hurricanes and typhoons are the same thing. If it's in the Atlantic it's called a hurricane and if it's in the Pacific around south East Asia china and Japan it's called a typhoon.    \nHurricane can also be used for any wind with a speed over 73mph.""]","[array(['de464503-cdf2-4770-8378-2c2b226c2750'], dtype=object)]"
529,3m9hfr,"How does ""The lion Whisperer"" on youtube interact with lions and hyenas? Can't they just turn things around him any minute?",['With any animal it comes down to training and experience. Same thing can happen with dog trainers and happens all the time. \n\nLots of dog trainers for the police department have been bit by there trainees it is a hazard of the job. \n\nRoy of Siegfried  &  Roy career ended after being ”attacked” by one of there own lions.'],"[array(['3929c584-a8f8-412b-b380-04dd95cd2284'], dtype=object)]"
530,1jix03,Why do I have the sudden urge to cough while using Q-Tips?,"[""Ok, so basically, you have two cranial nerves that supply sensation to your throat, oral cavity, larynx, trachea, and external ear canal. When you insert a Q-tip, it stimulates these nerves, causing a discharge of signals to your brain. These nerves aren't completely separated, so your brain senses an irritation in your throat, which triggers the cough reflex. This same association of nerve impulses causes many people to feel they have a sore throat/earache when in fact their ears are free of infection. Hope this helps!""]","[array(['91cd7173-b2f5-4e04-962f-369218df8fda'], dtype=object)]"
531,8pfhbf,"Why are pregnant women restricted from roller coasters, hot tubs, flights, etc?","[""Something tells me that subjecting a fragile developing fetus to large gravitational forces isn't a great idea.\n\n\nNor is the general large increase in blood pressure.""]","[array(['6387ab6f-fe27-4424-b4c9-b5399fad6a80'], dtype=object)]"
532,nquot,EILI5: The whole Viva Revolution with Che Guevara?,['Che Guevara was one of the leaders of the Cuban Revolution of the 1950s with Fidel Castro. He now enjoys immense popularity as a t-shirt.'],"[array(['cf96ae86-f9b3-4e03-8399-144fd7fceae7'], dtype=object)]"
533,310fge,"Why do they bother to try and ""hide"" cell phone towers?",['Because it simply looks more aesthetically pleasing.  Cell phone towers are an eyesore'],"[array(['e80e869a-3e7e-4be4-bd71-1edf1e1170c7'], dtype=object)]"
534,11n6d1,Full Faith and Credit in the US,"[""US states can't deny the validity of legal documents in other states. So if I own some property in Texas, and I bring that up as evidence in an Oklahoma court case, the court can't decide it doesn't count because it's from the wrong state.""]","[array(['fb82160c-51d7-4ead-805f-a6e0ee2b1a62'], dtype=object)]"
535,pyfoq,Why do computers/programs freeze/crash?,"['It means theyre working. when you get to the theoretical side of computer science, it\'s actually impossible to tell when something is in an infinite loop, or just taking a very long time. Generally, the computer has just come across a large amount of data it must go through, or may perhaps be waiting on a callback from some other program it dispatched. You see this a lot if you\'ve ever downloaded a small application from someone instead of a big budget program. sometimes when you feed a simple program lots of data (I have an image downloader some dude made in a day for instance) it will ""not respond"" for hours on end because it\'s working really hard sorting through all the data you just gave it, and not responding to the operating system\'s requests for activity because it can\'t. Generally speaking, unless you have a logic flaw, the program will finish sometime, but you have (literally a mathematically proven fact) no way of knowing when this will occur if you don\'t know how the program works or how much data was given to it']","[array(['56ce5e84-966c-4931-b468-0405295a19ea'], dtype=object)]"
536,1wkmhb,How much of the music does a songwriter actually write?,"['It is sort of complicated. Generally, the person credited as the ""writer"" comes up with the main composition, or chord structure and melody for the song. \n\nFor instance- Sting is listed as the sole composer for ""Every Breath You Take"", because he came up with the chord structure- but when you think about that song, it is Andy Summers\' guitar riff that probably comes to mind. However- Sting pulls in a reported $2k per day  in royalties, while Summers gets squat.\n\nThe thought being that the other musicians (bass, drums, horns, etc) are merely playing along to the already ""composed"" structure of the song. Yes- they are still ""writing"" their parts- but the structure already existed.']","[array(['c9f45355-b88f-4fc1-b1a2-d1d27bed9f96'], dtype=object)]"
537,1dhh0q,Dress sizes? What do they mean?,"[""Men's sizes are based on measurements.  [Women's sizes are based on lies.](_URL_0_)""]","[array(['c3c9628d-d3c9-4d90-8d83-350f9b65a289'], dtype=object)]"
538,6bh372,Why do we use implants for breast enlargement instead of something biological like stomache fat?,['Fat is a living tissue. Transplants of living tissue are more expensive and have higher risk of complications. Implants are biologically inert and relatively easy to implant.'],"[array(['ce09a78a-7284-4886-aee4-3ac10494fed0'], dtype=object)]"
539,4ycbyc,Why does the svartifoss waterfall cliff have squares,"['It looks like [basalt pillars](_URL_0_) erroded from the bottom.  Basalt, due to the crystalline structure or something like that, naturally forms these shapes.']","[array(['d00a256d-140e-4044-9fd7-cb416885529c'], dtype=object)]"
540,twghj,How to catch up/develop a well informed opinion on world news and politics?,"[""Personally, I like Christian Science Monitor (even though I'm an atheist. They do good reporting) and The Economist. The BBC is also good for factual stories on world events.""]","[array(['05251a33-5e7d-4abf-bf8c-637b5b7c8622'], dtype=object)]"
541,3d0mgq,The political structure of Bosnia and Herzegovina,"['Bosnia and Herzegovina consists of two ""entities"", Republika Srpska and the Federation of Bosnia and Herzegovina.\n\nThe borders between these two are more or less defined by the territory the opposing forces of the Bosnian war held.\n\nThe two entities are mostly autonomous, but they are both represented internationally by the government of Bosnia and Herzegovina (this is distinct from the *Federation* of Bosnia and Herzegovina). There is one citizenship, and people are free to travel between the two entities.\n\nThere is also the Brčko District which is an area which is shared by the two entities.\n\nThe Federation of Bosnia and Herzegovina is further split up into cantons which govern themselves to some degree.']","[array(['b159595b-56ca-4ba3-b362-c896a814217a'], dtype=object)]"
542,48383w,The ItWorks! business model.,"[""[This article](_URL_0_) suggests that, as you might expect, it's very hard to get anywhere near the income advertised.""]","[array(['daafd198-53e4-466a-8670-5b91c95769ce'], dtype=object)]"
543,23vrnf,Tomatoes and peppers are native to the Americas. Why are they identified with traditional Italian/Indian/Chinese/etc food?,"[""A handful of centuries is an extremely long time. I wouldn't be surprised if the foods you mention almost completely supplanted traditional foods in Asia and Europe. Many New World crops offered vastly superior yields and nutritional value -- the introduction of potatoes to northern Europe caused an increase in available food which was followed by an increase in population which in turn necessitated the growing of more and more potatoes to feed the area's population. If I recall correctly the yam or possibly the sweet potato had the same effect in China. Regarding your original question, though; try Google or Wikipedia.""]","[array(['a1746793-9a6d-400c-931e-d4e836608905'], dtype=object)]"
544,2d00xv,Why are nike shoes $150 or more and how do they enhance performance in sports?,"['It\'s a fashion statement mostly.\n\nDon\'t get me wrong - there\'s some technology and research there, but not nearly enough to really affect, well, anything that much.  You may jump a few millimeters higher through some new bouncy sole and lighter material.  And there is some stability enhancements that will slightly reduce the risk of a rolled ankle.  And some fabric may allow the foot to ""breathe"" a hair better.\n\nBut in the end, it\'s clever marketing.']","[array(['b9276579-ad11-4b8a-be9e-90b3d48ad4c0'], dtype=object)]"
545,1d6hqp,How all these big websites lately have been getting their data hacked.,"['Properly securing websites is one of those things where if you\'re doing your job right, no one notices.  If you\'re doing it wrong, no one notices until you get compromised.  This is why it often doesn\'t get enough attention.\n\nIn addition, because various sites are architected in many different ways in terms of software and topology, there\'s no one ""right way"" to secure things.  Whereas there exist best practices for Wordpress blogs for example, time must be spent to determine where more complex systems are vulnerable.  That doesn\'t excuse basic mistakes like not salting passwords or leaving database ports open, however.\n\nSome of the recent attacks are not technological, but rather are social engineering. If users are giving away their credentials, there\'s no foolproof solution.']","[array(['cd1fa535-0a30-46ac-9762-f6fb06ec6a40'], dtype=object)]"
546,6fxxlr,why is depression so common in our species when the ultimate goal is to pass genes on? Isn't that counterproductive?,"['Humans, because of the society we have made for ourselves, don\'t necessarily need to respond to environmental pressures genetically when it comes to passing on our genes.\n\nA person with clinical depression in our society can be treated and still have sex.  It\'s not preventing genes from being passed on, and that\'s the question you always have to answer when you\'re thinking about why x wasn\'t ""fixed"" by evolution.   If it doesn\'t prevent sex, you\'re not going to see any genetic fixes.']","[array(['bbfa01af-8681-4925-9ba5-c3ed65f3eaa6'], dtype=object)]"
547,2zpth6,"The ""Economic gap"" between the ""1%"" and the ""99%""","[""This is obviously a very complicated question, ~~Nobel Prize winning~~ economist Thomas Piketty set out to explore it in his book Capital.  What it comes down to is this:\n\nIf you make enough money (and only enough) to keep you alive, you will never get any richer.  Every day you will earn $5 and at the end of the day you will have $0 left, and so the cycle repeats until you die.\n\nBut if you earn $6, you can put away some of that money.  You can save $1 a day and put it in a bank account.  You can set the money to work, *to make you more money*.  For the super-rich, this is even more extreme.  The more money you make, the more you can invest, and the more you make off of those investments that you can then re-invest.  It's a positive feedback loop.""]","[array(['14893614-64ce-4ede-953e-2085ae6511c3'], dtype=object)]"
548,472qdg,What would happen if you were quiet for years?,"[""The vocal folds (also known as your vocal cords) are mucous membranes. Unlike muscles, which can atrophy and deteriorate from lack of use, using or not using the vocal cords doesn't really make a huge difference in their well-being. You might have some voice breaking or stammering when you try to speak again after a long time, but it's not like they would waste away from lack of use. \n\nI believe that the biggest impact from lack of speaking would be more psychological. If you're in a situation where you can manage to not speak for any reason, you probably will not have a lot of human contact, which can affect your mental health in various different ways.""]","[array(['a5b86085-061b-46be-b713-a525c5fdd8d9'], dtype=object)]"
549,1f2v9k,SMPTE Timecode,"['Timecode is used in multiple ways throughout the production process. The most recognizable of which is the [slate or ""clapper""](_URL_0_) The clapper is used to sync the video and audio track by creating a known point on both tracks (When the sound is made on the audio track, and when the clapper closes on the video) During editing, TONS of notes are made, mostly using timecode as a reference point. And finally, when the show or ad is broadcasted, the timecode ensures that there are no black frames (We call them ""flash frames"") in between different spots or shows. \n\nTimecode is also important for determining which broadcast standard is used. In the US, we use 29.97 frames per second (NTSC), so we use a special frame count called dropframe. Dropframe skips 2 frames per minute except every 10th minute. Other regions/formats are more straightforward and have a whole number like 24, 25, or 30 fps.']","[array(['560eedf1-08eb-4064-9162-88ad182cf417'], dtype=object)]"
550,3s0xgv,Can imaginary numbers be represented visually?,"['One very helpful concept that helped me understand complex numbers is [this](_URL_0_).\n\nIt makes a lot more sense when you think about it in the way described above. Real numbers lie on a real number line, going forward for positive numbers and going backward for negative numbers. \n\nBut imaginary numbers force you to deviate off the real number line by rotating about the origin and going off in that direction.']","[array(['a9fc6a52-5a2a-463e-91fa-13fb819fd3c1'], dtype=object)]"
551,2yab22,"How is it possible for someone to be transgender; I don't believe in gender roles or stereotypes so when someone is ""transgender"" i don't really know what that means... How can gender be separate from sex if we are trying so hard to eliminate gender roles, and promote equality?","[""[Recent studies] (_URL_0_) have shown that there may be differences in brain structure between men and women and that someone who is transgender has a brain structure more like that of their gender rather than sex. So even if we didn't have gender roles at all in our society (and trust me, we still do) there is still physical differences that are present.""]","[array(['b319eb39-4b4b-452f-9f96-a32fe73dbcbc'], dtype=object)]"
552,5a5i9g,How do news outlets get a hold of all those secret tapes and documents that they reveal exclusively?,"[""These usually come from whistleblowers or people who leak the info. Some news organizations (and I use this term loosely) pay for stuff, like TMZ or the National Enquirer. Most media companies don't pay (though there are exceptions). \n\nUsually sources give this stuff freely for a couple of reasons: \n- They want to expose corruption.\n- They have an ax to grind against a person or organization. \n- They want some fame or notoriety.""]","[array(['0c83aa0f-7de0-4a25-9d95-236c194a199d'], dtype=object)]"
553,vxi09,Serialization,"[""Serialized means taking data from a complex structured format, and saving it in a simple format.  Some things like network connections and hard drives can only accept data in simple formats, which is why this is necessary.\n\nAnalogy: your bedroom is set up a certain way.  That's the complex structured format.  Now let's say you end up having to move to a new house.  Perhaps what you do is you carefully write down where everything is in your room.  Then you pack it up in boxes.  Then you ship the boxes to the new house.  Congratulations, you just serialized your room, by turning it from a complex structure format (the actual set up of your room), into a simple format (19 boxes and a list of instructions).\n\nAt the new house, you pull out the list of how everything is arranged, then unpack the boxes and place the contents in according to how the instructions say to.  That's deserialization.""]","[array(['b01ff5de-8480-4c4f-aa79-9f9657e18d93'], dtype=object)]"
554,185ir7,The difference between race versus ethnicity.,"['Simplistically and quite generally, race is what most people think of as one\'s physical form, and is based on outward appearance. Ethnicity is what most people think of as one\'s background, and is based on things like language, clothing, religious customs, etc. There are no hard lines between these designations, some overlap, and their definition is also very fluid, depending on the preconceptions and background of the observer themselves. \n\nGenerally, when thinking of race, an observer will describe someone as being Black, or Asian, or White. This same observer might describe that persons ethnicity as being Jamaican, Vietnamese, or Polish. \n\nThere are all sorts of problems with these kinds of artificial designations, the most important of which is that there really is no such thing as [""race](_URL_0_)""  *per sé*.']","[array(['1228a351-81df-477e-b690-b9ccb4e365af'], dtype=object)]"
555,2635im,Why do we get so much satisfaction out of popping things?,"['It\'s actually pretty simple. When we get surprised or something happens suddenly, our brains send blood and endorphins through our body. Popping something provides us with a ""controlled"" surprise where we know we are going to be surprised and we also know that we wont be harmed. So we get the benefits of being surprised without the risk.']","[array(['69f4412d-bbf1-4a16-945a-0076a93947a4'], dtype=object)]"
556,6lirji,"How do grown up (no longer in school) ""bullies"" work?","['Well, its probably not a good idea to think of ""bullies"" like they are a separate population with their own tactics and strategy. Most people that we would consider bullies are just regular people like you or me, and I can guarantee that we\'ve all acted like bullies a time or two ourselves.\n\nHave you ever been rude to someone? Been forcefully angry with someone? Tried to force someone to do something? Teased or mocked someone? Made someone feel bad?\n\nWhat benefits did you receive from doing it? How did you pick your victims? How did you work? Answer those questions, and you\'ll understand.']","[array(['706e7872-1315-406b-a0dc-2e291bce36e8'], dtype=object)]"
557,5sg6ry,"Why is the measurement of time (seconds, minutes, hours) based around the number 60? Why not a more common base, like 10 or 100?","[""60 is divisible by 2, 3, 4, 5, 6, 10, 12, 15, 20, and 30. Lots of options for splitting time into neat segments. You can divide 60 into halves, thirds, quarters, fifths, sixths, tenths, twelfths, fifteenths, twentieths, and thirtieths.\n\n10 is only divisible by 2 and 5. So you can only divide it neatly into halves and fifths. It's just not as flexible.\n\nEdit: I'm a political junkie, so I comment on a lot of threads featuring hot-button issues. But according to my inbox, this is the most incendiary comment I've ever made.""]","[array(['dbc35440-f573-43b7-afd2-59ced72bdc4e'], dtype=object)]"
558,6fo0pq,"Why do we, and all other animals, breath and use oxygen when nitrogen is so much more available in the atmosphere?","[""The nitrogen gas molecule (N2) is extremely stable and hard to crack apart.  Most living organisms can't do it - most of the biological nitrogen in existence came from specialized bacteria.\n\nOn the other hand, the oxygen gas molecule (O2) is highly reactive, meaning its energy can be harnessed for useful chemical reactions, like those that support life.""]","[array(['5fb3ebf4-28e6-4fc0-b51a-242793badb21'], dtype=object)]"
559,5s1jol,What is it about potatoes that makes them go so well with so many different foods?,"[""Potatoes are have a relatively neutral flavor.  This means they can take on the flavors of other foods without greatly disrupting the flavor profile. They're also cheap way to add bulk and calories to a meal. Recall that calories are only a bad thing in societies and ages of affluence.  In times and places where food is scarce, the goal is to get as many calories as you can into a meal because you don't know whether you're going to eat well next time. Even though we may not have such problems in some places today, it's still why the potato became an integral part of various cuisines in the first place.""]","[array(['554267b1-9139-4a30-a5af-de94cf725482'], dtype=object)]"
560,1os830,How are police sketch artists able to draw people relatively accurately based on descriptions?,"[""It's something of an open question whether they are all that accurate.  Often they are accurate only in the gross details (hair colour, large nose, etc) and aren't otherwise recognisable. \n\nIt's quite rare for a suspect to be identified purely on the basis of an accurate sketch, though.""]","[array(['96022bf6-09f6-4f13-ba3f-322ed7a92473'], dtype=object)]"
561,7eep4b,Why do most song lengths seem to fall between 2 and 4 minutes?,"['Much of the answer has to do with the length limitations of vinyl 7"" 45 rpm singles, which for many years were the primary means of promoting a single song. You can only fit about 3 minutes of music onto a 45 rpm single. So historically, if you wanted to write a hit pop song, you had to keep it under that length.\n\nMore here:\n\n[Why Are Songs On The Radio About The Same Length?](_URL_0_)']","[array(['7acf1f64-18ae-4a8e-a606-7aa5856cf304'], dtype=object)]"
562,3jj15j,Why is Kim Davis being held in contempt of court instead of just being fired for insubordination?,"['tl;dr: Elected officials cannot be fired - they must resign or they must be removed from office through impeachment proceedings.\n\nKim Davis is an elected official.  So she cannot be ""fired."" There are two ways that she can be removed from office - by impeachment and by resignation. In the same way, President Obama cannot be ""fired.""  He can be impeached by the Senate or he can resign from office.  \n\nAn interesting wrinkle is that the legislature in Kentucky (their version of Congress but at the state level) does not meet throughout the year (like Congress does).  So the legislature would need to call a special session to remove her from office through impeachment proceedings (or she can just resign from office).  \n\nKim Davis is being held in contempt because she has refused to comply with an order issued by a judge.  She can comply by resigning, being impeached, or deciding to do her job in compliance with the Constitution (as interpreted by the Supreme Court).']","[array(['0b14f4d2-8d8a-477d-a47b-731325b2a657'], dtype=object)]"
563,6tauy5,What is that falling feeling you get in your stomach when you go down a hill in a car or rollercoaster,"[""Did you ever jump into a cool swimming pool or river or something, and notice after five minutes or so that it's no longer cold? That's because your body 'gets used' to things after a bit. \n\nYour body is used to gravity (and in fact evolved to take advantage of gravity). So you don't even notice that your insides... and the content of your insides, are all under one gee of gravity, because it's always been that way. \n\nBut get on that roller coaster (or even a really fast elevator) and you're exposed to sometimes-more, sometimes-less gees of gravity that make your innards heavier or lighter, as well as anything in them. \n\nSo you have upward pressure in your belly region and throat and their content when you round the crest of a big hill at speed, and downward pressure when you hit that curve at the bottom. And the best your brain can translate that to is a falling feeling.""]","[array(['7fcb6fe9-0dde-40e9-98a2-13c01819bebb'], dtype=object)]"
564,jimv4,Why is the sea made out of salt water?,['Almost all natural water contains salts and other minerals including rivers and sweet water lakes just in different levels. Rivers flow constantly so the salt they pick up from the ground does not have time to build up to the point where it tastes salty. But oceans and lakes get all of this salt poured into them by the rivers where it builds up until even we can taste it.\n\nSome more info: _URL_0_'],"[array(['ece697e2-f9a4-4c98-bb2f-6674aa0b9d4a'], dtype=object)]"
565,6kelzx,"""Remastering"" a movie?","[""Movies are shot using film.  \nThe original film is usually of very high quality. It's relies on physics and light to record high quality images.    \nSay it's 1990 something and you want to release the movie on VHS tape.  \nYou would use a machine to transfer the film to the VHS tape. This creates a master tape, which you then copy and sells to people.  \nBut VHS is really lousy, it doesn't have anything near the resolution of the original film.  \nBut hey, not like anyone can do any better, so you put the film back into storage and sell the tapes.  \nFast forward a couple of decades, the movie has a huge fan base and they all have BluRay capable devices.  \nSo you dig the old film out of the archive, and you break out a new machine, this one makes BluRays.  \nYou make a new master BluRay disk, you have remastered the film.  \nYou copy and sell it.  \n  \nOf course, there isn't really one BluRay disk to rule them all, usually they make something in a format that is easy to make other BluRay disk from, same with the VHS tape. But it still involves creating a new higher quality copy from the old film.""]","[array(['dc514f4d-364d-4333-961f-80cef42a8849'], dtype=object)]"
566,ql9rq,"What do investment bankers actually do? Goldman Sachs, etc.","[""treedick is speaking about regular banks that give loans..not investment bank.\n\nLet's take Goldman Sachs' Investment Banking division\n\nBasically, they underwrite securities. Facebook is going public, they go to an investment bank to help them raise capital. Investment banks are financial intermediaries.""]","[array(['785da36a-33be-4aaf-b082-22bab46b8e69'], dtype=object)]"
567,2ymg8r,Why is it okay to say racist things about white people and sexist things about men but not the other way around?,"['If you want the actual explanation for why some people say this, it is the following:\n\nPeople *claim* that it isn\'t actually racism because racism = prejudice + power. So if you are a historically disadvantaged group (therefore less power), nothing you do can be racist. It can be bigoted, intolerant, or ignorant - but not *racist*. \n\nDoes it make much sense? No, I don\'t think so. If you want equality, practice equality. Pretty simple. But that is how people try to justify it, anyway.\n\nYou also have a non-trivial amount of people who just hear ""blacks can\'t be racist"" (or whatever group you want to use) and go around using that to justify obviously racist/sexist actions without understanding the ""justification"" at all.']","[array(['2a689d42-1f95-4a2c-8e71-e659c669c13c'], dtype=object)]"
568,4jemki,What is bad about universities like the University of Phoenix and DeVry?,"['They admit anyone who has (or can borrow) the money to pay them, regardless of whether they are ready or able to do the coursework.   \nThey provide subpar education at excessive cost.  \nTheir graduates tend to find themselves not particularly employable, and in a lot of debt.']","[array(['8eaa8fd8-1973-4696-85fa-c7f767a17da1'], dtype=object)]"
569,4e3rhc,How do wireless speakers work?,"['Just like radio. There is a transmitter and a reciever. In the case of Bluetooth, the transmitter is something like a smartphone. Then the speaker recieves the signal, and amplifies it.']","[array(['e9d7d8bd-ae77-451e-ad00-5a9d43bdfe34'], dtype=object)]"
570,6ln26q,"Why does touching the contacts on a 9-volt battery not shock you, but something like putting your finger in an electrical outlet will?","[""here ya' go:\n\n_URL_1_\n\nWhile potential (in this case volts) is 9v, the current is very low. The batteries ability to shock is negligible. As is 120v given low current. However most home circuits are breakered to 15 or 20 amps. More than enough to kill a person who sticks a fork or tongue in an outlet.\n\nAs for the difference in voltage vs current, that is described in ohms law.  So where a 120vac circuit can provide (let's say) 20 amps, a 240 volt circuit only need to provide 10 amps for the same power. (watts)\n\nThat's why may appliances use 240vac. The current necessary to carry is half.\n\nA Van de Graph generator can produce 10's of thousands of volts. The current is negligible. Go ahead touch it. \n_URL_2_\n\nHere is a good study on volts x amps\n\n_URL_0_""]","[array(['0d3f26fa-52df-45f1-9639-7b362315e5bd'], dtype=object)]"
571,5eqk1b,The Defense Industry,"[""Here's an article about the top 9 defense contractors in the US and the projects they work on: _URL_0_\n\nAs far as I know, they work the same way all government contractors work, mostly, except that they and employees often have special security clearances. They place bids on contracts and the government accepts the best bids. I believe Cheney/Bush was criticized for unfairly favoring Cheney's former company in the bidding process, though.""]","[array(['4468de88-87b7-4504-aa8a-2f912be6546d'], dtype=object)]"
572,7t9y38,how do people deep fry ice cream? Wouldn't it melt?,"['First of all the ice cream for this is frozen at extremely cold temps, then it is quickly battered and fried, so while the ice cream softens up a little....it is still plenty cold.']","[array(['9ff615f5-0393-49c5-824d-790d819dbd06'], dtype=object)]"
573,8k3773,Chromosome 2 and Reproduction,"[""other humans with trisomy mutations can sometimes still reproduce so I don't really see why this would be a problem and likely we just got lucky enough for the trisomy to be mirrored in possibly a sibling on sibling relationship due to the higher chance of both parents having the same mutation. From there the extra chromosome just stuck around because it had a pair. I don't really know, but it's plausible enough, from my understanding, that the initial macro-genetic impacts of the extra weren't significant enough to impact reproductive viability in a natural setting.""]","[array(['42a21b89-9b5e-47c2-b887-8f617da66c55'], dtype=object)]"
574,7nj7s7,"On what grounds can a gaming company sue an individual for creating gameplay hacks? (Aimbots, etc?)","[""When you pay for software, you're not actually buying it- you're buying a *license* for the right to use the copy that you have.\n\nThis may seem like a minor difference, but legally this allows the owner of the software to determine *how* you're allowed to use it.\n\nThe details of licensing are found in the EULA, which most people don't read. In practice it rarely crops up, but it gives the software company leverage in their back pocket if they ever need it. Included in the license agreements may be the right to revoke access without notification, the right to collect information about your usage of the software,  & c.\n\n_URL_0_""]","[array(['f3f5db3e-a997-4c5e-ba27-c5c3dd98f6a7'], dtype=object)]"
575,33ir5h,Why does my nose get runny when I eat/drink something hot.,"[""Spicy foods irritate the mucus membranes in your head and lungs. Your body reacts to this by making you create mucus, to coat and protect you from whatever may be causing the irritation. You also tear to protect your eyes, which drains into your nose, exacerbating your snot nose. \n\nYou can also sweat because your body thinks it's overheating, and is trying to cool itself down. \n\n\nI always put some hot sauce on my food and over time you gain a sort of resistance. Can be a fun way to win bets.""]","[array(['c07cb1b9-31f4-4515-904f-f26710541018'], dtype=object)]"
576,6hif36,Someone dies before they get a chance to retire. What happens to all of their social security benefits?,"['US Social Security works less like a piggy bank, and more like a Ponzi Scheme (some critics would argue that it\'s *literally* a Ponzi scheme, although I think that goes a bit too far).\n\nUnlike most pension plans, citizens do not have individual ""Social security accounts"" which they pay into while they\'re working, and later withdraw from when they\'re retired. Instead, every currently working citizen pays into one big pool, which is used to support citizens who are currently retired. \n\nWhen a citizen retires, they\'re not supported by the money paid in by their *own* generation, but by the generations which are currently working. If a veteran police officer gets shot two days before his retirement, nothing special happens to ""his social security benefits"", because there was no specific package of benefits with his name on them yet. There is, however, a system of benefits for widows and orphans.\n\n[Ida May Fuller](_URL_0_) of Vermont, ~~Social Security Number 000-00-0001~~, began paying payroll taxes into the Social Security system in 1937. She retired in November 1939 (having paid money into the system for three years), and collected the very first monthly social security check in January 1940. She continued receiving benefits for 35 years, until her death at the age of 100.']","[array(['c859f9cb-711c-4ba2-8cea-783674f4f51f'], dtype=object)]"
577,3eb2h1,How much knowledge can the human brain store?,"[""This is a commonly asked question here. Please see [these previous posts.](_URL_0_) If they don't entirely answer your question, you might create a new post with\na more specific question.\n\nTry our handy Search function sometime. :-)\nFor best results in most cases, use 2 or 3 general, common words\nthat refer to the key concepts in your topic.""]","[array(['f7d80575-a917-4751-b7f3-26c850c2e71f'], dtype=object)]"
578,272qw7,Is Magneto (from X-Men) good or bad?,"['Think of Magneto (and Charles Xavier) as ideologies.  \n\nX-Men has always been a metaphor for people who are different, marginalized, etc.\n\nThinking back to the Civil Rights struggles of the 1960\'s (when X-Men was created), you had people advocating non-violent protest (Martin Luther King Jr.) and you had people who were, well, not necessarily violent, but definitely more militant (Malcolm X).\n\nBoth had more or less the same goals, but their methods and messages were different.\n\nCharles Xavier is MLK, Magneto is Malcolm X.\n\nThey did have to write things in to make Magneto be more towards the ""bad"" sides when talking about mutant superiority (which is subjective), which isn\'t related at all to civil rights, but the Professor and Magneto started at the same point and diverged.']","[array(['f3991db5-caf4-4a5e-b1e0-f31470544949'], dtype=object)]"
579,4ujqjx,"Why does Bayern Munchen/Munich have the 2 names, and which one is ""correct""?","['Its official German name is ""Fußball-Club Bayern, München e.V."", normally abbreviated to ""FC Bayern München"" or just ""Bayern München"".\n\n""München"" is the name of the city -- its German name. To English-speaking people, the city is better known as ""Munich"", so in English-speaking countries the club is known as ""Bayern Munich"". That\'s not its official name, but the English version of the abbreviation of its official name.\n\nOf course, ""Bayern"" is German for ""Bavaria"", so you might expect the English name to be ""Bavaria Munich"". But English-speakers have no problem pronouncing ""Bayern"", so it\'s left as it is. ""München"", on the other hand, is really difficult for English-speakers: the sound written ""ch"" does technically exist in most English dialects but never in the middle of a word like this; while the sound written ""ü"" doesn\'t exist in English at all. As a result, English-speakers simply can\'t pronounce ""München"" correctly.\n\nIf you\'re in any doubt as to the ""correct"" form, just look at [their logo](_URL_0_pics/logos/fcb.png) on their [official website](_URL_0_). However, to avoid embarrassing yourself, unless you speak German well, it\'s probably best to just stick with saying ""Bayern Munich"".']","[array(['59ed0518-c688-4d7b-a90c-3a48768f7d9b'], dtype=object)]"
580,xrzv1,Where do TV ratings come from?,"['The main ratings firm is the Nielsen Company. Hence the term Nielsen ratings.\n\nThis works basically the same way a political poll works. There are statistical methods for looking at the way a small number of people answer a question and figuring out how the population as a whole would answer it. Just like they don\'t have to ask *everyone* who they\'re going to vote for to figure out that President Obama polls at X percent while Mitt Romney polls at Y percent, they don\'t have to count every single person watching a program to say this many people watched it.\n\nThey pick a sample the same way pollsters do. In this case people sign up to be ""Nielsen families"" and they\'re given a diary. They\'re supposed to track when someone is watching TV and what they\'re watching, and then report that information back to the Nielsen Company, who figures out how many of their sample are watching a show and then work out how many people that compares to across the whole country using a lot of statistics and math.\n\nOne problem with this method is that it relies on the families to tell the truth, and sometimes they don\'t. Nielsen also uses electronic monitors that track what channel the TV is tuned to, and even has experimented with cameras that would confirm whether the TV\'s just on in an empty room or whether there are actually people in there watching it.']","[array(['5c5d88dd-d011-42b4-910b-78099a57781d'], dtype=object)]"
581,1ijtzo,What are the main differences between Republicans and Democrats in USA?,"['full disclosure, I\'m a registered democrat and this is a very loaded question, but VERY broadly:\n\nDemocrats tend to believe that the solution to problems lies in enabling (forcing) a community to come together to support the poorest/weakest individuals. They try to put policies in place that directly provide money or services to these people at the expense of the more wealthy members of society. The disadvantage is that it puts a disproportionate burden on the wealthy, since they have to pay not only to support their families but also contribute to poorer families. Any system or policy put in place at a government level can be gamed, and it also carries a certain level of inefficiency and bureaucracy. Additionally, individuals don\'t get to choose which parts of their taxes to pay, so if you don\'t care about the arts and don\'t want to support them, a portion of your taxes will still go to fund them. The advantage is that these policies provide greater opportunity for people to rise from poorer classes. People born into poor homes start off with disadvantages - just a few examples would be that they can\'t afford high-quality food, have to attend schools with less funding, and are more likely to grow up with domestic violence. As a result, they are less likely to go to a good college, and thus less likely to get a good job. The deck is stacked against them, and democrats aim to fight that a little bit, arguing that even if their policies are imperfect, they are worth it.\n\nRepublicans believe that these policies should be limited in order to keep them as efficient as possible. They believe that what you earn should belong to you, and that good people will help the poor anyways, but that forcing you to fund certain programs that you may not agree with isn\'t fair. The argument is that the ""American dream"" means coming from nothing and making something of yourself, and if you do that then you deserve to reap all the benefits of your determination and hard work. They also argue that rich people and wealthy companies have more money to hire workers, which therefore creates jobs. The disadvantage of this is that once someone is rich, their kids tend to do better, and poor people are stuck by the wayside; a few people climb the ladder but it becomes increasingly difficult to do that, so it is advantageous to the people already in power and harmful to others. The advantage is that wasteful spending is reduced and people can choose what to fund rather than having the government decide for them.\n\nThe Tea Party has become a big part of the Republican party, but it\'s actually quite unique and I think it should be separated out. The Tea Party is vehemently opposed to a lot of government policies. Think Republicans on steroids. However, the Tea Party relies on sensationalizing false facts and figures to make their case. For example, many Tea Party politicians state that the US was founded as a  Christian nation, which is explicitly NOT true according to writings from the founding fathers. They often say that programs cost more than they actually do or blame the current administration for policies that were actually created under the previous administration. They do not seem to fact check most of their claims, but they say them convincingly and people assume they know what they\'re talking about. They refuse to compromise on legislation (which completely obstructs the process of creating laws), and thus make congress unable to get things done, and then use the fact that congress isn\'t doing anything as evidence when they complain that government is broken.\n\nHistorically, Republicans and Democrats have been able to work out their differences to pass programs that are in the public interest while keeping them small enough to minimize their impact on your paycheck. A great example is Medicare, which was passed with bipartisan support in 1965 and helps us pay for care for the people over 65, which is the time when care is most expensive and also the time when people are not working and thus won\'t have insurance through their employer.\n\nThe parties have been growing apart for a while, but the advent of the Tea Party in the last several years has really highlighted their differences, and forced Democrats to be the party of ""Big Government"" and Republicans to be the party of ""Rich Privilege"". The people we elect to congress are increasingly more extreme on both sides, so it\'s harder to reconcile differences and work together to govern.']","[array(['cd3d2780-72a8-4535-b1dd-9f0cb62cbf7a'], dtype=object)]"
582,2qev4w,The controversy surrounding the 2000 election (George W. Bush vs Al Gore),"[""It was an extremely close race, the deciding state being Florida.  537 more Floridians voted for Bush than for Gore, but across the board, in the entire country, Gore got more of the popular vote. \nSo the supreme court made the decision that since Bush won Florida, the deciding state, by a margin of 537 votes, that Bush had won the presidency.\n\nSomebody Correct me if I'm wrong please.""]","[array(['eeb6c18b-ee3d-4c7b-910b-65e4c7642abb'], dtype=object)]"
583,6e4rrh,What's the difference between a flash drive and external hard drive?,"['An external hard disk is called as such because it utilizes a Hard Disk Drive (HDD). One of these drives has a metal platter with different magnetic sections, called sectors, that are read by a small magnetic sensor called a head on the end of an actuator arm. Many people are now moving over to flash storage, however, which is what a flash drive utilizes and thus is named for. Flash storage does not contain moving parts but rather is similar to a large grid of capacitors and transistors that are used to keep data. It is faster to access than an HDD because you do not need to wait for the disk to spin to the correct location. It can decay, however, unlike an HDD. The more an area of flash is written the more it wears out and eventually it will fail.']","[array(['6ff7260a-c17d-4377-81c1-ae89abb102f8'], dtype=object)]"
584,2i7091,Why are colleges and universities so different from each other (Yale vs a local community college) but all of the information taught in school is the same for their respected fields ?,"['I studied physics at a reasonably high-ranked school, and I can tell you definitively that 90% of what I learned that actually stuck was from working with other students, not from lectures.  The caliber of fellow students is hugely important in my opinion, and you simply get better students at better schools.  I also contest your statement that the information taught is the same.  With better professors and better students, more can be covered in the same amount of time, so subjects can be taught more completely and more thoroughly.']","[array(['0c93cc6d-80a3-4032-8ab8-96e6a65139ed'], dtype=object)]"
585,70627f,"How do various worms dig into people, and how do we not feel it?",['they normally enter through food when they are very very small. \n\nalternately there are some parasites who can enter through cuts that already exist in the skin.'],"[array(['a14c6c20-8882-4bda-8eaa-d5d71f791608'], dtype=object)]"
586,4nl418,why are transgender issues suddenly all over the place?,"['Causes are fashion for many people. And transgender issues are currently the most fashionable. I say this as someone who fully believes that trans people deserve equality and freedom from persecution, but also as someone who recognises that people clearly bandwagon.']","[array(['13e494c2-2a65-4f45-bf7f-d614193126c1'], dtype=object)]"
587,1zvc6b,How can clams grow shells?,"['In a very similar manner to how humans grow bones and teeth. They capture the elements they need to form them from their environment, and react them together in such a way as to deposit a solid mineral in the places they need it.']","[array(['05d847b6-c5a4-4530-8551-08cd7ff17db5'], dtype=object)]"
588,3ekcq7,Do News sites still see that I watched their video even if I said screw this when the Ad came up?,"[""If the video loads even for an instant, yes - that counts as a view. It does not technically count as a complete view if you left before the video ends, however, a view in the internet world is counted as an impression.\n\nThey will also know if you left before the actual video by tallying up the number of times the ad and the actual video has been viewed (or similar metric). If the number of ad impressions exceeds the number of views, they will know that their ads suck and they need to put it elsewhere 'cause people are not seeing the actual content.""]","[array(['ee62082e-173d-4b16-bfad-bb5de895eb19'], dtype=object)]"
589,32v1lm,Black athletes with hyphenated names,['No I meant why is it so prevalent in black athletes. I know about hyphenated names with divorced parents. \n\nI want to know why it seems to only occur in black athletes and not in other races IN SPORTS.'],"[array(['83affbc5-c281-46bc-b756-4c915d58b1c6'], dtype=object)]"
590,7pd7t3,"I had a fruit fly wander into my microwave and I decided to nuke him for 3 minutes, for science of course, and in the end the little bugger flew out. How is this possible?","['1. The insect is too small to act as an efficient receiver of microwave energy.\n2. There area areas within the machine that get far less energy, and (by moving from hot to not-hot areas) the fly can seek them out.']","[array(['450f2b0f-8561-4edc-80fd-4ae81adf2592'], dtype=object)]"
591,1wox4m,Why do I get a feeling someone's watching me even when I can't see them?,"[""I've always heard that the brain records and processes every single thing your eyes see. EVERYTHING. Although it sees all, it has to choose what information it presents to your aware mind at the moment in time. Although your brain saw everything when you walked into a new room, there is only certain information that you need to be aware of, and only a certain amount of information you can actually use.\n\nMy best guess is you can sense someone is watching you because at some point in the last few minutes your brain actually saw someone...but you just werent aware of it at the time. But because the brain is wired for survival it tries to send messages to you that you should be careful, hence the feeling of being watched.\n\nThats the way i understand it.""]","[array(['51cfd132-ecad-4dd0-b862-442d7246f470'], dtype=object)]"
592,7u2ipx,"what is ""old man"" strength?","[""Nobody's mentioned this, so I figured I'd give my $0.02. Old man strength is typically from those who have been performing some form of physical labor for a long time, and have such developed incredible grip strength. This is the part that /u/WOT_IF_UR_LEGS is talking about where it feels as if they can crush your hands. Additionally, what they may lack in raw power, they make up for from years of lifting heavy objects and have developed a proficiency in it so that they may look a lot weaker (old man) than they really are (strength).""]","[array(['3932351a-287d-4336-b61c-7afd16228ced'], dtype=object)]"
593,65arm6,Why Do People Have Fetishes?,"[""I have a bag of frozen peas. I always buy Birdseye, I just prefer that brand, but some people like other brands and that's OK too. If you're having peas with dinner you'll cook them in a pot or in the microwave so you have warm peas in the plate. That's just how it's done, right. \n\nA few years ago I was making dinner on a really hot day, and there was a bowl of frozen peas sat there waiting to be cooked. The bowl was nice and cool, frost on the outside and all. It felt good on my clammy hands. I wondered  what they'd taste like frozen, but that'd be weird, cold hard peas, wouldn't it?\n\nTentatively, I picked a few up and tossed them into my mouth, rolled them around with my tongue and crunched down on a couple. That sensation of going from cool and refreshing to defrosting and releasing that sweet juicy pea flavour were just wonderful. \n\nI often enjoy a mug of frozen peas, much to the scorn and ridicule of my nearest and dearest. \n\nAnyway, I tried a thing and I liked it, even though it might be considered unconventional.""]","[array(['0281641f-19a0-4853-bee6-56829fdc5dcf'], dtype=object)]"
594,2c07ic,I've been without an internet connection since June 12th. What's going on in the world?,['Most major stuff has already been covered but:\n\n*The largest Ebola outbreak ever is going on right now'],"[array(['dc71679f-7387-41f8-b63c-3f10777acbd4'], dtype=object)]"
595,6jh1hs,Why is a mouse more accurate than a joystick on a controller,"[""Because with a computer mouse you move it exactly X distance on the table so the cursor moves Y distance. With a joystick, you essentially 'toggle' the cursors movement in any given direction, for a certain length of time, until the cursor reaches what you need. It's also less accurate because you're dealing with a fixed joystick instead of a mouse that you can move all the way across your desk if you wanted to.\n\nThis is my interpretation of it, anyway""]","[array(['fbce97ff-638a-4426-aa04-6747f847ed34'], dtype=object)]"
596,57ebex,When was the last time in human history it would be more common to see someone walking barefoot than with shoes or sandals?,['It was common up until the 1950s in the south for children to go without shoes. It is still somewhat common in regions with lots of creeks.'],"[array(['015753dc-8141-49d6-aab0-43278ca37754'], dtype=object)]"
597,2otv6y,Why do some drinks seem to pass right through you whereas plain water is retained?,"[""The sugar and electrolytes in Gatorade and other sports drinks actually increase how much water you absorb into your blood stream. This can be perceived as too much fluid and your body will try to get rid of it if you aren't actually dehydrated. Normal water, on the other hand, lacks the sugar and electrolytes that promote water absorption so it stays around in your gut longer.""]","[array(['7181e943-f075-4719-829d-c2eeaccabc0b'], dtype=object)]"
598,2bhw0n,How does a disease make a comeback like Ebola or the Bubonic plague have recently?,"[""Ebola has no cure, or even a real treatment. It never really went away. It's just that humans aren't commonly exposed to it (it probably normally lives in bats), and when they are it tends to kill quickly enough that it burns itself out.  So you see a series of fairly quick and nasty outbreaks in the areas in which infected bat populations come in contact with humans, in west and central Africa. \n\nPlague is different, in that it's curable with antibiotics. It lives in various rodents, and occasionally breaks out because it too has never really gone away. If it happens in a richer country, it's usually dealt with pretty easily. Isolated cases pop up in the US and Canada now and again, incidentally.""]","[array(['9755bb7a-962b-4166-9b83-6897f56330a1'], dtype=object)]"
599,1u6c55,How do they clean up the lead at gun ranges?,['Nowadays that lead is worth good money as scrap.  There are guys that come out with some attachment that fits on a tractor that kind of sifts the lead out of the dirt.  The gun range makes big money for letting them come take the lead.'],"[array(['78e234c8-58d1-4284-85aa-833bbe5d541c'], dtype=object)]"
