qid,query,generation_gt,actual_output,retrieval_context,result,reason,duration,run_logs,total_tokens,评估正确?,人工标注,原因,补充,SRI备注,原文内容,ragas指标
451ed9db-b006-4a35-9fd0-59a1296728d5,费用包含的草帽DIY项目是否额外收费？,费用包含草帽DIY项目，无需额外收费。,草帽DIY项目是包含在费用中的，不需要额外收费。,"
====================================================================================================分片0====================================================================================================
其他说明

| 名称 | 说明 |
| --- | --- |
| 费用包含 | 景区门票、溯溪门票、草帽DIY、冲击水枪1把、溯溪鞋1双、营地足球/飞盘运动项目 （大小同价） |
| 费用不包含 | 自费项目：午餐。推荐漾·南海湾营地特色烧烤90元/人或选择其他，费用自理。 |
| 预订须知 | 出于安全考虑，18岁以下未成年人需要至少一名成年旅客陪同。 |
| 退改规则 | *产品不支持部分退 *如需改期，请申请退订后重新预订。 |

====================================================================================================分片1====================================================================================================
行程安排

| D1 | D1 |
| --- | --- |
| 行程详情 | 南海湾趣浪戏水节1日游 ——上午10:10-11:10 —— 抵达漾.南海湾营地 前往草帽DIY区域，选择喜欢的颜色 在专业指导或自由发挥下，完成一顶独一无二的草帽作品 ——上午10:10-11:10 —— 抵达漾.南海湾营地 前往足球和飞盘活动区域，与家人一起参与足球比赛或飞盘投掷游戏 在运动中增进亲子关系，享受户外运动的快乐 ——11:10-13:30—— 午餐时间(推荐营地烧烤或景区周边农家乐） ——14:00-15:30—— 抵达南海湾森林生态园 专属亲子时光，毫不退缩，追本溯源，逆流而上，勇往前行。景区湖溪段设置水枪大战区域，客人自行在游玩过程中开展水枪大战，体验清凉的水战乐趣。景区统一提供专业水枪，活动结束后水枪客人可自行带走。 ——15:30-17:00—— 溯溪结束后，可沿着园区内的步道或指定路线，进行森林公园徒步探索活动 观察昆虫、采摘植物，了解当地的生态环境和生物多样性 |
| 用餐 | 早餐：X 午餐：X 晚餐：X |
| 住宿 |  |

====================================================================================================分片2====================================================================================================
# 3、牛特别提醒：此天多为无人区、无服务区、多为旱厕、建议备伞

未成年人：未满18周岁的旅游者请由家属属（因服务能力所限无法接待及限制接待的人除外）陪同参团。外籍友人：本产品网上报价适用持有大陆居民身份证的游客。如您持有其他国家或地区的护照，请在预订过程中注明。
关于退团：因本产品团费价格为包价旅游合同综合报价，故如旅客报名后临时退团，属于旅客单方面违约意见反馈：请配合导游如实填写当地的意见单，不填或虚填者归来后投诉将无法受理。
11.提示：请各组团社必需在客人前往旅游时为客人提前购买旅游意外险
（1）景点游览、自由活动、物店停留的时间以当天实际游览为准。
(2）行程中需自理门票和当地导游推荐项目，请自愿选择参加
nUKJTJHO 补充协议
甲方 (游 客) 乙方（旅行社）：
本补充协议是对旅游行程单中的行程安排，旅行社应旅游者要求，并经双方协商一致，达成本补充协议，作为包价旅游合同的组成部分，旅游者到达旅游目的地后自愿参加以下相关自费项目进行书面约定
一：参加付费娱乐升级项目补充协议。当地自费项目，自愿自费，不强迫，实际价格以景区的为准，以下仅供参考：

| 嘉峪关城楼 | 门票110元/人、电瓶车15元/人单程 |
| --- | --- |
| 鸣沙山 | 电瓶车单程10元/人，往返20元/人。骑骆驼100-120元/人， 滑沙25元/人，鞋套15元/人。 |
| 敦煌演出 | 《敦煌盛典》238元/人起 《丝路花雨》238元/人起 《又见敦煌》淡季普通298元/人，至尊588元/人 旺季普通318元/人，至尊688元/人 |
| 茶卡壹号 盐湖景区 | 区间车60、观光陀车 30、越野卡丁车100、骆驼骑行80、环湖巴士80、 竹排筏40、观光吉普车150（元/人） |
| 茶卡盐湖 | 单程小火车50、往返小火车100 |
| 青海湖 | 区间车20元/人，游船140-180元/人 |
| 塔尔寺 | 区间车35元/人、讲解费15元/人起（必消项目、根据人数核算费用） |
| 特色美食 | 敦煌大漠风情宴1880元/桌烤全羊1980元/只起 |
| 水上雅丹 | 区间车60元/人 |
| 翡翠湖 | 区间车60元/人 |

====================================================================================================分片3====================================================================================================
# 3、牛特别提醒：此天多为无人区、无服务区、多为旱厕、建议备伞

机票含广州至兰州往返不含税机票，机票属于团队票，退票不退任何费用，不可改期、改签等。
）有行车公里数限制及部分路段维修，易发生堵车，发车时间均较早，行程内标注出发及行车时间均为预计，具体情况可能略有不同；行程内所有自由活动期间及行程外均不含用车。请予以理解！
住宿全程舒适型标准酒店，张掖升级豪华型标准酒店，大柴旦/青海湖为干净卫生双标间。1人1床位。客人自愿放弃住宿、费用不退。因西北条件有限，酒店热水分时段供应，青海部分酒店无空调、带独立卫生间。酒店不保证能安排三人间或加床，我社也不提供自然单间，单人报名或出现单男单女元/人。
用餐含7早6正，早餐为酒店配送，不吃不退；正餐餐标30元/人/正，正餐十人一桌、八菜一汤。特色餐50元/人，不吃不退。一桌不足十人菜量会根据实际人数安排或相应减少。
门票全程含行程所列景点首道门票和区间车，标注自理景点除外，（未标明的景点均不含景区门票、区间车和自费项目）。我们会根据当地实际情况在保证游览时间，景点数量不变的情况下，对行程做相应调整，感谢您的配合与支持。注意：此行程已打包特价优惠，学生证/老人证/教师证/军官证等特殊证件均无门票优惠退费，望周知。
保险我社已购买了旅行社责任险，特别提醒旅游者应当按照规定另行投保人身意外伤害保险。
导服当地优秀持证中文导游服务。送机不办理登记牌等相关事宜。请您知晓！
购物全程1个购物店（备注：景区、餐厅商场不属于旅行社所安排的购物店）
儿童身高0.8～1.2米儿童或者12岁以下，不占床不含门票，儿童含当地汽车车位费、早餐费、半价正餐、导服费、往返机票。如需占床请补交单房差，单房差680元/人。
②团费不含
1、景区内的自由活动自行参与的项目，如：园中园门票，环保车、电瓶车、小交通、沙漠活动项目
2、因不可抗力因素所引致的额外费用。
3、因旅游者违约、自身过错、自身疾病导致的人身财产损失而额外支付的费用
4、个人消费，如酒水、饮料、洒店内洗衣、电话等未提到的其它服务
HUHJIMNCJHJ>OIA/JO
③重要告知.
====================================================================================================分片4====================================================================================================
费用说明


| 服务项目 | 服务标准 |
| --- | --- |
",ACCURACY,员工答案与标准答案的关键点完全一致，准确回答了费用包含草帽DIY项目且无需额外收费。,11993,"{""answer_accuracy"": {""fuzz_partial_score"": 47, ""verbose_logs"": {""verdict"": {""score"": 100, ""reason"": ""\u5458\u5de5\u7b54\u6848\u4e0e\u6807\u51c6\u7b54\u6848\u7684\u5173\u952e\u70b9\u5b8c\u5168\u4e00\u81f4\uff0c\u51c6\u786e\u56de\u7b54\u4e86\u8d39\u7528\u5305\u542b\u8349\u5e3dDIY\u9879\u76ee\u4e14\u65e0\u9700\u989d\u5916\u6536\u8d39\u3002""}, ""score"": 100, ""reason"": ""\u5458\u5de5\u7b54\u6848\u4e0e\u6807\u51c6\u7b54\u6848\u7684\u5173\u952e\u70b9\u5b8c\u5168\u4e00\u81f4\uff0c\u51c6\u786e\u56de\u7b54\u4e86\u8d39\u7528\u5305\u542b\u8349\u5e3dDIY\u9879\u76ee\u4e14\u65e0\u9700\u989d\u5916\u6536\u8d39\u3002""}}, ""problem_location"": {}, ""context_recall"": {}, ""faith_fulness"": {}, ""answer_recall"": {}}",601,正确,,,,,,"语义相似度得分:  0.9745010340486663
答案相关相关性得分： 0.9833546634822223
答案正确性得分： 0.9949002068097333
nv 答案正确性得分:  1.0
上下文精度得分： 0.99999999995
上下文召回得分： 1.0
nv 上下文相关性:  1.0
忠诚度得分： 1.0"
abb360ea-bb5c-4d5b-ae80-4eb15b71b2b4,“惠玩甘青”深度双飞八天和南海湾趣浪戏水节一日游你更推荐我去哪个,推荐选择“惠玩甘青”深度双飞八天的行程，因为它涵盖了丰富的自然景观和文化遗产，如青海湖、莫高窟和鸣沙山等，适合喜欢探索和摄影的游客。而南海湾趣浪戏水节一日游则更适合家庭和亲子活动，适合短途休闲。,"根据您的需求，我将为您推荐更适合的旅行产品：

1. **南海湾趣浪戏水节一日游**
   - **适合人群**：家庭游客，特别是带孩子的家庭。
   - **特点**：短途旅行，轻松有趣，包含丰富的亲子活动如草帽DIY、水枪大战、溯溪等。
   - **优势**：费用包含多项活动，适合预算有限的游客，午餐可选择营地烧烤或农家乐。
   - **注意事项**：18岁以下未成年人需成年陪同，适合希望在一天内享受轻松户外活动的游客。

2. **“惠玩甘青”深度双飞八天**
   - **适合人群**：喜欢深度游、自然风光和历史文化的游客。
   - **特点**：覆盖青海和甘肃的经典景点，行程丰富，包含豪华住宿、美食体验和赠送的特色活动。
   - **优势**：适合希望在较长的时间内探索多个著名景点，体验当地文化和自然风光的游客。
   - **注意事项**：行程较长，适合有充足时间安排的游客。

**推荐**：
- 如果您希望轻松的家庭出游，体验丰富的亲子活动，推荐选择**南海湾趣浪戏水节一日游**。
- 如果您喜欢深度探索自然风光和历史文化，希望在更长的时间内体验更多景点，推荐选择**“惠玩甘青”深度双飞八天**。

根据您的兴趣和时间安排，选择最适合您的旅行产品。","
====================================================================================================分片0====================================================================================================
行程安排

| D1 | D1 |
| --- | --- |
| 行程详情 | 南海湾趣浪戏水节1日游 ——上午10:10-11:10 —— 抵达漾.南海湾营地 前往草帽DIY区域，选择喜欢的颜色 在专业指导或自由发挥下，完成一顶独一无二的草帽作品 ——上午10:10-11:10 —— 抵达漾.南海湾营地 前往足球和飞盘活动区域，与家人一起参与足球比赛或飞盘投掷游戏 在运动中增进亲子关系，享受户外运动的快乐 ——11:10-13:30—— 午餐时间(推荐营地烧烤或景区周边农家乐） ——14:00-15:30—— 抵达南海湾森林生态园 专属亲子时光，毫不退缩，追本溯源，逆流而上，勇往前行。景区湖溪段设置水枪大战区域，客人自行在游玩过程中开展水枪大战，体验清凉的水战乐趣。景区统一提供专业水枪，活动结束后水枪客人可自行带走。 ——15:30-17:00—— 溯溪结束后，可沿着园区内的步道或指定路线，进行森林公园徒步探索活动 观察昆虫、采摘植物，了解当地的生态环境和生物多样性 |
| 用餐 | 早餐：X 午餐：X 晚餐：X |
| 住宿 |  |

====================================================================================================分片1====================================================================================================
南海湾趣浪戏水节一日游

| 产品编号 |  | 出发地 | 中国-广东省-广州市 | 目的地 | 中国-广东省-广州市 |
| --- | --- | --- | --- | --- | --- |
| 行程天数 | 1 | 去程交通 | 无 | 返程交通 | 无 |
| 门市价 |  | 最近班期 |  |  |  |
| 参考航班 |  |  |  |  |  |
| 产品亮点 |  |  |  |  |  |

====================================================================================================分片2====================================================================================================
惠玩甘青】深度双飞八天Q1【
兰州、武威雷台公园、张掖七彩丹霞、大地之子、海市蜃楼、敦煌莫高窟、鸣沙山月牙泉南八仙雅丹、翡翠湖、茶卡盐湖天空壹号、青海湖二郎剑、塔尔寺全程舒适型酒店+张掖升级豪华型酒店+大柴旦/青海湖为干净卫生双标间
■【产品故事】
探索苍茫大西北，打卡青海湖、茶卡盐湖、大柴旦翡翠湖、水上雅丹，逃离城市，一场全景视觉之旅！大西北的魅力需要用双脚丈量，用双眼记录“大漠孤烟直，长河落日圆”诗人笔下的大漠风情，无限的风，光让人室息，心生向往。古往今来的丝绸之路，它的美是中国的，更是世界的，
让我们来一次大西北旅行吧，这里不仅有诗，还有远方的田野和路上的疯狂
一IJ/JHJPJ
■【行程亮点】
不走回头路，覆盖青甘最经典的美景，广东独立成团收客无限制畅收
独家优待：豪华旅游大巴车，舒适座椅，空座率达到10%以上。
美食尽情享受：山丹铁锅宴青海土火锅丝路花雨宴藏王宴
乐享静谧美梦：全程当地舒适型酒店、张掖升级豪华型酒店，大柴旦/青海湖安排干净卫生双标间
特别赠送：沙漠露营大派送礼包（ATV的体验、滑沙、爬山拍日落、荡桥、海盗船、）
特别赠送：网红玻璃船：乘坐玻璃船、探秘灵动镜湖、听海天一色的声音
独家安排：青海湖篝火晚会：燃起篝火、放下疲惫、心情要好、生活要嗨
暖心赠送：每人一条丝巾、把美好记忆带回家！行程中每人每天1瓶水
暖心赠送：24小时接机服务、随接随走、机场--酒店无缝对接！
暖心赠送：24小时专属管家、任何问题行中随时在线解决
HJITJTJIJILHJUTVA
■【游玩推介】
【七彩丹霞】中国彩虹山，上帝打翻的调色盘，远看似朝霞升腾近观如彩带随风豌蜓飘动；【嘉峪关城楼】长城防线上重要的军事要塞、河西第一隘口，素有“天下第一雄关”之称；【莫高窟】被誉为20世纪最有价值的文化遗产，世界现存佛教艺术最伟大的宝库；【鸣沙山月牙泉】因“泉映月而无尘，亘古沙不填泉，泉不涸竭”而成为奇观成为塞上一绝；【茶卡天空一号】纯净、蓝白交织如一场美梦，真实还原宫崎骏《干与干寻》的场景；【青海湖】中国最美五大湖之首，犹如翡翠玉盘的眼泪，此刻一半湛蓝一半金黄;【塔尔寺】是中国藏传佛教格鲁派六大寺院之一，是西宁最受欢迎的旅游目的地之一。
【行程预览】
====================================================================================================分片3====================================================================================================
其他说明

| 名称 | 说明 |
| --- | --- |
| 费用包含 | 景区门票、溯溪门票、草帽DIY、冲击水枪1把、溯溪鞋1双、营地足球/飞盘运动项目 （大小同价） |
| 费用不包含 | 自费项目：午餐。推荐漾·南海湾营地特色烧烤90元/人或选择其他，费用自理。 |
| 预订须知 | 出于安全考虑，18岁以下未成年人需要至少一名成年旅客陪同。 |
| 退改规则 | *产品不支持部分退 *如需改期，请申请退订后重新预订。 |
",ACCURACY,员工答案详细回答了两个行程的特点和适合人群，且给出了明确的推荐建议，符合考官问题的要求。虽然内容比标准答案更详细，但没有超出关键点范围，且关键点完全一致。,33181,"{""answer_accuracy"": {""fuzz_partial_score"": 25, ""verbose_logs"": {""verdict"": {""score"": 85, ""reason"": ""\u5458\u5de5\u7b54\u6848\u8be6\u7ec6\u56de\u7b54\u4e86\u4e24\u4e2a\u884c\u7a0b\u7684\u7279\u70b9\u548c\u9002\u5408\u4eba\u7fa4\uff0c\u4e14\u7ed9\u51fa\u4e86\u660e\u786e\u7684\u63a8\u8350\u5efa\u8bae\uff0c\u7b26\u5408\u8003\u5b98\u95ee\u9898\u7684\u8981\u6c42\u3002\u867d\u7136\u5185\u5bb9\u6bd4\u6807\u51c6\u7b54\u6848\u66f4\u8be6\u7ec6\uff0c\u4f46\u6ca1\u6709\u8d85\u51fa\u5173\u952e\u70b9\u8303\u56f4\uff0c\u4e14\u5173\u952e\u70b9\u5b8c\u5168\u4e00\u81f4\u3002""}, ""score"": 85, ""reason"": ""\u5458\u5de5\u7b54\u6848\u8be6\u7ec6\u56de\u7b54\u4e86\u4e24\u4e2a\u884c\u7a0b\u7684\u7279\u70b9\u548c\u9002\u5408\u4eba\u7fa4\uff0c\u4e14\u7ed9\u51fa\u4e86\u660e\u786e\u7684\u63a8\u8350\u5efa\u8bae\uff0c\u7b26\u5408\u8003\u5b98\u95ee\u9898\u7684\u8981\u6c42\u3002\u867d\u7136\u5185\u5bb9\u6bd4\u6807\u51c6\u7b54\u6848\u66f4\u8be6\u7ec6\uff0c\u4f46\u6ca1\u6709\u8d85\u51fa\u5173\u952e\u70b9\u8303\u56f4\uff0c\u4e14\u5173\u952e\u70b9\u5b8c\u5168\u4e00\u81f4\u3002""}}, ""problem_location"": {}, ""context_recall"": {}, ""faith_fulness"": {}, ""answer_recall"": {}}",984,正确,QA问题,QA答非所问,正确Anwer就是模型的回答,,,"语义相似度得分:  0.8936209308039668
答案相关相关性得分： 0.49690333412280685
答案正确性得分： 0.7787241861607934
nv 答案正确性得分:  0.75
上下文精度得分： 0.3333333333
上下文召回得分： 1.0
nv 上下文相关性:  1.0
忠诚度得分： 0.8333333333333334"
eb452d4a-88e6-4ebf-ba41-89997f25bda2,南海湾趣浪戏水节一日游是否有年龄限制的未成年人可以独自参加活动？,不可以，18岁以下未成年人需要至少一名成年人陪同。,南海湾趣浪戏水节一日游规定，18岁以下的未成年人需要至少一名成年旅客陪同，因此未成年人不能独自参加活动。,"
====================================================================================================分片0====================================================================================================
其他说明

| 名称 | 说明 |
| --- | --- |
| 费用包含 | 景区门票、溯溪门票、草帽DIY、冲击水枪1把、溯溪鞋1双、营地足球/飞盘运动项目 （大小同价） |
| 费用不包含 | 自费项目：午餐。推荐漾·南海湾营地特色烧烤90元/人或选择其他，费用自理。 |
| 预订须知 | 出于安全考虑，18岁以下未成年人需要至少一名成年旅客陪同。 |
| 退改规则 | *产品不支持部分退 *如需改期，请申请退订后重新预订。 |

====================================================================================================分片1====================================================================================================
行程安排

| D1 | D1 |
| --- | --- |
| 行程详情 | 南海湾趣浪戏水节1日游 ——上午10:10-11:10 —— 抵达漾.南海湾营地 前往草帽DIY区域，选择喜欢的颜色 在专业指导或自由发挥下，完成一顶独一无二的草帽作品 ——上午10:10-11:10 —— 抵达漾.南海湾营地 前往足球和飞盘活动区域，与家人一起参与足球比赛或飞盘投掷游戏 在运动中增进亲子关系，享受户外运动的快乐 ——11:10-13:30—— 午餐时间(推荐营地烧烤或景区周边农家乐） ——14:00-15:30—— 抵达南海湾森林生态园 专属亲子时光，毫不退缩，追本溯源，逆流而上，勇往前行。景区湖溪段设置水枪大战区域，客人自行在游玩过程中开展水枪大战，体验清凉的水战乐趣。景区统一提供专业水枪，活动结束后水枪客人可自行带走。 ——15:30-17:00—— 溯溪结束后，可沿着园区内的步道或指定路线，进行森林公园徒步探索活动 观察昆虫、采摘植物，了解当地的生态环境和生物多样性 |
| 用餐 | 早餐：X 午餐：X 晚餐：X |
| 住宿 |  |

====================================================================================================分片2====================================================================================================
南海湾趣浪戏水节一日游

| 产品编号 |  | 出发地 | 中国-广东省-广州市 | 目的地 | 中国-广东省-广州市 |
| --- | --- | --- | --- | --- | --- |
| 行程天数 | 1 | 去程交通 | 无 | 返程交通 | 无 |
| 门市价 |  | 最近班期 |  |  |  |
| 参考航班 |  |  |  |  |  |
| 产品亮点 |  |  |  |  |  |

====================================================================================================分片3====================================================================================================
# 3、牛特别提醒：此天多为无人区、无服务区、多为旱厕、建议备伞

未成年人：未满18周岁的旅游者请由家属属（因服务能力所限无法接待及限制接待的人除外）陪同参团。外籍友人：本产品网上报价适用持有大陆居民身份证的游客。如您持有其他国家或地区的护照，请在预订过程中注明。
关于退团：因本产品团费价格为包价旅游合同综合报价，故如旅客报名后临时退团，属于旅客单方面违约意见反馈：请配合导游如实填写当地的意见单，不填或虚填者归来后投诉将无法受理。
11.提示：请各组团社必需在客人前往旅游时为客人提前购买旅游意外险
（1）景点游览、自由活动、物店停留的时间以当天实际游览为准。
(2）行程中需自理门票和当地导游推荐项目，请自愿选择参加
nUKJTJHO 补充协议
甲方 (游 客) 乙方（旅行社）：
本补充协议是对旅游行程单中的行程安排，旅行社应旅游者要求，并经双方协商一致，达成本补充协议，作为包价旅游合同的组成部分，旅游者到达旅游目的地后自愿参加以下相关自费项目进行书面约定
一：参加付费娱乐升级项目补充协议。当地自费项目，自愿自费，不强迫，实际价格以景区的为准，以下仅供参考：

| 嘉峪关城楼 | 门票110元/人、电瓶车15元/人单程 |
| --- | --- |
| 鸣沙山 | 电瓶车单程10元/人，往返20元/人。骑骆驼100-120元/人， 滑沙25元/人，鞋套15元/人。 |
| 敦煌演出 | 《敦煌盛典》238元/人起 《丝路花雨》238元/人起 《又见敦煌》淡季普通298元/人，至尊588元/人 旺季普通318元/人，至尊688元/人 |
| 茶卡壹号 盐湖景区 | 区间车60、观光陀车 30、越野卡丁车100、骆驼骑行80、环湖巴士80、 竹排筏40、观光吉普车150（元/人） |
| 茶卡盐湖 | 单程小火车50、往返小火车100 |
| 青海湖 | 区间车20元/人，游船140-180元/人 |
| 塔尔寺 | 区间车35元/人、讲解费15元/人起（必消项目、根据人数核算费用） |
| 特色美食 | 敦煌大漠风情宴1880元/桌烤全羊1980元/只起 |
| 水上雅丹 | 区间车60元/人 |
| 翡翠湖 | 区间车60元/人 |
",ACCURACY,员工答案与标准答案的关键点完全一致，准确回答了考官问题。,9745,"{""answer_accuracy"": {""fuzz_partial_score"": 80, ""verbose_logs"": {""verdict"": {""score"": 100, ""reason"": ""\u5458\u5de5\u7b54\u6848\u4e0e\u6807\u51c6\u7b54\u6848\u7684\u5173\u952e\u70b9\u5b8c\u5168\u4e00\u81f4\uff0c\u51c6\u786e\u56de\u7b54\u4e86\u8003\u5b98\u95ee\u9898\u3002""}, ""score"": 100, ""reason"": ""\u5458\u5de5\u7b54\u6848\u4e0e\u6807\u51c6\u7b54\u6848\u7684\u5173\u952e\u70b9\u5b8c\u5168\u4e00\u81f4\uff0c\u51c6\u786e\u56de\u7b54\u4e86\u8003\u5b98\u95ee\u9898\u3002""}}, ""problem_location"": {}, ""context_recall"": {}, ""faith_fulness"": {}, ""answer_recall"": {}}",616,正确,,,,,,"语义相似度得分:  0.8936209308039668
答案相关相关性得分： 0.49690333412280685
答案正确性得分： 0.7787241861607934
nv 答案正确性得分:  0.75
上下文精度得分： 0.3333333333
上下文召回得分： 1.0
nv 上下文相关性:  1.0
忠诚度得分： 0.8333333333333334"
84e5d162-460f-4bad-af73-7a66a15ef060,南海湾趣浪戏水节一日游行程中午餐时间安排在什么时候？,午餐时间安排在11:10-13:30。,南海湾趣浪戏水节一日游的午餐时间安排在11:10到13:30之间。推荐营地烧烤或景区周边农家乐，午餐为自费项目，费用自理。,"
====================================================================================================分片0====================================================================================================
行程安排

| D1 | D1 |
| --- | --- |
| 行程详情 | 南海湾趣浪戏水节1日游 ——上午10:10-11:10 —— 抵达漾.南海湾营地 前往草帽DIY区域，选择喜欢的颜色 在专业指导或自由发挥下，完成一顶独一无二的草帽作品 ——上午10:10-11:10 —— 抵达漾.南海湾营地 前往足球和飞盘活动区域，与家人一起参与足球比赛或飞盘投掷游戏 在运动中增进亲子关系，享受户外运动的快乐 ——11:10-13:30—— 午餐时间(推荐营地烧烤或景区周边农家乐） ——14:00-15:30—— 抵达南海湾森林生态园 专属亲子时光，毫不退缩，追本溯源，逆流而上，勇往前行。景区湖溪段设置水枪大战区域，客人自行在游玩过程中开展水枪大战，体验清凉的水战乐趣。景区统一提供专业水枪，活动结束后水枪客人可自行带走。 ——15:30-17:00—— 溯溪结束后，可沿着园区内的步道或指定路线，进行森林公园徒步探索活动 观察昆虫、采摘植物，了解当地的生态环境和生物多样性 |
| 用餐 | 早餐：X 午餐：X 晚餐：X |
| 住宿 |  |

====================================================================================================分片1====================================================================================================
其他说明

| 名称 | 说明 |
| --- | --- |
| 费用包含 | 景区门票、溯溪门票、草帽DIY、冲击水枪1把、溯溪鞋1双、营地足球/飞盘运动项目 （大小同价） |
| 费用不包含 | 自费项目：午餐。推荐漾·南海湾营地特色烧烤90元/人或选择其他，费用自理。 |
| 预订须知 | 出于安全考虑，18岁以下未成年人需要至少一名成年旅客陪同。 |
| 退改规则 | *产品不支持部分退 *如需改期，请申请退订后重新预订。 |

====================================================================================================分片2====================================================================================================
南海湾趣浪戏水节一日游

| 产品编号 |  | 出发地 | 中国-广东省-广州市 | 目的地 | 中国-广东省-广州市 |
| --- | --- | --- | --- | --- | --- |
| 行程天数 | 1 | 去程交通 | 无 | 返程交通 | 无 |
| 门市价 |  | 最近班期 |  |  |  |
| 参考航班 |  |  |  |  |  |
| 产品亮点 |  |  |  |  |  |
",ACCURACY,员工答案正确回答了午餐时间安排，但额外提供了午餐推荐和费用信息，超出标准答案范围，扣5分。,14423,"{""answer_accuracy"": {""fuzz_partial_score"": 89, ""verbose_logs"": {""verdict"": {""score"": 85, ""reason"": ""\u5458\u5de5\u7b54\u6848\u6b63\u786e\u56de\u7b54\u4e86\u5348\u9910\u65f6\u95f4\u5b89\u6392\uff0c\u4f46\u989d\u5916\u63d0\u4f9b\u4e86\u5348\u9910\u63a8\u8350\u548c\u8d39\u7528\u4fe1\u606f\uff0c\u8d85\u51fa\u6807\u51c6\u7b54\u6848\u8303\u56f4\uff0c\u62635\u5206\u3002""}, ""score"": 85, ""reason"": ""\u5458\u5de5\u7b54\u6848\u6b63\u786e\u56de\u7b54\u4e86\u5348\u9910\u65f6\u95f4\u5b89\u6392\uff0c\u4f46\u989d\u5916\u63d0\u4f9b\u4e86\u5348\u9910\u63a8\u8350\u548c\u8d39\u7528\u4fe1\u606f\uff0c\u8d85\u51fa\u6807\u51c6\u7b54\u6848\u8303\u56f4\uff0c\u62635\u5206\u3002""}}, ""problem_location"": {}, ""context_recall"": {}, ""faith_fulness"": {}, ""answer_recall"": {}}",640,正确,,,,,,"语义相似度得分:  0.6654188011057578
答案相关相关性得分： 0.9473367240502442
答案正确性得分： 0.4530837602211516
nv 答案正确性得分:  0.75
上下文精度得分： 0.9999999999
上下文召回得分： 1.0
nv 上下文相关性:  1.0
忠诚度得分： 1.0"
b58ceea5-6f86-43b4-800e-de8e85b2b58b,除了足球比赛和飞盘投掷游戏，还有哪些活动？,还有DIY草帽和溯溪活动,"除了足球比赛和飞盘投掷游戏，南海湾趣浪戏水节一日游还包括以下活动：

1. 草帽DIY：在专业指导或自由发挥下，完成一顶独一无二的草帽作品。
2. 水枪大战：在景区湖溪段设置的区域，客人自行开展水枪大战，体验清凉的水战乐趣。
3. 溯溪活动：追本溯源，逆流而上，勇往前行，享受溯溪的乐趣。
4. 森林公园徒步探索：观察昆虫、采摘植物，了解当地的生态环境和生物多样性。

这些活动丰富多样，既适合亲子互动，也能让大家在户外运动中享受乐趣。","
====================================================================================================分片0====================================================================================================
行程安排

| D1 | D1 |
| --- | --- |
| 行程详情 | 南海湾趣浪戏水节1日游 ——上午10:10-11:10 —— 抵达漾.南海湾营地 前往草帽DIY区域，选择喜欢的颜色 在专业指导或自由发挥下，完成一顶独一无二的草帽作品 ——上午10:10-11:10 —— 抵达漾.南海湾营地 前往足球和飞盘活动区域，与家人一起参与足球比赛或飞盘投掷游戏 在运动中增进亲子关系，享受户外运动的快乐 ——11:10-13:30—— 午餐时间(推荐营地烧烤或景区周边农家乐） ——14:00-15:30—— 抵达南海湾森林生态园 专属亲子时光，毫不退缩，追本溯源，逆流而上，勇往前行。景区湖溪段设置水枪大战区域，客人自行在游玩过程中开展水枪大战，体验清凉的水战乐趣。景区统一提供专业水枪，活动结束后水枪客人可自行带走。 ——15:30-17:00—— 溯溪结束后，可沿着园区内的步道或指定路线，进行森林公园徒步探索活动 观察昆虫、采摘植物，了解当地的生态环境和生物多样性 |
| 用餐 | 早餐：X 午餐：X 晚餐：X |
| 住宿 |  |

====================================================================================================分片1====================================================================================================
其他说明

| 名称 | 说明 |
| --- | --- |
| 费用包含 | 景区门票、溯溪门票、草帽DIY、冲击水枪1把、溯溪鞋1双、营地足球/飞盘运动项目 （大小同价） |
| 费用不包含 | 自费项目：午餐。推荐漾·南海湾营地特色烧烤90元/人或选择其他，费用自理。 |
| 预订须知 | 出于安全考虑，18岁以下未成年人需要至少一名成年旅客陪同。 |
| 退改规则 | *产品不支持部分退 *如需改期，请申请退订后重新预订。 |

====================================================================================================分片2====================================================================================================
# 3、牛特别提醒：此天多为无人区、无服务区、多为旱厕、建议备伞

应国家最高人民法院失信人（包括失信人被执行人、限制消费人员）不得乘坐飞机之规定，各大航空公司不允许失信人购买飞机票：（详情参见：中国执行信息公开网相关声明http://zxgk.court.gov.cn)。如果游客属于失信人请勿报团出行！如已列为失信人的游客仍决定参团出游的，请于报名缴费前向旅行社明确说明此情况，由旅行社安排是否参团。
如游客违反告知义务，需自行承担旅游不能成行、购机票不能退回的损失天（包括占位虚耗机位未能出票的机票全款损失）旅行社将按照旅游法之规定退款，且不能开具任何发票。游客违反告知义务，若法制航空公司全团旅客座位，将承担其他游客的购票损失即不能按时出行之损失的赔偿责任。，国家失信人验证官网为: http://shixin.court.qov.cn
④出游提示.
1、西北地区昼夜温差大，即使在夏季也建议您带两件较厚的衣物，及时增添衣物，有备无患。此外请准备防晒用品如防晒霜及防紫外线眼镜
2、青海湖3200米-3500米左右，紫外线较强，加之旅游本身是件较为辛苦的事情，请游客在旅游西部美丽风光的同时也做好长途旅行的心理准备。
3、西北地区由于地域辽阔，和东部地区存在一定的时差（约相差1-1.5小时），景点之间车程较长，请游客在来西北旅游时注意休息调配好时间，以充足的体力参加旅游活动。另外穿一双合脚、透气性好的鞋，可以为您的旅途省去不必要的麻烦，让您的心思能全部放在景点上。
4、来到青海，特色之一是清真餐多，汉餐少，在饮食口味上您要有心理准备，还有受旅游地自然条件限制，景点沿途餐厅的条件与内陆旅游发达地区相比较，无论从软硬件设施或饭菜质量都有一定的差距，且北方大部分地区口味偏重，喜辛辣。但我们尽最大努力与餐厅协调，满足不同游客的需求。藏区的酥油茶之类食品不太适合内地人肠胃，不能多吃。当地有待客的酥油茶空碗必重新添满的习俗，故建议始终保持碗内酥油茶三分之二满，如此既不伤害藏民感情又保护自己，建议携带黄莲素之类止泻药。部分清真餐厅不允许喝酒，请入乡随俗。
====================================================================================================分片3====================================================================================================
惠玩甘青】深度双飞八天Q1【
兰州、武威雷台公园、张掖七彩丹霞、大地之子、海市蜃楼、敦煌莫高窟、鸣沙山月牙泉南八仙雅丹、翡翠湖、茶卡盐湖天空壹号、青海湖二郎剑、塔尔寺全程舒适型酒店+张掖升级豪华型酒店+大柴旦/青海湖为干净卫生双标间
■【产品故事】
探索苍茫大西北，打卡青海湖、茶卡盐湖、大柴旦翡翠湖、水上雅丹，逃离城市，一场全景视觉之旅！大西北的魅力需要用双脚丈量，用双眼记录“大漠孤烟直，长河落日圆”诗人笔下的大漠风情，无限的风，光让人室息，心生向往。古往今来的丝绸之路，它的美是中国的，更是世界的，
让我们来一次大西北旅行吧，这里不仅有诗，还有远方的田野和路上的疯狂
一IJ/JHJPJ
■【行程亮点】
不走回头路，覆盖青甘最经典的美景，广东独立成团收客无限制畅收
独家优待：豪华旅游大巴车，舒适座椅，空座率达到10%以上。
美食尽情享受：山丹铁锅宴青海土火锅丝路花雨宴藏王宴
乐享静谧美梦：全程当地舒适型酒店、张掖升级豪华型酒店，大柴旦/青海湖安排干净卫生双标间
特别赠送：沙漠露营大派送礼包（ATV的体验、滑沙、爬山拍日落、荡桥、海盗船、）
特别赠送：网红玻璃船：乘坐玻璃船、探秘灵动镜湖、听海天一色的声音
独家安排：青海湖篝火晚会：燃起篝火、放下疲惫、心情要好、生活要嗨
暖心赠送：每人一条丝巾、把美好记忆带回家！行程中每人每天1瓶水
暖心赠送：24小时接机服务、随接随走、机场--酒店无缝对接！
暖心赠送：24小时专属管家、任何问题行中随时在线解决
HJITJTJIJILHJUTVA
■【游玩推介】
【七彩丹霞】中国彩虹山，上帝打翻的调色盘，远看似朝霞升腾近观如彩带随风豌蜓飘动；【嘉峪关城楼】长城防线上重要的军事要塞、河西第一隘口，素有“天下第一雄关”之称；【莫高窟】被誉为20世纪最有价值的文化遗产，世界现存佛教艺术最伟大的宝库；【鸣沙山月牙泉】因“泉映月而无尘，亘古沙不填泉，泉不涸竭”而成为奇观成为塞上一绝；【茶卡天空一号】纯净、蓝白交织如一场美梦，真实还原宫崎骏《干与干寻》的场景；【青海湖】中国最美五大湖之首，犹如翡翠玉盘的眼泪，此刻一半湛蓝一半金黄;【塔尔寺】是中国藏传佛教格鲁派六大寺院之一，是西宁最受欢迎的旅游目的地之一。
【行程预览】",RETRIEVAL_CONTEXT_NOISE,"The score is 1.0 because the expected output perfectly aligns with the information in nodes 1 and 3 in the retrieval context, capturing both the DIY草帽 and 溯溪活动.",75240,"{""answer_accuracy"": {""fuzz_partial_score"": 33, ""verbose_logs"": {""verdict"": {""score"": 60, ""reason"": ""\u5458\u5de5\u7b54\u6848\u4e2d\u63d0\u5230\u4e86\u6807\u51c6\u7b54\u6848\u4e2d\u7684DIY\u8349\u5e3d\u548c\u6eaf\u6eaa\u6d3b\u52a8\uff0c\u4f46\u989d\u5916\u589e\u52a0\u4e86\u6c34\u67aa\u5927\u6218\u548c\u68ee\u6797\u516c\u56ed\u5f92\u6b65\u63a2\u7d22\u4e24\u4e2a\u6d3b\u52a8\uff0c\u8d85\u51fa\u6807\u51c6\u7b54\u6848\u8303\u56f4\uff0c\u6309\u8d85\u51fa\u6570\u91cf\u6263\u5206\u3002""}, ""score"": 60, ""reason"": ""\u5458\u5de5\u7b54\u6848\u4e2d\u63d0\u5230\u4e86\u6807\u51c6\u7b54\u6848\u4e2d\u7684DIY\u8349\u5e3d\u548c\u6eaf\u6eaa\u6d3b\u52a8\uff0c\u4f46\u989d\u5916\u589e\u52a0\u4e86\u6c34\u67aa\u5927\u6218\u548c\u68ee\u6797\u516c\u56ed\u5f92\u6b65\u63a2\u7d22\u4e24\u4e2a\u6d3b\u52a8\uff0c\u8d85\u51fa\u6807\u51c6\u7b54\u6848\u8303\u56f4\uff0c\u6309\u8d85\u51fa\u6570\u91cf\u6263\u5206\u3002""}}, ""problem_location"": {""fuzz_partial_score"": 25, ""verbose_logs"": {""verdict"": {""answer"": 85, ""reason"": ""\u6807\u51c6\u7b54\u6848\u4e2d\u7684\u5173\u952e\u77e5\u8bc6\u70b9\u2018DIY\u8349\u5e3d\u2019\u548c\u2018\u6eaf\u6eaa\u6d3b\u52a8\u2019\u5728\u68c0\u7d22\u5230\u7684\u4e0a\u4e0b\u6587\u4e2d\u5b8c\u5168\u4e00\u81f4\u3002""}, ""score"": 85, ""reason"": ""\u6807\u51c6\u7b54\u6848\u4e2d\u7684\u5173\u952e\u77e5\u8bc6\u70b9\u2018DIY\u8349\u5e3d\u2019\u548c\u2018\u6eaf\u6eaa\u6d3b\u52a8\u2019\u5728\u68c0\u7d22\u5230\u7684\u4e0a\u4e0b\u6587\u4e2d\u5b8c\u5168\u4e00\u81f4\u3002""}}, ""context_recall"": {}, ""faith_fulness"": {""verbose_logs"": {""truths"": [""\u884c\u7a0b\u5b89\u6392\u5305\u62ec\u4e0a\u534810:10-11:10\u62b5\u8fbe\u6f3e.\u5357\u6d77\u6e7e\u8425\u5730\uff0c\u8fdb\u884c\u8349\u5e3dDIY\u548c\u8db3\u7403\u3001\u98de\u76d8\u6d3b\u52a8\u3002"", ""\u5348\u9910\u65f6\u95f4\u4e3a11:10-13:30\uff0c\u63a8\u8350\u8425\u5730\u70e7\u70e4\u6216\u666f\u533a\u5468\u8fb9\u519c\u5bb6\u4e50\u3002"", ""14:00-15:30\u5728\u5357\u6d77\u6e7e\u68ee\u6797\u751f\u6001\u56ed\u8fdb\u884c\u6c34\u67aa\u5927\u6218\u548c\u6eaf\u6eaa\u6d3b\u52a8\u3002"", ""15:30-17:00\u8fdb\u884c\u68ee\u6797\u516c\u56ed\u5f92\u6b65\u63a2\u7d22\u6d3b\u52a8\uff0c\u89c2\u5bdf\u6606\u866b\u3001\u91c7\u6458\u690d\u7269\u3002"", ""\u8d39\u7528\u5305\u542b\u666f\u533a\u95e8\u7968\u3001\u6eaf\u6eaa\u95e8\u7968\u3001\u8349\u5e3dDIY\u3001\u51b2\u51fb\u6c34\u67aa1\u628a\u3001\u6eaf\u6eaa\u978b1\u53cc\u3001\u8425\u5730\u8db3\u7403/\u98de\u76d8\u8fd0\u52a8\u9879\u76ee\u3002"", ""\u8d39\u7528\u4e0d\u5305\u542b\u5348\u9910\uff0c\u63a8\u8350\u6f3e\u00b7\u5357\u6d77\u6e7e\u8425\u5730\u7279\u8272\u70e7\u70e490\u5143/\u4eba\u6216\u9009\u62e9\u5176\u4ed6\uff0c\u8d39\u7528\u81ea\u7406\u3002"", ""18\u5c81\u4ee5\u4e0b\u672a\u6210\u5e74\u4eba\u9700\u8981\u81f3\u5c11\u4e00\u540d\u6210\u5e74\u65c5\u5ba2\u966a\u540c\u3002"", ""\u4ea7\u54c1\u4e0d\u652f\u6301\u90e8\u5206\u9000\uff0c\u5982\u9700\u6539\u671f\u9700\u7533\u8bf7\u9000\u8ba2\u540e\u91cd\u65b0\u9884\u8ba2\u3002"", ""\u884c\u7a0b\u4e2d\u591a\u4e3a\u65e0\u4eba\u533a\u3001\u65e0\u670d\u52a1\u533a\u3001\u591a\u4e3a\u65f1\u5395\uff0c\u5efa\u8bae\u5907\u4f1e\u3002"", ""\u5931\u4fe1\u4eba\u4e0d\u5f97\u4e58\u5750\u98de\u673a\uff0c\u5404\u5927\u822a\u7a7a\u516c\u53f8\u4e0d\u5141\u8bb8\u5931\u4fe1\u4eba\u8d2d\u4e70\u98de\u673a\u7968\u3002"", ""\u897f\u5317\u5730\u533a\u663c\u591c\u6e29\u5dee\u5927\uff0c\u5efa\u8bae\u5e26\u4e24\u4ef6\u8f83\u539a\u7684\u8863\u7269\u548c\u9632\u6652\u7528\u54c1\u3002"", ""\u9752\u6d77\u6e56\u6d77\u62d43200\u7c73-3500\u7c73\uff0c\u7d2b\u5916\u7ebf\u8f83\u5f3a\u3002"", ""\u897f\u5317\u5730\u533a\u4e0e\u4e1c\u90e8\u5730\u533a\u5b58\u57281-1.5\u5c0f\u65f6\u7684\u65f6\u5dee\uff0c\u666f\u70b9\u4e4b\u95f4\u8f66\u7a0b\u8f83\u957f\u3002"", ""\u897f\u5317\u5730\u533a\u6e05\u771f\u9910\u591a\uff0c\u6c49\u9910\u5c11\uff0c\u5efa\u8bae\u51c6\u5907\u6b62\u6cfb\u836f\u3002"", ""\u884c\u7a0b\u4eae\u70b9\u5305\u62ec\u8c6a\u534e\u65c5\u6e38\u5927\u5df4\u8f66\u3001\u8212\u9002\u5ea7\u6905\u3001\u7a7a\u5ea7\u7387\u8fbe\u523010%\u4ee5\u4e0a\u3002"", ""\u884c\u7a0b\u4e2d\u63d0\u4f9b\u5c71\u4e39\u94c1\u9505\u5bb4\u3001\u9752\u6d77\u571f\u706b\u9505\u3001\u4e1d\u8def\u82b1\u96e8\u5bb4\u3001\u85cf\u738b\u5bb4\u7b49\u7f8e\u98df\u3002"", ""\u884c\u7a0b\u4e2d\u5b89\u6392\u5f53\u5730\u8212\u9002\u578b\u9152\u5e97\uff0c\u5f20\u6396\u5347\u7ea7\u8c6a\u534e\u578b\u9152\u5e97\uff0c\u5927\u67f4\u65e6/\u9752\u6d77\u6e56\u5b89\u6392\u5e72\u51c0\u536b\u751f\u53cc\u6807\u95f4\u3002"", ""\u7279\u522b\u8d60\u9001\u6c99\u6f20\u9732\u8425\u5927\u6d3e\u5bf9\u793c\u5305\u3001\u7f51\u7ea2\u73bb\u7483\u8239\u3001\u9752\u6d77\u6e56\u7bdd\u706b\u665a\u4f1a\u3001\u6bcf\u4eba\u4e00\u6761\u4e1d\u5dfe\u3001\u6bcf\u4eba\u6bcf\u59291\u74f6\u6c34\u300124\u5c0f\u65f6\u63a5\u673a\u670d\u52a1\u300124\u5c0f\u65f6\u4e13\u5c5e\u7ba1\u5bb6\u670d\u52a1\u3002""], ""claims"": [""\u5357\u6d77\u6e7e\u8da3\u6d6a\u620f\u6c34\u8282\u4e00\u65e5\u6e38\u9664\u4e86\u8db3\u7403\u6bd4\u8d5b\u548c\u98de\u76d8\u6295\u63b7\u6e38\u620f\uff0c\u8fd8\u5305\u62ec\u8349\u5e3dDIY\u3001\u6c34\u67aa\u5927\u6218\u3001\u6eaf\u6eaa\u6d3b\u52a8\u548c\u68ee\u6797\u516c\u56ed\u5f92\u6b65\u63a2\u7d22\u3002"", ""\u8349\u5e3dDIY\u6d3b\u52a8\u5728\u4e13\u4e1a\u6307\u5bfc\u6216\u81ea\u7531\u53d1\u6325\u4e0b\uff0c\u53ef\u4ee5\u5b8c\u6210\u4e00\u9876\u72ec\u4e00\u65e0\u4e8c\u7684\u8349\u5e3d\u4f5c\u54c1\u3002"", ""\u6c34\u67aa\u5927\u6218\u5728\u666f\u533a\u6e56\u6eaa\u6bb5\u8bbe\u7f6e\u7684\u533a\u57df\u8fdb\u884c\uff0c\u5ba2\u4eba\u53ef\u4ee5\u81ea\u884c\u5f00\u5c55\u6c34\u67aa\u5927\u6218\uff0c\u4f53\u9a8c\u6e05\u51c9\u7684\u6c34\u6218\u4e50\u8da3\u3002"", ""\u6eaf\u6eaa\u6d3b\u52a8\u5305\u62ec\u8ffd\u672c\u6eaf\u6e90\uff0c\u9006\u6d41\u800c\u4e0a\uff0c\u4eab\u53d7\u6eaf\u6eaa\u7684\u4e50\u8da3\u3002"", ""\u68ee\u6797\u516c\u56ed\u5f92\u6b65\u63a2\u7d22\u6d3b\u52a8\u5305\u62ec\u89c2\u5bdf\u6606\u866b\u3001\u91c7\u6458\u690d\u7269\uff0c\u4e86\u89e3\u5f53\u5730\u7684\u751f\u6001\u73af\u5883\u548c\u751f\u7269\u591a\u6837\u6027\u3002"", ""\u8fd9\u4e9b\u6d3b\u52a8\u65e2\u9002\u5408\u4eb2\u5b50\u4e92\u52a8\uff0c\u4e5f\u80fd\u8ba9\u5927\u5bb6\u5728\u6237\u5916\u8fd0\u52a8\u4e2d\u4eab\u53d7\u4e50\u8da3\u3002""], ""verdicts"": [{""verdict"": ""yes"", ""reason"": null}, {""verdict"": ""idk"", ""reason"": null}, {""verdict"": ""yes"", ""reason"": null}, {""verdict"": ""yes"", ""reason"": null}, {""verdict"": ""yes"", ""reason"": null}, {""verdict"": ""idk"", ""reason"": null}], ""score"": 1.0, ""reason"": ""The score is 1.0 because there are no contradictions, indicating that the actual output is perfectly aligned with the retrieval context.""}}, ""answer_recall"": {""verbose_logs"": {""verdicts"": [{""verdict"": ""yes"", ""reason"": ""1st node mentions '\u8349\u5e3dDIY' and 3rd node mentions '\u6eaf\u6eaa\u6d3b\u52a8'.""}], ""score"": 1.0, ""reason"": ""The score is 1.0 because the expected output perfectly aligns with the information in nodes 1 and 3 in the retrieval context, capturing both the DIY\u8349\u5e3d and \u6eaf\u6eaa\u6d3b\u52a8.""}}}",8606,idk,QA问题,QA答案不全,正确Anwer就是模型的回答,,,"语义相似度得分:  0.7193188146368168
答案相关相关性得分： 0.7239676727823697
答案正确性得分： 0.5438637629273634
nv 答案正确性得分:  0.75
上下文精度得分： 0.99999999995
上下文召回得分： 1.0
nv 上下文相关性:  1.0
忠诚度得分： 1.0"
ab3aab68-ac60-4098-bbb2-bcb47a615fc2,趣浪戏水节的行程安排是否包含DIY项目？具体是什么项目？,是的，包含了草帽DIY项目。,南海湾趣浪戏水节一日游的行程安排确实包含DIY项目。具体项目是草帽DIY，游客可以选择喜欢的颜色，在专业指导或自由发挥下，完成一顶独一无二的草帽作品。此外，行程还包括足球比赛或飞盘投掷游戏、水枪大战、溯溪活动和森林公园徒步探索活动。午餐需要自理，推荐营地烧烤或景区周边农家乐。,"
====================================================================================================分片0====================================================================================================
行程安排

| D1 | D1 |
| --- | --- |
| 行程详情 | 南海湾趣浪戏水节1日游 ——上午10:10-11:10 —— 抵达漾.南海湾营地 前往草帽DIY区域，选择喜欢的颜色 在专业指导或自由发挥下，完成一顶独一无二的草帽作品 ——上午10:10-11:10 —— 抵达漾.南海湾营地 前往足球和飞盘活动区域，与家人一起参与足球比赛或飞盘投掷游戏 在运动中增进亲子关系，享受户外运动的快乐 ——11:10-13:30—— 午餐时间(推荐营地烧烤或景区周边农家乐） ——14:00-15:30—— 抵达南海湾森林生态园 专属亲子时光，毫不退缩，追本溯源，逆流而上，勇往前行。景区湖溪段设置水枪大战区域，客人自行在游玩过程中开展水枪大战，体验清凉的水战乐趣。景区统一提供专业水枪，活动结束后水枪客人可自行带走。 ——15:30-17:00—— 溯溪结束后，可沿着园区内的步道或指定路线，进行森林公园徒步探索活动 观察昆虫、采摘植物，了解当地的生态环境和生物多样性 |
| 用餐 | 早餐：X 午餐：X 晚餐：X |
| 住宿 |  |

====================================================================================================分片1====================================================================================================
其他说明

| 名称 | 说明 |
| --- | --- |
| 费用包含 | 景区门票、溯溪门票、草帽DIY、冲击水枪1把、溯溪鞋1双、营地足球/飞盘运动项目 （大小同价） |
| 费用不包含 | 自费项目：午餐。推荐漾·南海湾营地特色烧烤90元/人或选择其他，费用自理。 |
| 预订须知 | 出于安全考虑，18岁以下未成年人需要至少一名成年旅客陪同。 |
| 退改规则 | *产品不支持部分退 *如需改期，请申请退订后重新预订。 |

====================================================================================================分片2====================================================================================================
南海湾趣浪戏水节一日游

| 产品编号 |  | 出发地 | 中国-广东省-广州市 | 目的地 | 中国-广东省-广州市 |
| --- | --- | --- | --- | --- | --- |
| 行程天数 | 1 | 去程交通 | 无 | 返程交通 | 无 |
| 门市价 |  | 最近班期 |  |  |  |
| 参考航班 |  |  |  |  |  |
| 产品亮点 |  |  |  |  |  |
",ACCURACY,员工答案正确回答了DIY项目是草帽DIY，但额外提到了其他活动，超出了标准答案的范围，扣分。,30410,"{""answer_accuracy"": {""fuzz_partial_score"": 57, ""verbose_logs"": {""verdict"": {""score"": 70, ""reason"": ""\u5458\u5de5\u7b54\u6848\u6b63\u786e\u56de\u7b54\u4e86DIY\u9879\u76ee\u662f\u8349\u5e3dDIY\uff0c\u4f46\u989d\u5916\u63d0\u5230\u4e86\u5176\u4ed6\u6d3b\u52a8\uff0c\u8d85\u51fa\u4e86\u6807\u51c6\u7b54\u6848\u7684\u8303\u56f4\uff0c\u6263\u5206\u3002""}, ""score"": 70, ""reason"": ""\u5458\u5de5\u7b54\u6848\u6b63\u786e\u56de\u7b54\u4e86DIY\u9879\u76ee\u662f\u8349\u5e3dDIY\uff0c\u4f46\u989d\u5916\u63d0\u5230\u4e86\u5176\u4ed6\u6d3b\u52a8\uff0c\u8d85\u51fa\u4e86\u6807\u51c6\u7b54\u6848\u7684\u8303\u56f4\uff0c\u6263\u5206\u3002""}}, ""problem_location"": {}, ""context_recall"": {}, ""faith_fulness"": {}, ""answer_recall"": {}}",680,正确,,,,,,"第5条用例，问题为趣浪戏水节的行程安排是否包含DIY项目？具体是什么项目？,  结果为ACCURACY
语义相似度得分:  0.6604278146691831
答案相关相关性得分： 0.7946167287216523
答案正确性得分： 0.3987522296005034
nv 答案正确性得分:  0.75
上下文精度得分： 0.99999999995
上下文召回得分： 1.0
nv 上下文相关性:  1.0
忠诚度得分： 1.0"
da401b82-feda-438c-b6a4-1d0b3cbe2d50,午餐推荐在哪些地方用餐，具体费用多少？,午餐推荐在营地烧烤或景区周边农家乐用餐，推荐费用是90元/人。,午餐推荐在漾·南海湾营地特色烧烤，费用为90元/人。其他用餐地点的费用需要自理。,"
====================================================================================================分片0====================================================================================================
其他说明

| 名称 | 说明 |
| --- | --- |
| 费用包含 | 景区门票、溯溪门票、草帽DIY、冲击水枪1把、溯溪鞋1双、营地足球/飞盘运动项目 （大小同价） |
| 费用不包含 | 自费项目：午餐。推荐漾·南海湾营地特色烧烤90元/人或选择其他，费用自理。 |
| 预订须知 | 出于安全考虑，18岁以下未成年人需要至少一名成年旅客陪同。 |
| 退改规则 | *产品不支持部分退 *如需改期，请申请退订后重新预订。 |

====================================================================================================分片1====================================================================================================
# 3、牛特别提醒：此天多为无人区、无服务区、多为旱厕、建议备伞

机票含广州至兰州往返不含税机票，机票属于团队票，退票不退任何费用，不可改期、改签等。
）有行车公里数限制及部分路段维修，易发生堵车，发车时间均较早，行程内标注出发及行车时间均为预计，具体情况可能略有不同；行程内所有自由活动期间及行程外均不含用车。请予以理解！
住宿全程舒适型标准酒店，张掖升级豪华型标准酒店，大柴旦/青海湖为干净卫生双标间。1人1床位。客人自愿放弃住宿、费用不退。因西北条件有限，酒店热水分时段供应，青海部分酒店无空调、带独立卫生间。酒店不保证能安排三人间或加床，我社也不提供自然单间，单人报名或出现单男单女元/人。
用餐含7早6正，早餐为酒店配送，不吃不退；正餐餐标30元/人/正，正餐十人一桌、八菜一汤。特色餐50元/人，不吃不退。一桌不足十人菜量会根据实际人数安排或相应减少。
门票全程含行程所列景点首道门票和区间车，标注自理景点除外，（未标明的景点均不含景区门票、区间车和自费项目）。我们会根据当地实际情况在保证游览时间，景点数量不变的情况下，对行程做相应调整，感谢您的配合与支持。注意：此行程已打包特价优惠，学生证/老人证/教师证/军官证等特殊证件均无门票优惠退费，望周知。
保险我社已购买了旅行社责任险，特别提醒旅游者应当按照规定另行投保人身意外伤害保险。
导服当地优秀持证中文导游服务。送机不办理登记牌等相关事宜。请您知晓！
购物全程1个购物店（备注：景区、餐厅商场不属于旅行社所安排的购物店）
儿童身高0.8～1.2米儿童或者12岁以下，不占床不含门票，儿童含当地汽车车位费、早餐费、半价正餐、导服费、往返机票。如需占床请补交单房差，单房差680元/人。
②团费不含
1、景区内的自由活动自行参与的项目，如：园中园门票，环保车、电瓶车、小交通、沙漠活动项目
2、因不可抗力因素所引致的额外费用。
3、因旅游者违约、自身过错、自身疾病导致的人身财产损失而额外支付的费用
4、个人消费，如酒水、饮料、洒店内洗衣、电话等未提到的其它服务
HUHJIMNCJHJ>OIA/JO
③重要告知.
====================================================================================================分片2====================================================================================================
费用说明


| 服务项目 | 服务标准 |
| --- | --- |

====================================================================================================分片3====================================================================================================
# 3、牛特别提醒：此天多为无人区、无服务区、多为旱厕、建议备伞

未成年人：未满18周岁的旅游者请由家属属（因服务能力所限无法接待及限制接待的人除外）陪同参团。外籍友人：本产品网上报价适用持有大陆居民身份证的游客。如您持有其他国家或地区的护照，请在预订过程中注明。
关于退团：因本产品团费价格为包价旅游合同综合报价，故如旅客报名后临时退团，属于旅客单方面违约意见反馈：请配合导游如实填写当地的意见单，不填或虚填者归来后投诉将无法受理。
11.提示：请各组团社必需在客人前往旅游时为客人提前购买旅游意外险
（1）景点游览、自由活动、物店停留的时间以当天实际游览为准。
(2）行程中需自理门票和当地导游推荐项目，请自愿选择参加
nUKJTJHO 补充协议
甲方 (游 客) 乙方（旅行社）：
本补充协议是对旅游行程单中的行程安排，旅行社应旅游者要求，并经双方协商一致，达成本补充协议，作为包价旅游合同的组成部分，旅游者到达旅游目的地后自愿参加以下相关自费项目进行书面约定
一：参加付费娱乐升级项目补充协议。当地自费项目，自愿自费，不强迫，实际价格以景区的为准，以下仅供参考：

| 嘉峪关城楼 | 门票110元/人、电瓶车15元/人单程 |
| --- | --- |
| 鸣沙山 | 电瓶车单程10元/人，往返20元/人。骑骆驼100-120元/人， 滑沙25元/人，鞋套15元/人。 |
| 敦煌演出 | 《敦煌盛典》238元/人起 《丝路花雨》238元/人起 《又见敦煌》淡季普通298元/人，至尊588元/人 旺季普通318元/人，至尊688元/人 |
| 茶卡壹号 盐湖景区 | 区间车60、观光陀车 30、越野卡丁车100、骆驼骑行80、环湖巴士80、 竹排筏40、观光吉普车150（元/人） |
| 茶卡盐湖 | 单程小火车50、往返小火车100 |
| 青海湖 | 区间车20元/人，游船140-180元/人 |
| 塔尔寺 | 区间车35元/人、讲解费15元/人起（必消项目、根据人数核算费用） |
| 特色美食 | 敦煌大漠风情宴1880元/桌烤全羊1980元/只起 |
| 水上雅丹 | 区间车60元/人 |
| 翡翠湖 | 区间车60元/人 |

====================================================================================================分片4====================================================================================================
二：您选择的旅游产品，行程为您安排以下购物店，具体如下：
购物店预览表

| 购物店名称 | 产品特色 | 停留时间 |
| --- | --- | --- |
| 民俗村寨 | 银饰 | 90-120分钟 |
",ACCURACY,员工答案回答了推荐的用餐地点和具体费用，与标准答案基本一致，但额外提到了其他用餐地点的费用需要自理，超出标准答案范围，扣5分。,19068,"{""answer_accuracy"": {""fuzz_partial_score"": 58, ""verbose_logs"": {""verdict"": {""score"": 85, ""reason"": ""\u5458\u5de5\u7b54\u6848\u56de\u7b54\u4e86\u63a8\u8350\u7684\u7528\u9910\u5730\u70b9\u548c\u5177\u4f53\u8d39\u7528\uff0c\u4e0e\u6807\u51c6\u7b54\u6848\u57fa\u672c\u4e00\u81f4\uff0c\u4f46\u989d\u5916\u63d0\u5230\u4e86\u5176\u4ed6\u7528\u9910\u5730\u70b9\u7684\u8d39\u7528\u9700\u8981\u81ea\u7406\uff0c\u8d85\u51fa\u6807\u51c6\u7b54\u6848\u8303\u56f4\uff0c\u62635\u5206\u3002""}, ""score"": 85, ""reason"": ""\u5458\u5de5\u7b54\u6848\u56de\u7b54\u4e86\u63a8\u8350\u7684\u7528\u9910\u5730\u70b9\u548c\u5177\u4f53\u8d39\u7528\uff0c\u4e0e\u6807\u51c6\u7b54\u6848\u57fa\u672c\u4e00\u81f4\uff0c\u4f46\u989d\u5916\u63d0\u5230\u4e86\u5176\u4ed6\u7528\u9910\u5730\u70b9\u7684\u8d39\u7528\u9700\u8981\u81ea\u7406\uff0c\u8d85\u51fa\u6807\u51c6\u7b54\u6848\u8303\u56f4\uff0c\u62635\u5206\u3002""}}, ""problem_location"": {}, ""context_recall"": {}, ""faith_fulness"": {}, ""answer_recall"": {}}",633,正确,,,,,,"第6条用例，问题为午餐推荐在哪些地方用餐，具体费用多少？,  结果为ACCURACY
语义相似度得分:  0.8679268203924826
答案相关相关性得分： 0.9721956628224125
答案正确性得分： 0.7069186974118299
nv 答案正确性得分:  0.75
上下文精度得分： 0.9999999999
上下文召回得分： 1.0
nv 上下文相关性:  1.0
忠诚度得分： 1.0"
65d3db8f-53f9-4f61-9c5d-3214027771a6,“惠玩甘青”深度双飞八天和南海湾趣浪戏水节一日游吃的怎么样？,“惠玩甘青”行程中提供的餐饮包括山丹铁锅宴、青海土火锅、丝路花雨宴和藏王宴，餐标为30元/人。而南海湾趣浪戏水节一日游的午餐推荐为营地烧烤或景区周边的农家乐。,"南海湾趣浪戏水节一日游的用餐情况如下：

- **午餐**：需要自理，推荐漾·南海湾营地特色烧烤（90元/人）或选择其他农家乐，费用自理。

关于“惠玩甘青”深度双飞八天的餐饮情况：

- **行程亮点**中提到有丰富的美食体验，包括山丹铁锅宴、青海土火锅、丝路花雨宴、藏王宴等当地特色美食，确保用餐的丰富性和品质。","
====================================================================================================分片0====================================================================================================
行程安排

| D1 | D1 |
| --- | --- |
| 行程详情 | 南海湾趣浪戏水节1日游 ——上午10:10-11:10 —— 抵达漾.南海湾营地 前往草帽DIY区域，选择喜欢的颜色 在专业指导或自由发挥下，完成一顶独一无二的草帽作品 ——上午10:10-11:10 —— 抵达漾.南海湾营地 前往足球和飞盘活动区域，与家人一起参与足球比赛或飞盘投掷游戏 在运动中增进亲子关系，享受户外运动的快乐 ——11:10-13:30—— 午餐时间(推荐营地烧烤或景区周边农家乐） ——14:00-15:30—— 抵达南海湾森林生态园 专属亲子时光，毫不退缩，追本溯源，逆流而上，勇往前行。景区湖溪段设置水枪大战区域，客人自行在游玩过程中开展水枪大战，体验清凉的水战乐趣。景区统一提供专业水枪，活动结束后水枪客人可自行带走。 ——15:30-17:00—— 溯溪结束后，可沿着园区内的步道或指定路线，进行森林公园徒步探索活动 观察昆虫、采摘植物，了解当地的生态环境和生物多样性 |
| 用餐 | 早餐：X 午餐：X 晚餐：X |
| 住宿 |  |

====================================================================================================分片1====================================================================================================
惠玩甘青】深度双飞八天Q1【
兰州、武威雷台公园、张掖七彩丹霞、大地之子、海市蜃楼、敦煌莫高窟、鸣沙山月牙泉南八仙雅丹、翡翠湖、茶卡盐湖天空壹号、青海湖二郎剑、塔尔寺全程舒适型酒店+张掖升级豪华型酒店+大柴旦/青海湖为干净卫生双标间
■【产品故事】
探索苍茫大西北，打卡青海湖、茶卡盐湖、大柴旦翡翠湖、水上雅丹，逃离城市，一场全景视觉之旅！大西北的魅力需要用双脚丈量，用双眼记录“大漠孤烟直，长河落日圆”诗人笔下的大漠风情，无限的风，光让人室息，心生向往。古往今来的丝绸之路，它的美是中国的，更是世界的，
让我们来一次大西北旅行吧，这里不仅有诗，还有远方的田野和路上的疯狂
一IJ/JHJPJ
■【行程亮点】
不走回头路，覆盖青甘最经典的美景，广东独立成团收客无限制畅收
独家优待：豪华旅游大巴车，舒适座椅，空座率达到10%以上。
美食尽情享受：山丹铁锅宴青海土火锅丝路花雨宴藏王宴
乐享静谧美梦：全程当地舒适型酒店、张掖升级豪华型酒店，大柴旦/青海湖安排干净卫生双标间
特别赠送：沙漠露营大派送礼包（ATV的体验、滑沙、爬山拍日落、荡桥、海盗船、）
特别赠送：网红玻璃船：乘坐玻璃船、探秘灵动镜湖、听海天一色的声音
独家安排：青海湖篝火晚会：燃起篝火、放下疲惫、心情要好、生活要嗨
暖心赠送：每人一条丝巾、把美好记忆带回家！行程中每人每天1瓶水
暖心赠送：24小时接机服务、随接随走、机场--酒店无缝对接！
暖心赠送：24小时专属管家、任何问题行中随时在线解决
HJITJTJIJILHJUTVA
■【游玩推介】
【七彩丹霞】中国彩虹山，上帝打翻的调色盘，远看似朝霞升腾近观如彩带随风豌蜓飘动；【嘉峪关城楼】长城防线上重要的军事要塞、河西第一隘口，素有“天下第一雄关”之称；【莫高窟】被誉为20世纪最有价值的文化遗产，世界现存佛教艺术最伟大的宝库；【鸣沙山月牙泉】因“泉映月而无尘，亘古沙不填泉，泉不涸竭”而成为奇观成为塞上一绝；【茶卡天空一号】纯净、蓝白交织如一场美梦，真实还原宫崎骏《干与干寻》的场景；【青海湖】中国最美五大湖之首，犹如翡翠玉盘的眼泪，此刻一半湛蓝一半金黄;【塔尔寺】是中国藏传佛教格鲁派六大寺院之一，是西宁最受欢迎的旅游目的地之一。
【行程预览】
====================================================================================================分片2====================================================================================================
南海湾趣浪戏水节一日游

| 产品编号 |  | 出发地 | 中国-广东省-广州市 | 目的地 | 中国-广东省-广州市 |
| --- | --- | --- | --- | --- | --- |
| 行程天数 | 1 | 去程交通 | 无 | 返程交通 | 无 |
| 门市价 |  | 最近班期 |  |  |  |
| 参考航班 |  |  |  |  |  |
| 产品亮点 |  |  |  |  |  |

====================================================================================================分片3====================================================================================================
其他说明

| 名称 | 说明 |
| --- | --- |
| 费用包含 | 景区门票、溯溪门票、草帽DIY、冲击水枪1把、溯溪鞋1双、营地足球/飞盘运动项目 （大小同价） |
| 费用不包含 | 自费项目：午餐。推荐漾·南海湾营地特色烧烤90元/人或选择其他，费用自理。 |
| 预订须知 | 出于安全考虑，18岁以下未成年人需要至少一名成年旅客陪同。 |
| 退改规则 | *产品不支持部分退 *如需改期，请申请退订后重新预订。 |
",ACCURACY,员工答案基本涵盖了标准答案中的所有关键点，包括南海湾趣浪戏水节一日游的午餐推荐和‘惠玩甘青’行程中的特色餐饮。但员工答案中提到的南海湾趣浪戏水节一日游午餐费用自理，而标准答案中未明确提到费用自理，存在细微差异。,37489,"{""answer_accuracy"": {""fuzz_partial_score"": 46, ""verbose_logs"": {""verdict"": {""score"": 85, ""reason"": ""\u5458\u5de5\u7b54\u6848\u57fa\u672c\u6db5\u76d6\u4e86\u6807\u51c6\u7b54\u6848\u4e2d\u7684\u6240\u6709\u5173\u952e\u70b9\uff0c\u5305\u62ec\u5357\u6d77\u6e7e\u8da3\u6d6a\u620f\u6c34\u8282\u4e00\u65e5\u6e38\u7684\u5348\u9910\u63a8\u8350\u548c\u2018\u60e0\u73a9\u7518\u9752\u2019\u884c\u7a0b\u4e2d\u7684\u7279\u8272\u9910\u996e\u3002\u4f46\u5458\u5de5\u7b54\u6848\u4e2d\u63d0\u5230\u7684\u5357\u6d77\u6e7e\u8da3\u6d6a\u620f\u6c34\u8282\u4e00\u65e5\u6e38\u5348\u9910\u8d39\u7528\u81ea\u7406\uff0c\u800c\u6807\u51c6\u7b54\u6848\u4e2d\u672a\u660e\u786e\u63d0\u5230\u8d39\u7528\u81ea\u7406\uff0c\u5b58\u5728\u7ec6\u5fae\u5dee\u5f02\u3002""}, ""score"": 85, ""reason"": ""\u5458\u5de5\u7b54\u6848\u57fa\u672c\u6db5\u76d6\u4e86\u6807\u51c6\u7b54\u6848\u4e2d\u7684\u6240\u6709\u5173\u952e\u70b9\uff0c\u5305\u62ec\u5357\u6d77\u6e7e\u8da3\u6d6a\u620f\u6c34\u8282\u4e00\u65e5\u6e38\u7684\u5348\u9910\u63a8\u8350\u548c\u2018\u60e0\u73a9\u7518\u9752\u2019\u884c\u7a0b\u4e2d\u7684\u7279\u8272\u9910\u996e\u3002\u4f46\u5458\u5de5\u7b54\u6848\u4e2d\u63d0\u5230\u7684\u5357\u6d77\u6e7e\u8da3\u6d6a\u620f\u6c34\u8282\u4e00\u65e5\u6e38\u5348\u9910\u8d39\u7528\u81ea\u7406\uff0c\u800c\u6807\u51c6\u7b54\u6848\u4e2d\u672a\u660e\u786e\u63d0\u5230\u8d39\u7528\u81ea\u7406\uff0c\u5b58\u5728\u7ec6\u5fae\u5dee\u5f02\u3002""}}, ""problem_location"": {}, ""context_recall"": {}, ""faith_fulness"": {}, ""answer_recall"": {}}",794,正确,,,,,,"第7条用例，问题为“惠玩甘青”深度双飞八天和南海湾趣浪戏水节一日游吃的怎么样？,  结果为ACCURACY
语义相似度得分:  0.9168209306513407
答案相关相关性得分： 0.9569109812729528
答案正确性得分： 0.5833641861302682
nv 答案正确性得分:  0.75
上下文精度得分： 0.99999999995
上下文召回得分： 1.0
nv 上下文相关性:  0.5
忠诚度得分： 1.0"
7e198543-76a1-48dc-b581-55f9d9ca2ed1,“惠玩甘青”深度双飞八天和南海湾趣浪戏水节一日游价格分别是多少,“惠玩甘青”深度双飞八天的价格未在文档中明确列出，而南海湾趣浪戏水节一日游的价格也未在文档中提供具体金额。,对不起，我目前没有足够的信息来回答您的问题。,"
====================================================================================================分片0====================================================================================================
行程安排

| D1 | D1 |
| --- | --- |
| 行程详情 | 南海湾趣浪戏水节1日游 ——上午10:10-11:10 —— 抵达漾.南海湾营地 前往草帽DIY区域，选择喜欢的颜色 在专业指导或自由发挥下，完成一顶独一无二的草帽作品 ——上午10:10-11:10 —— 抵达漾.南海湾营地 前往足球和飞盘活动区域，与家人一起参与足球比赛或飞盘投掷游戏 在运动中增进亲子关系，享受户外运动的快乐 ——11:10-13:30—— 午餐时间(推荐营地烧烤或景区周边农家乐） ——14:00-15:30—— 抵达南海湾森林生态园 专属亲子时光，毫不退缩，追本溯源，逆流而上，勇往前行。景区湖溪段设置水枪大战区域，客人自行在游玩过程中开展水枪大战，体验清凉的水战乐趣。景区统一提供专业水枪，活动结束后水枪客人可自行带走。 ——15:30-17:00—— 溯溪结束后，可沿着园区内的步道或指定路线，进行森林公园徒步探索活动 观察昆虫、采摘植物，了解当地的生态环境和生物多样性 |
| 用餐 | 早餐：X 午餐：X 晚餐：X |
| 住宿 |  |

====================================================================================================分片1====================================================================================================
惠玩甘青】深度双飞八天Q1【
兰州、武威雷台公园、张掖七彩丹霞、大地之子、海市蜃楼、敦煌莫高窟、鸣沙山月牙泉南八仙雅丹、翡翠湖、茶卡盐湖天空壹号、青海湖二郎剑、塔尔寺全程舒适型酒店+张掖升级豪华型酒店+大柴旦/青海湖为干净卫生双标间
■【产品故事】
探索苍茫大西北，打卡青海湖、茶卡盐湖、大柴旦翡翠湖、水上雅丹，逃离城市，一场全景视觉之旅！大西北的魅力需要用双脚丈量，用双眼记录“大漠孤烟直，长河落日圆”诗人笔下的大漠风情，无限的风，光让人室息，心生向往。古往今来的丝绸之路，它的美是中国的，更是世界的，
让我们来一次大西北旅行吧，这里不仅有诗，还有远方的田野和路上的疯狂
一IJ/JHJPJ
■【行程亮点】
不走回头路，覆盖青甘最经典的美景，广东独立成团收客无限制畅收
独家优待：豪华旅游大巴车，舒适座椅，空座率达到10%以上。
美食尽情享受：山丹铁锅宴青海土火锅丝路花雨宴藏王宴
乐享静谧美梦：全程当地舒适型酒店、张掖升级豪华型酒店，大柴旦/青海湖安排干净卫生双标间
特别赠送：沙漠露营大派送礼包（ATV的体验、滑沙、爬山拍日落、荡桥、海盗船、）
特别赠送：网红玻璃船：乘坐玻璃船、探秘灵动镜湖、听海天一色的声音
独家安排：青海湖篝火晚会：燃起篝火、放下疲惫、心情要好、生活要嗨
暖心赠送：每人一条丝巾、把美好记忆带回家！行程中每人每天1瓶水
暖心赠送：24小时接机服务、随接随走、机场--酒店无缝对接！
暖心赠送：24小时专属管家、任何问题行中随时在线解决
HJITJTJIJILHJUTVA
■【游玩推介】
【七彩丹霞】中国彩虹山，上帝打翻的调色盘，远看似朝霞升腾近观如彩带随风豌蜓飘动；【嘉峪关城楼】长城防线上重要的军事要塞、河西第一隘口，素有“天下第一雄关”之称；【莫高窟】被誉为20世纪最有价值的文化遗产，世界现存佛教艺术最伟大的宝库；【鸣沙山月牙泉】因“泉映月而无尘，亘古沙不填泉，泉不涸竭”而成为奇观成为塞上一绝；【茶卡天空一号】纯净、蓝白交织如一场美梦，真实还原宫崎骏《干与干寻》的场景；【青海湖】中国最美五大湖之首，犹如翡翠玉盘的眼泪，此刻一半湛蓝一半金黄;【塔尔寺】是中国藏传佛教格鲁派六大寺院之一，是西宁最受欢迎的旅游目的地之一。
【行程预览】
====================================================================================================分片2====================================================================================================
南海湾趣浪戏水节一日游

| 产品编号 |  | 出发地 | 中国-广东省-广州市 | 目的地 | 中国-广东省-广州市 |
| --- | --- | --- | --- | --- | --- |
| 行程天数 | 1 | 去程交通 | 无 | 返程交通 | 无 |
| 门市价 |  | 最近班期 |  |  |  |
| 参考航班 |  |  |  |  |  |
| 产品亮点 |  |  |  |  |  |

====================================================================================================分片3====================================================================================================
其他说明

| 名称 | 说明 |
| --- | --- |
| 费用包含 | 景区门票、溯溪门票、草帽DIY、冲击水枪1把、溯溪鞋1双、营地足球/飞盘运动项目 （大小同价） |
| 费用不包含 | 自费项目：午餐。推荐漾·南海湾营地特色烧烤90元/人或选择其他，费用自理。 |
| 预订须知 | 出于安全考虑，18岁以下未成年人需要至少一名成年旅客陪同。 |
| 退改规则 | *产品不支持部分退 *如需改期，请申请退订后重新预订。 |
",ACCURACY,员工答案直接回答了考官问题，表明没有足够的信息来回答，符合实际情况。,24669,"{""answer_accuracy"": {""fuzz_partial_score"": 9, ""verbose_logs"": {""verdict"": {""score"": 80, ""reason"": ""\u5458\u5de5\u7b54\u6848\u76f4\u63a5\u56de\u7b54\u4e86\u8003\u5b98\u95ee\u9898\uff0c\u8868\u660e\u6ca1\u6709\u8db3\u591f\u7684\u4fe1\u606f\u6765\u56de\u7b54\uff0c\u7b26\u5408\u5b9e\u9645\u60c5\u51b5\u3002""}, ""score"": 80, ""reason"": ""\u5458\u5de5\u7b54\u6848\u76f4\u63a5\u56de\u7b54\u4e86\u8003\u5b98\u95ee\u9898\uff0c\u8868\u660e\u6ca1\u6709\u8db3\u591f\u7684\u4fe1\u606f\u6765\u56de\u7b54\uff0c\u7b26\u5408\u5b9e\u9645\u60c5\u51b5\u3002""}}, ""problem_location"": {}, ""context_recall"": {}, ""faith_fulness"": {}, ""answer_recall"": {}}",631,正确,,,,,,"第8条用例，问题为“惠玩甘青”深度双飞八天和南海湾趣浪戏水节一日游价格分别是多少,  结果为ACCURACY
语义相似度得分:  0.5013515818029365
答案相关相关性得分： 0.0
答案正确性得分： 0.9002703163605874
nv 答案正确性得分:  0.5
上下文精度得分： 0.0
上下文召回得分： 1.0
nv 上下文相关性:  0.5
忠诚度得分： 0.5"
c14e57b5-99a6-40e7-b80b-b6258534dae2,客人可以在戏水节的哪段时间进行水枪大战？,客人可以在下午14:00-15:30期间进行水枪大战。,客人可以在南海湾趣浪戏水节的14:00至15:30时间段进行水枪大战。,"
====================================================================================================分片0====================================================================================================
行程安排

| D1 | D1 |
| --- | --- |
| 行程详情 | 南海湾趣浪戏水节1日游 ——上午10:10-11:10 —— 抵达漾.南海湾营地 前往草帽DIY区域，选择喜欢的颜色 在专业指导或自由发挥下，完成一顶独一无二的草帽作品 ——上午10:10-11:10 —— 抵达漾.南海湾营地 前往足球和飞盘活动区域，与家人一起参与足球比赛或飞盘投掷游戏 在运动中增进亲子关系，享受户外运动的快乐 ——11:10-13:30—— 午餐时间(推荐营地烧烤或景区周边农家乐） ——14:00-15:30—— 抵达南海湾森林生态园 专属亲子时光，毫不退缩，追本溯源，逆流而上，勇往前行。景区湖溪段设置水枪大战区域，客人自行在游玩过程中开展水枪大战，体验清凉的水战乐趣。景区统一提供专业水枪，活动结束后水枪客人可自行带走。 ——15:30-17:00—— 溯溪结束后，可沿着园区内的步道或指定路线，进行森林公园徒步探索活动 观察昆虫、采摘植物，了解当地的生态环境和生物多样性 |
| 用餐 | 早餐：X 午餐：X 晚餐：X |
| 住宿 |  |

====================================================================================================分片1====================================================================================================
南海湾趣浪戏水节一日游

| 产品编号 |  | 出发地 | 中国-广东省-广州市 | 目的地 | 中国-广东省-广州市 |
| --- | --- | --- | --- | --- | --- |
| 行程天数 | 1 | 去程交通 | 无 | 返程交通 | 无 |
| 门市价 |  | 最近班期 |  |  |  |
| 参考航班 |  |  |  |  |  |
| 产品亮点 |  |  |  |  |  |
",ACCURACY,员工答案与标准答案的关键点完全一致，准确回答了水枪大战的时间段。,17651,"{""answer_accuracy"": {""fuzz_partial_score"": 67, ""verbose_logs"": {""verdict"": {""score"": 100, ""reason"": ""\u5458\u5de5\u7b54\u6848\u4e0e\u6807\u51c6\u7b54\u6848\u7684\u5173\u952e\u70b9\u5b8c\u5168\u4e00\u81f4\uff0c\u51c6\u786e\u56de\u7b54\u4e86\u6c34\u67aa\u5927\u6218\u7684\u65f6\u95f4\u6bb5\u3002""}, ""score"": 100, ""reason"": ""\u5458\u5de5\u7b54\u6848\u4e0e\u6807\u51c6\u7b54\u6848\u7684\u5173\u952e\u70b9\u5b8c\u5168\u4e00\u81f4\uff0c\u51c6\u786e\u56de\u7b54\u4e86\u6c34\u67aa\u5927\u6218\u7684\u65f6\u95f4\u6bb5\u3002""}}, ""problem_location"": {}, ""context_recall"": {}, ""faith_fulness"": {}, ""answer_recall"": {}}",616,正确,,,,,,"第9条用例，问题为客人可以在戏水节的哪段时间进行水枪大战？,  结果为ACCURACY
语义相似度得分:  0.8419226946147711
答案相关相关性得分： 0.8417265060922351
答案正确性得分： 0.9683845389229543
nv 答案正确性得分:  1.0
上下文精度得分： 0.9999999999
上下文召回得分： 1.0
nv 上下文相关性:  1.0
忠诚度得分： 1.0"
6947db23-92ea-431f-a593-29e91577500c,抵达漾.南海湾营地后有哪些活动？,客人可以选择参与草帽DIY、足球和飞盘活动。,"抵达漾.南海湾营地后，您可以参与以下活动：

1. **草帽DIY**（上午10:10-11:10）：选择喜欢的颜色，在专业指导或自由发挥下，完成一顶独一无二的草帽作品。

2. **足球和飞盘游戏**（上午10:10-11:10）：与家人一起参与足球比赛或飞盘投掷游戏，增进亲子关系，享受户外运动的快乐。

3. **午餐时间**（11:10-13:30）：推荐营地烧烤或景区周边农家乐，费用自理。

4. **溯溪和水枪大战**（14:00-15:30）：在景区湖溪段设置的水枪大战区域，体验清凉的水战乐趣。景区提供专业水枪，活动结束后可自行带走。

5. **森林公园徒步探索**（15:30-17:00）：观察昆虫、采摘植物，了解当地的生态环境和生物多样性。","
====================================================================================================分片0====================================================================================================
行程安排

| D1 | D1 |
| --- | --- |
| 行程详情 | 南海湾趣浪戏水节1日游 ——上午10:10-11:10 —— 抵达漾.南海湾营地 前往草帽DIY区域，选择喜欢的颜色 在专业指导或自由发挥下，完成一顶独一无二的草帽作品 ——上午10:10-11:10 —— 抵达漾.南海湾营地 前往足球和飞盘活动区域，与家人一起参与足球比赛或飞盘投掷游戏 在运动中增进亲子关系，享受户外运动的快乐 ——11:10-13:30—— 午餐时间(推荐营地烧烤或景区周边农家乐） ——14:00-15:30—— 抵达南海湾森林生态园 专属亲子时光，毫不退缩，追本溯源，逆流而上，勇往前行。景区湖溪段设置水枪大战区域，客人自行在游玩过程中开展水枪大战，体验清凉的水战乐趣。景区统一提供专业水枪，活动结束后水枪客人可自行带走。 ——15:30-17:00—— 溯溪结束后，可沿着园区内的步道或指定路线，进行森林公园徒步探索活动 观察昆虫、采摘植物，了解当地的生态环境和生物多样性 |
| 用餐 | 早餐：X 午餐：X 晚餐：X |
| 住宿 |  |

====================================================================================================分片1====================================================================================================
其他说明

| 名称 | 说明 |
| --- | --- |
| 费用包含 | 景区门票、溯溪门票、草帽DIY、冲击水枪1把、溯溪鞋1双、营地足球/飞盘运动项目 （大小同价） |
| 费用不包含 | 自费项目：午餐。推荐漾·南海湾营地特色烧烤90元/人或选择其他，费用自理。 |
| 预订须知 | 出于安全考虑，18岁以下未成年人需要至少一名成年旅客陪同。 |
| 退改规则 | *产品不支持部分退 *如需改期，请申请退订后重新预订。 |

====================================================================================================分片2====================================================================================================
南海湾趣浪戏水节一日游

| 产品编号 |  | 出发地 | 中国-广东省-广州市 | 目的地 | 中国-广东省-广州市 |
| --- | --- | --- | --- | --- | --- |
| 行程天数 | 1 | 去程交通 | 无 | 返程交通 | 无 |
| 门市价 |  | 最近班期 |  |  |  |
| 参考航班 |  |  |  |  |  |
| 产品亮点 |  |  |  |  |  |
",RETRIEVAL_CONTEXT_NOISE,"The score is 1.0 because the expected output perfectly aligns with the information provided in the 1st and 2nd nodes in retrieval context, capturing all the activities mentioned without any discrepancies.",84377,"{""answer_accuracy"": {""fuzz_partial_score"": 36, ""verbose_logs"": {""verdict"": {""score"": 40, ""reason"": ""\u5458\u5de5\u7b54\u6848\u4e2d\u867d\u7136\u63d0\u5230\u4e86\u6807\u51c6\u7b54\u6848\u4e2d\u7684\u6240\u6709\u6d3b\u52a8\uff0c\u4f46\u989d\u5916\u589e\u52a0\u4e863\u4e2a\u6d3b\u52a8\uff0c\u8d85\u51fa\u4e86\u6807\u51c6\u7b54\u6848\u7684\u8303\u56f4\u3002\u6839\u636e\u89c4\u5219\uff0c\u6bcf\u8d85\u51fa\u4e00\u4e2a\u5173\u952e\u70b9\u6263\u5206\uff0c\u6700\u7ec8\u5f97\u5206\u4f4e\u4e8e60\u5206\u3002""}, ""score"": 40, ""reason"": ""\u5458\u5de5\u7b54\u6848\u4e2d\u867d\u7136\u63d0\u5230\u4e86\u6807\u51c6\u7b54\u6848\u4e2d\u7684\u6240\u6709\u6d3b\u52a8\uff0c\u4f46\u989d\u5916\u589e\u52a0\u4e863\u4e2a\u6d3b\u52a8\uff0c\u8d85\u51fa\u4e86\u6807\u51c6\u7b54\u6848\u7684\u8303\u56f4\u3002\u6839\u636e\u89c4\u5219\uff0c\u6bcf\u8d85\u51fa\u4e00\u4e2a\u5173\u952e\u70b9\u6263\u5206\uff0c\u6700\u7ec8\u5f97\u5206\u4f4e\u4e8e60\u5206\u3002""}}, ""problem_location"": {""fuzz_partial_score"": 32, ""verbose_logs"": {""verdict"": {""answer"": 95, ""reason"": ""\u6807\u51c6\u7b54\u6848\u4e2d\u7684\u5173\u952e\u77e5\u8bc6\u70b9\uff08\u8349\u5e3dDIY\u3001\u8db3\u7403\u548c\u98de\u76d8\u6d3b\u52a8\uff09\u5728\u68c0\u7d22\u5230\u7684\u4e0a\u4e0b\u6587\u4e2d\u5b8c\u5168\u4e00\u81f4\uff0c\u4e14\u8868\u8ff0\u76f8\u540c\u3002""}, ""score"": 95, ""reason"": ""\u6807\u51c6\u7b54\u6848\u4e2d\u7684\u5173\u952e\u77e5\u8bc6\u70b9\uff08\u8349\u5e3dDIY\u3001\u8db3\u7403\u548c\u98de\u76d8\u6d3b\u52a8\uff09\u5728\u68c0\u7d22\u5230\u7684\u4e0a\u4e0b\u6587\u4e2d\u5b8c\u5168\u4e00\u81f4\uff0c\u4e14\u8868\u8ff0\u76f8\u540c\u3002""}}, ""context_recall"": {}, ""faith_fulness"": {""verbose_logs"": {""truths"": [""\u884c\u7a0b\u5b89\u6392\u5305\u62ec\u4e0a\u534810:10-11:10\u62b5\u8fbe\u5357\u6d77\u6e7e\u8425\u5730\uff0c\u8fdb\u884c\u8349\u5e3dDIY\u548c\u8db3\u7403\u3001\u98de\u76d8\u6d3b\u52a8\u3002"", ""\u5348\u9910\u65f6\u95f4\u4e3a11:10-13:30\uff0c\u63a8\u8350\u8425\u5730\u70e7\u70e4\u6216\u666f\u533a\u5468\u8fb9\u519c\u5bb6\u4e50\u3002"", ""14:00-15:30\u5728\u5357\u6d77\u6e7e\u68ee\u6797\u751f\u6001\u56ed\u8fdb\u884c\u6eaf\u6eaa\u548c\u6c34\u67aa\u5927\u6218\u6d3b\u52a8\u3002"", ""15:30-17:00\u8fdb\u884c\u68ee\u6797\u516c\u56ed\u5f92\u6b65\u63a2\u7d22\u6d3b\u52a8\uff0c\u89c2\u5bdf\u6606\u866b\u3001\u91c7\u6458\u690d\u7269\u3002"", ""\u8d39\u7528\u5305\u542b\u666f\u533a\u95e8\u7968\u3001\u6eaf\u6eaa\u95e8\u7968\u3001\u8349\u5e3dDIY\u3001\u51b2\u51fb\u6c34\u67aa1\u628a\u3001\u6eaf\u6eaa\u978b1\u53cc\u3001\u8425\u5730\u8db3\u7403/\u98de\u76d8\u8fd0\u52a8\u9879\u76ee\u3002"", ""\u8d39\u7528\u4e0d\u5305\u542b\u5348\u9910\uff0c\u63a8\u8350\u8425\u5730\u7279\u8272\u70e7\u70e490\u5143/\u4eba\u3002"", ""18\u5c81\u4ee5\u4e0b\u672a\u6210\u5e74\u4eba\u9700\u8981\u81f3\u5c11\u4e00\u540d\u6210\u5e74\u65c5\u5ba2\u966a\u540c\u3002"", ""\u4ea7\u54c1\u4e0d\u652f\u6301\u90e8\u5206\u9000\uff0c\u5982\u9700\u6539\u671f\u9700\u7533\u8bf7\u9000\u8ba2\u540e\u91cd\u65b0\u9884\u8ba2\u3002"", ""\u884c\u7a0b\u5929\u6570\u4e3a1\u5929\uff0c\u51fa\u53d1\u5730\u548c\u76ee\u7684\u5730\u5747\u4e3a\u4e2d\u56fd-\u5e7f\u4e1c\u7701-\u5e7f\u5dde\u5e02\u3002""], ""claims"": [""\u62b5\u8fbe\u6f3e.\u5357\u6d77\u6e7e\u8425\u5730\u540e\uff0c\u60a8\u53ef\u4ee5\u53c2\u4e0e\u8349\u5e3dDIY\u6d3b\u52a8\uff0c\u65f6\u95f4\u4e3a\u4e0a\u534810:10-11:10\u3002"", ""\u8349\u5e3dDIY\u6d3b\u52a8\u53ef\u4ee5\u9009\u62e9\u559c\u6b22\u7684\u989c\u8272\uff0c\u5728\u4e13\u4e1a\u6307\u5bfc\u6216\u81ea\u7531\u53d1\u6325\u4e0b\uff0c\u5b8c\u6210\u4e00\u9876\u72ec\u4e00\u65e0\u4e8c\u7684\u8349\u5e3d\u4f5c\u54c1\u3002"", ""\u62b5\u8fbe\u6f3e.\u5357\u6d77\u6e7e\u8425\u5730\u540e\uff0c\u60a8\u53ef\u4ee5\u53c2\u4e0e\u8db3\u7403\u548c\u98de\u76d8\u6e38\u620f\uff0c\u65f6\u95f4\u4e3a\u4e0a\u534810:10-11:10\u3002"", ""\u8db3\u7403\u548c\u98de\u76d8\u6e38\u620f\u53ef\u4ee5\u4e0e\u5bb6\u4eba\u4e00\u8d77\u53c2\u4e0e\uff0c\u589e\u8fdb\u4eb2\u5b50\u5173\u7cfb\uff0c\u4eab\u53d7\u6237\u5916\u8fd0\u52a8\u7684\u5feb\u4e50\u3002"", ""\u5348\u9910\u65f6\u95f4\u4e3a11:10-13:30\uff0c\u63a8\u8350\u8425\u5730\u70e7\u70e4\u6216\u666f\u533a\u5468\u8fb9\u519c\u5bb6\u4e50\uff0c\u8d39\u7528\u81ea\u7406\u3002"", ""\u6eaf\u6eaa\u548c\u6c34\u67aa\u5927\u6218\u6d3b\u52a8\u65f6\u95f4\u4e3a14:00-15:30\u3002"", ""\u6eaf\u6eaa\u548c\u6c34\u67aa\u5927\u6218\u5728\u666f\u533a\u6e56\u6eaa\u6bb5\u8bbe\u7f6e\u7684\u6c34\u67aa\u5927\u6218\u533a\u57df\u8fdb\u884c\uff0c\u4f53\u9a8c\u6e05\u51c9\u7684\u6c34\u6218\u4e50\u8da3\u3002"", ""\u666f\u533a\u63d0\u4f9b\u4e13\u4e1a\u6c34\u67aa\uff0c\u6d3b\u52a8\u7ed3\u675f\u540e\u53ef\u81ea\u884c\u5e26\u8d70\u3002"", ""\u68ee\u6797\u516c\u56ed\u5f92\u6b65\u63a2\u7d22\u6d3b\u52a8\u65f6\u95f4\u4e3a15:30-17:00\u3002"", ""\u68ee\u6797\u516c\u56ed\u5f92\u6b65\u63a2\u7d22\u6d3b\u52a8\u5305\u62ec\u89c2\u5bdf\u6606\u866b\u3001\u91c7\u6458\u690d\u7269\uff0c\u4e86\u89e3\u5f53\u5730\u7684\u751f\u6001\u73af\u5883\u548c\u751f\u7269\u591a\u6837\u6027\u3002""], ""verdicts"": [{""verdict"": ""yes"", ""reason"": null}, {""verdict"": ""idk"", ""reason"": null}, {""verdict"": ""yes"", ""reason"": null}, {""verdict"": ""idk"", ""reason"": null}, {""verdict"": ""yes"", ""reason"": null}, {""verdict"": ""yes"", ""reason"": null}, {""verdict"": ""idk"", ""reason"": null}, {""verdict"": ""no"", ""reason"": ""The actual output claims that the water guns can be taken away after the activity, which contradicts the retrieval context stating that the fee includes one water gun but does not mention it being taken away.""}, {""verdict"": ""yes"", ""reason"": null}, {""verdict"": ""yes"", ""reason"": null}], ""score"": 0.9, ""reason"": ""The score is 0.9 because the actual output incorrectly suggests that water guns can be taken away after the activity, which is not supported by the retrieval context that only mentions the fee includes one water gun.""}}, ""answer_recall"": {""verbose_logs"": {""verdicts"": [{""verdict"": ""yes"", ""reason"": ""1st node and 2nd node in the retrieval context mention \u8349\u5e3dDIY and \u8db3\u7403\u548c\u98de\u76d8\u6e38\u620f respectively.""}], ""score"": 1.0, ""reason"": ""The score is 1.0 because the expected output perfectly aligns with the information provided in the 1st and 2nd nodes in retrieval context, capturing all the activities mentioned without any discrepancies.""}}}",6462,错误,评估问题,裁决判错,"检索无问题，是模型生成问题, 严格来说测试案例的问法也有问题",,,"第10条用例，问题为抵达漾.南海湾营地后有哪些活动？,  结果为RETRIEVAL_CONTEXT_NOISE
语义相似度得分:  0.6908385899054836
答案相关相关性得分： 0.9801161916770892
答案正确性得分： 0.4581677179810968
nv 答案正确性得分:  0.5
上下文精度得分： 0.99999999995
上下文召回得分： 1.0
nv 上下文相关性:  1.0
忠诚度得分： 1.0"
abdca0c7-e856-40a0-93bd-d1b99de25012,这个一日游活动中是否包含住宿？,不包含住宿。,"根据提供的背景知识，南海湾趣浪戏水节一日游的行程中没有包含住宿安排。具体如下：

| 名称 | 说明 |
| --- | --- |
| 费用包含 | 景区门票、溯溪门票、草帽DIY、冲击水枪1把、溯溪鞋1双、营地足球/飞盘运动项目 （大小同价） |
| 费用不包含 | 自费项目：午餐。推荐漾·南海湾营地特色烧烤90元/人或选择其他，费用自理。 |

因此，这个一日游活动中不包含住宿安排。","
====================================================================================================分片0====================================================================================================
行程安排

| D1 | D1 |
| --- | --- |
| 行程详情 | 南海湾趣浪戏水节1日游 ——上午10:10-11:10 —— 抵达漾.南海湾营地 前往草帽DIY区域，选择喜欢的颜色 在专业指导或自由发挥下，完成一顶独一无二的草帽作品 ——上午10:10-11:10 —— 抵达漾.南海湾营地 前往足球和飞盘活动区域，与家人一起参与足球比赛或飞盘投掷游戏 在运动中增进亲子关系，享受户外运动的快乐 ——11:10-13:30—— 午餐时间(推荐营地烧烤或景区周边农家乐） ——14:00-15:30—— 抵达南海湾森林生态园 专属亲子时光，毫不退缩，追本溯源，逆流而上，勇往前行。景区湖溪段设置水枪大战区域，客人自行在游玩过程中开展水枪大战，体验清凉的水战乐趣。景区统一提供专业水枪，活动结束后水枪客人可自行带走。 ——15:30-17:00—— 溯溪结束后，可沿着园区内的步道或指定路线，进行森林公园徒步探索活动 观察昆虫、采摘植物，了解当地的生态环境和生物多样性 |
| 用餐 | 早餐：X 午餐：X 晚餐：X |
| 住宿 |  |

====================================================================================================分片1====================================================================================================
# 3、牛特别提醒：此天多为无人区、无服务区、多为旱厕、建议备伞

机票含广州至兰州往返不含税机票，机票属于团队票，退票不退任何费用，不可改期、改签等。
）有行车公里数限制及部分路段维修，易发生堵车，发车时间均较早，行程内标注出发及行车时间均为预计，具体情况可能略有不同；行程内所有自由活动期间及行程外均不含用车。请予以理解！
住宿全程舒适型标准酒店，张掖升级豪华型标准酒店，大柴旦/青海湖为干净卫生双标间。1人1床位。客人自愿放弃住宿、费用不退。因西北条件有限，酒店热水分时段供应，青海部分酒店无空调、带独立卫生间。酒店不保证能安排三人间或加床，我社也不提供自然单间，单人报名或出现单男单女元/人。
用餐含7早6正，早餐为酒店配送，不吃不退；正餐餐标30元/人/正，正餐十人一桌、八菜一汤。特色餐50元/人，不吃不退。一桌不足十人菜量会根据实际人数安排或相应减少。
门票全程含行程所列景点首道门票和区间车，标注自理景点除外，（未标明的景点均不含景区门票、区间车和自费项目）。我们会根据当地实际情况在保证游览时间，景点数量不变的情况下，对行程做相应调整，感谢您的配合与支持。注意：此行程已打包特价优惠，学生证/老人证/教师证/军官证等特殊证件均无门票优惠退费，望周知。
保险我社已购买了旅行社责任险，特别提醒旅游者应当按照规定另行投保人身意外伤害保险。
导服当地优秀持证中文导游服务。送机不办理登记牌等相关事宜。请您知晓！
购物全程1个购物店（备注：景区、餐厅商场不属于旅行社所安排的购物店）
儿童身高0.8～1.2米儿童或者12岁以下，不占床不含门票，儿童含当地汽车车位费、早餐费、半价正餐、导服费、往返机票。如需占床请补交单房差，单房差680元/人。
②团费不含
1、景区内的自由活动自行参与的项目，如：园中园门票，环保车、电瓶车、小交通、沙漠活动项目
2、因不可抗力因素所引致的额外费用。
3、因旅游者违约、自身过错、自身疾病导致的人身财产损失而额外支付的费用
4、个人消费，如酒水、饮料、洒店内洗衣、电话等未提到的其它服务
HUHJIMNCJHJ>OIA/JO
③重要告知.
====================================================================================================分片2====================================================================================================
【参考酒店】敦煌慕礼酒店/敦煌石油大厦/桓宇酒店/安和大酒店/飞天大酒店/石油大厦/茉雅庄/兰新/嘉锦/玺迎缘/玺迎客滨河国际酒店/新泰大酒店天河湾酒店/丽都国际大酒店/华荣大酒店/天宇大酒店或同级别
【餐饮安排】早/中
早餐后参观见【莫高窟】（此行程含B票，若预约莫高窟A票，则需补138元的差价）（游览约2.5小时)坐落于河西走廊的西部尽头的敦煌，它的开凿从十六国时期至元代，经历了一千年才建成的，这在中国及世界都是罕见的，莫高窟的建筑规制特别，内藏玄机以石窟建筑而成的形式规制，外边朴实，内里惊艳。随后赴鸣沙山，参观【鸣沙山月牙泉】（含门票）（游览约2小时）是国家认证的5A级景区，历来以""山泉共处，沙泉共生""的奇景闻名于世，是游客最喜欢的敦煌打卡点之一。在这里，你可以看日出日落，也可以听驼铃悠扬;可以在温柔的沙海里，静默地放空;也可以从高耸的沙山顶上，奔跑而下，体验一把久违的自由。风景优美，妙趣横生，说起来，这个地方，是无愧于人们对她的钟爱与追捧。后入住酒店。
A/F温馨提示：
1、莫高窟预约及购票
1）提前30天开放预约，团队参观时间会按照订单签约时间依次进行预约，故同团中会出现预约莫高窟参观时间不一致的问题，甚至个别无票情况，我社会安排西干佛洞及敦煌博物馆代替。给您带来不便，敬请谅解！
2）莫高窟是集珍贵性、脆弱性为一体的世界文化遗产，需要我们精心的呵护。在参观过程中遇到因降雨、沙尘天气导致洞窟暂停开放，请您配合工作人员的安排，如延时开放，则推迟参观计划，如无法参观则按莫高窟规定退还门票费用。
2、莫高窟参观时间以预约时间为准、可能会根据预约时间调换参观顺序。
3、此天行程安排莫高窟B类票、（莫高窟4.1号起开始执行售完A票才售B类票、若实际运行中、门票产生为A票则需补差价138元/人）
4、敦煌地处沙漠，干旱少雨，紫外线强烈，穿衣遵循防晒、防风沙、防暑的原则
![image](/api/v1/kb/datas/images/d1ca542d-8b06-4929-93d2-47398c357bb7.jpeg) 
DAY 5．敦煌-南八仙-翡翠湖-大柴旦 (全程约 530 公里，车程约8小时）
上
【参考酒店】大柴旦黎明假日酒店/大柴旦华庭商务/大柴旦聚鑫商务/慕山丽璟假日宾/万和馨悦/红崖酒店/天成大酒店/大柴旦高原蓝/大柴旦浩宇大酒店/大柴旦晒北酒店或同级
====================================================================================================分片3====================================================================================================
# 3、牛特别提醒：此天多为无人区、无服务区、多为旱厕、建议备伞

早餐后参观前往游览【高原藏寨】（参观约90-120分钟），令领略青海藏族的风土人情，参观神秘的藏族部落，感受汉藏结合地区的茶马互市。随后前往西宁，参观【塔尔寺】（含门票，不含区间车35元/人，讲解费15元/人起)（游览约2小时）），是中国藏传佛教格鲁派六大寺院之一，也是世界第二大佛宗喀巴大师的诞生地有600多年历史，是西宁最受欢迎的旅游目的地之一。随后前往兰州，抵达后入住酒店。温馨提示：
1、在寺院里，不能用手摸佛经、佛像、法器等，更不能跨越，不允许游客拍照
2、车转经轮时，一定是从左向右，不要乱摸藏族人的头和帽子；
3、青海较为干燥，请随时注意补充水分，多饮水。紫外线强烈，请备口罩，防晒霜，太阳眼镜等物品
![image](/api/v1/kb/datas/images/4c45a420-716b-4324-9633-d202a009953e.jpeg) 
DAY8.兰州市区/新区－广州（飞行时间约3小时）
?f.rr-IrrlA 参考航班】兰州-广州/MU23055/15:30-18:40、MU2219/07:45-10:55，具体以出票航班为准
【参考酒店】温馨的家 【餐饮安排】早餐
今天您可以睡到自然醒，消除这几天来的舟车疲劳，也可以早起酒店用完早餐后自由活动，自行安排午餐后酒店集合前往【黄河风情线】，黄河风情线大景区是兰州市独有的沿河景观带，全长123公里。其中，核心段全长42公里，覆盖475万平方米，沿线建有21座主题公园，音乐喷泉、健身步道、城市书吧星罗棋布，成为兰州的]""网红打卡地""
随后根据回程航班信息合理安排时间适时前往机场。搭乘航班返回结束愉快的西北之旅。
备注：如果航班是早班机回程，当天无行程安排，请谅解！
温馨提示：
1、1临行前请旅客检查个人随身物品是否齐全！
2、今天用车为普通旅游大巴车请知悉
3、酒店退房时间为中午12点，请提前退房。
4.兰州到机场80KM/约1.5小时车程、请提前4小时前往机场、以免误机
FPSJNLIJUWVUO
全程结束祝您旅途愉快！
■【接待标准以及自费项目说明】
①团费包含.
====================================================================================================分片4====================================================================================================
其他说明

| 名称 | 说明 |
| --- | --- |
| 费用包含 | 景区门票、溯溪门票、草帽DIY、冲击水枪1把、溯溪鞋1双、营地足球/飞盘运动项目 （大小同价） |
| 费用不包含 | 自费项目：午餐。推荐漾·南海湾营地特色烧烤90元/人或选择其他，费用自理。 |
| 预订须知 | 出于安全考虑，18岁以下未成年人需要至少一名成年旅客陪同。 |
| 退改规则 | *产品不支持部分退 *如需改期，请申请退订后重新预订。 |
",ACCURACY,员工答案准确回答了考官问题，明确表示一日游活动中不包含住宿。虽然提供了额外的背景信息和费用包含、不包含的详细列表，但这些信息与核心问题的回答不冲突，且有助于理解。,19389,"{""answer_accuracy"": {""fuzz_partial_score"": 83, ""verbose_logs"": {""verdict"": {""score"": 85, ""reason"": ""\u5458\u5de5\u7b54\u6848\u51c6\u786e\u56de\u7b54\u4e86\u8003\u5b98\u95ee\u9898\uff0c\u660e\u786e\u8868\u793a\u4e00\u65e5\u6e38\u6d3b\u52a8\u4e2d\u4e0d\u5305\u542b\u4f4f\u5bbf\u3002\u867d\u7136\u63d0\u4f9b\u4e86\u989d\u5916\u7684\u80cc\u666f\u4fe1\u606f\u548c\u8d39\u7528\u5305\u542b\u3001\u4e0d\u5305\u542b\u7684\u8be6\u7ec6\u5217\u8868\uff0c\u4f46\u8fd9\u4e9b\u4fe1\u606f\u4e0e\u6838\u5fc3\u95ee\u9898\u7684\u56de\u7b54\u4e0d\u51b2\u7a81\uff0c\u4e14\u6709\u52a9\u4e8e\u7406\u89e3\u3002""}, ""score"": 85, ""reason"": ""\u5458\u5de5\u7b54\u6848\u51c6\u786e\u56de\u7b54\u4e86\u8003\u5b98\u95ee\u9898\uff0c\u660e\u786e\u8868\u793a\u4e00\u65e5\u6e38\u6d3b\u52a8\u4e2d\u4e0d\u5305\u542b\u4f4f\u5bbf\u3002\u867d\u7136\u63d0\u4f9b\u4e86\u989d\u5916\u7684\u80cc\u666f\u4fe1\u606f\u548c\u8d39\u7528\u5305\u542b\u3001\u4e0d\u5305\u542b\u7684\u8be6\u7ec6\u5217\u8868\uff0c\u4f46\u8fd9\u4e9b\u4fe1\u606f\u4e0e\u6838\u5fc3\u95ee\u9898\u7684\u56de\u7b54\u4e0d\u51b2\u7a81\uff0c\u4e14\u6709\u52a9\u4e8e\u7406\u89e3\u3002""}}, ""problem_location"": {}, ""context_recall"": {}, ""faith_fulness"": {}, ""answer_recall"": {}}",726,正确,,,,,,"第11条用例，问题为这个一日游活动中是否包含住宿？,  结果为ACCURACY
语义相似度得分:  0.6575282064406078
答案相关相关性得分： 0.7525794301446788
答案正确性得分： 0.6648389746214549
nv 答案正确性得分:  1.0
上下文精度得分： 0.8666666666377778
上下文召回得分： 1.0
nv 上下文相关性:  0.0
忠诚度得分： 1.0"
7487dd18-d7ce-4f14-9e08-90d2ec93ffeb,这次一日游的客人能够进行哪些户外运动？,客人可以进行足球比赛或飞盘投掷游戏。,"在这次南海湾趣浪戏水节一日游中，客人可以参与以下户外运动：

1. **足球比赛**：与家人一起参与，增进亲子关系。
2. **飞盘投掷游戏**：在专业指导下进行，享受户外运动的快乐。
3. **溯溪活动**：在景区湖溪段进行，体验逆流而上的乐趣。
4. **水枪大战**：景区提供专业水枪，享受清凉的水战乐趣。
5. **森林公园徒步探索**：沿着步道或指定路线进行，观察昆虫、采摘植物，了解当地生态环境。

这些活动均为行程中安排的户外运动项目，客人可以充分体验户外的乐趣。","
====================================================================================================分片0====================================================================================================
行程安排

| D1 | D1 |
| --- | --- |
| 行程详情 | 南海湾趣浪戏水节1日游 ——上午10:10-11:10 —— 抵达漾.南海湾营地 前往草帽DIY区域，选择喜欢的颜色 在专业指导或自由发挥下，完成一顶独一无二的草帽作品 ——上午10:10-11:10 —— 抵达漾.南海湾营地 前往足球和飞盘活动区域，与家人一起参与足球比赛或飞盘投掷游戏 在运动中增进亲子关系，享受户外运动的快乐 ——11:10-13:30—— 午餐时间(推荐营地烧烤或景区周边农家乐） ——14:00-15:30—— 抵达南海湾森林生态园 专属亲子时光，毫不退缩，追本溯源，逆流而上，勇往前行。景区湖溪段设置水枪大战区域，客人自行在游玩过程中开展水枪大战，体验清凉的水战乐趣。景区统一提供专业水枪，活动结束后水枪客人可自行带走。 ——15:30-17:00—— 溯溪结束后，可沿着园区内的步道或指定路线，进行森林公园徒步探索活动 观察昆虫、采摘植物，了解当地的生态环境和生物多样性 |
| 用餐 | 早餐：X 午餐：X 晚餐：X |
| 住宿 |  |

====================================================================================================分片1====================================================================================================
其他说明

| 名称 | 说明 |
| --- | --- |
| 费用包含 | 景区门票、溯溪门票、草帽DIY、冲击水枪1把、溯溪鞋1双、营地足球/飞盘运动项目 （大小同价） |
| 费用不包含 | 自费项目：午餐。推荐漾·南海湾营地特色烧烤90元/人或选择其他，费用自理。 |
| 预订须知 | 出于安全考虑，18岁以下未成年人需要至少一名成年旅客陪同。 |
| 退改规则 | *产品不支持部分退 *如需改期，请申请退订后重新预订。 |

====================================================================================================分片2====================================================================================================
# 3、牛特别提醒：此天多为无人区、无服务区、多为旱厕、建议备伞

未成年人：未满18周岁的旅游者请由家属属（因服务能力所限无法接待及限制接待的人除外）陪同参团。外籍友人：本产品网上报价适用持有大陆居民身份证的游客。如您持有其他国家或地区的护照，请在预订过程中注明。
关于退团：因本产品团费价格为包价旅游合同综合报价，故如旅客报名后临时退团，属于旅客单方面违约意见反馈：请配合导游如实填写当地的意见单，不填或虚填者归来后投诉将无法受理。
11.提示：请各组团社必需在客人前往旅游时为客人提前购买旅游意外险
（1）景点游览、自由活动、物店停留的时间以当天实际游览为准。
(2）行程中需自理门票和当地导游推荐项目，请自愿选择参加
nUKJTJHO 补充协议
甲方 (游 客) 乙方（旅行社）：
本补充协议是对旅游行程单中的行程安排，旅行社应旅游者要求，并经双方协商一致，达成本补充协议，作为包价旅游合同的组成部分，旅游者到达旅游目的地后自愿参加以下相关自费项目进行书面约定
一：参加付费娱乐升级项目补充协议。当地自费项目，自愿自费，不强迫，实际价格以景区的为准，以下仅供参考：

| 嘉峪关城楼 | 门票110元/人、电瓶车15元/人单程 |
| --- | --- |
| 鸣沙山 | 电瓶车单程10元/人，往返20元/人。骑骆驼100-120元/人， 滑沙25元/人，鞋套15元/人。 |
| 敦煌演出 | 《敦煌盛典》238元/人起 《丝路花雨》238元/人起 《又见敦煌》淡季普通298元/人，至尊588元/人 旺季普通318元/人，至尊688元/人 |
| 茶卡壹号 盐湖景区 | 区间车60、观光陀车 30、越野卡丁车100、骆驼骑行80、环湖巴士80、 竹排筏40、观光吉普车150（元/人） |
| 茶卡盐湖 | 单程小火车50、往返小火车100 |
| 青海湖 | 区间车20元/人，游船140-180元/人 |
| 塔尔寺 | 区间车35元/人、讲解费15元/人起（必消项目、根据人数核算费用） |
| 特色美食 | 敦煌大漠风情宴1880元/桌烤全羊1980元/只起 |
| 水上雅丹 | 区间车60元/人 |
| 翡翠湖 | 区间车60元/人 |

====================================================================================================分片3====================================================================================================
# 3、牛特别提醒：此天多为无人区、无服务区、多为旱厕、建议备伞

机票含广州至兰州往返不含税机票，机票属于团队票，退票不退任何费用，不可改期、改签等。
）有行车公里数限制及部分路段维修，易发生堵车，发车时间均较早，行程内标注出发及行车时间均为预计，具体情况可能略有不同；行程内所有自由活动期间及行程外均不含用车。请予以理解！
住宿全程舒适型标准酒店，张掖升级豪华型标准酒店，大柴旦/青海湖为干净卫生双标间。1人1床位。客人自愿放弃住宿、费用不退。因西北条件有限，酒店热水分时段供应，青海部分酒店无空调、带独立卫生间。酒店不保证能安排三人间或加床，我社也不提供自然单间，单人报名或出现单男单女元/人。
用餐含7早6正，早餐为酒店配送，不吃不退；正餐餐标30元/人/正，正餐十人一桌、八菜一汤。特色餐50元/人，不吃不退。一桌不足十人菜量会根据实际人数安排或相应减少。
门票全程含行程所列景点首道门票和区间车，标注自理景点除外，（未标明的景点均不含景区门票、区间车和自费项目）。我们会根据当地实际情况在保证游览时间，景点数量不变的情况下，对行程做相应调整，感谢您的配合与支持。注意：此行程已打包特价优惠，学生证/老人证/教师证/军官证等特殊证件均无门票优惠退费，望周知。
保险我社已购买了旅行社责任险，特别提醒旅游者应当按照规定另行投保人身意外伤害保险。
导服当地优秀持证中文导游服务。送机不办理登记牌等相关事宜。请您知晓！
购物全程1个购物店（备注：景区、餐厅商场不属于旅行社所安排的购物店）
儿童身高0.8～1.2米儿童或者12岁以下，不占床不含门票，儿童含当地汽车车位费、早餐费、半价正餐、导服费、往返机票。如需占床请补交单房差，单房差680元/人。
②团费不含
1、景区内的自由活动自行参与的项目，如：园中园门票，环保车、电瓶车、小交通、沙漠活动项目
2、因不可抗力因素所引致的额外费用。
3、因旅游者违约、自身过错、自身疾病导致的人身财产损失而额外支付的费用
4、个人消费，如酒水、饮料、洒店内洗衣、电话等未提到的其它服务
HUHJIMNCJHJ>OIA/JO
③重要告知.
====================================================================================================分片4====================================================================================================
南海湾趣浪戏水节一日游

| 产品编号 |  | 出发地 | 中国-广东省-广州市 | 目的地 | 中国-广东省-广州市 |
| --- | --- | --- | --- | --- | --- |
| 行程天数 | 1 | 去程交通 | 无 | 返程交通 | 无 |
| 门市价 |  | 最近班期 |  |  |  |
| 参考航班 |  |  |  |  |  |
| 产品亮点 |  |  |  |  |  |
",RETRIEVAL_CONTEXT_NOISE,"The score is 1.0 because the expected output perfectly aligns with the 1st and 2nd nodes in retrieval context, capturing all the key activities mentioned.",62532,"{""answer_accuracy"": {""fuzz_partial_score"": 33, ""verbose_logs"": {""verdict"": {""score"": 40, ""reason"": ""\u5458\u5de5\u7b54\u6848\u4e2d\u867d\u7136\u63d0\u5230\u4e86\u6807\u51c6\u7b54\u6848\u4e2d\u7684\u8db3\u7403\u6bd4\u8d5b\u548c\u98de\u76d8\u6295\u63b7\u6e38\u620f\uff0c\u4f46\u989d\u5916\u589e\u52a0\u4e86\u6eaf\u6eaa\u6d3b\u52a8\u3001\u6c34\u67aa\u5927\u6218\u548c\u68ee\u6797\u516c\u56ed\u5f92\u6b65\u63a2\u7d22\uff0c\u8d85\u51fa\u6807\u51c6\u7b54\u6848\u8303\u56f4\u76843\u4e2a\u5173\u952e\u70b9\uff0c\u5bfc\u81f4\u6263\u5206\u3002""}, ""score"": 40, ""reason"": ""\u5458\u5de5\u7b54\u6848\u4e2d\u867d\u7136\u63d0\u5230\u4e86\u6807\u51c6\u7b54\u6848\u4e2d\u7684\u8db3\u7403\u6bd4\u8d5b\u548c\u98de\u76d8\u6295\u63b7\u6e38\u620f\uff0c\u4f46\u989d\u5916\u589e\u52a0\u4e86\u6eaf\u6eaa\u6d3b\u52a8\u3001\u6c34\u67aa\u5927\u6218\u548c\u68ee\u6797\u516c\u56ed\u5f92\u6b65\u63a2\u7d22\uff0c\u8d85\u51fa\u6807\u51c6\u7b54\u6848\u8303\u56f4\u76843\u4e2a\u5173\u952e\u70b9\uff0c\u5bfc\u81f4\u6263\u5206\u3002""}}, ""problem_location"": {""fuzz_partial_score"": 67, ""verbose_logs"": {""verdict"": {""answer"": 95, ""reason"": ""\u6807\u51c6\u7b54\u6848\u4e2d\u7684\u5173\u952e\u77e5\u8bc6\u70b9'\u8db3\u7403\u6bd4\u8d5b\u6216\u98de\u76d8\u6295\u63b7\u6e38\u620f'\u5728\u68c0\u7d22\u5230\u7684\u4e0a\u4e0b\u6587\u4e2d\u5b8c\u5168\u4e00\u81f4\u5730\u51fa\u73b0\uff0c\u4e14\u8868\u8fbe\u548c\u63cf\u8ff0\u4e0a\u5b8c\u5168\u4e00\u81f4\u3002""}, ""score"": 95, ""reason"": ""\u6807\u51c6\u7b54\u6848\u4e2d\u7684\u5173\u952e\u77e5\u8bc6\u70b9'\u8db3\u7403\u6bd4\u8d5b\u6216\u98de\u76d8\u6295\u63b7\u6e38\u620f'\u5728\u68c0\u7d22\u5230\u7684\u4e0a\u4e0b\u6587\u4e2d\u5b8c\u5168\u4e00\u81f4\u5730\u51fa\u73b0\uff0c\u4e14\u8868\u8fbe\u548c\u63cf\u8ff0\u4e0a\u5b8c\u5168\u4e00\u81f4\u3002""}}, ""context_recall"": {}, ""faith_fulness"": {""verbose_logs"": {""truths"": [""\u884c\u7a0b\u5b89\u6392\u5305\u62ec\u4e0a\u534810:10-11:10\u62b5\u8fbe\u5357\u6d77\u6e7e\u8425\u5730\uff0c\u8fdb\u884c\u8349\u5e3dDIY\u548c\u8db3\u7403\u3001\u98de\u76d8\u6d3b\u52a8\u3002"", ""\u5348\u9910\u65f6\u95f4\u4e3a11:10-13:30\uff0c\u63a8\u8350\u8425\u5730\u70e7\u70e4\u6216\u666f\u533a\u5468\u8fb9\u519c\u5bb6\u4e50\u3002"", ""14:00-15:30\u5728\u5357\u6d77\u6e7e\u68ee\u6797\u751f\u6001\u56ed\u8fdb\u884c\u6eaf\u6eaa\u548c\u6c34\u67aa\u5927\u6218\u6d3b\u52a8\uff0c\u6d3b\u52a8\u7ed3\u675f\u540e\u6c34\u67aa\u53ef\u5e26\u8d70\u3002"", ""15:30-17:00\u8fdb\u884c\u68ee\u6797\u516c\u56ed\u5f92\u6b65\u63a2\u7d22\u6d3b\u52a8\uff0c\u89c2\u5bdf\u6606\u866b\u3001\u91c7\u6458\u690d\u7269\uff0c\u4e86\u89e3\u5f53\u5730\u751f\u6001\u73af\u5883\u3002"", ""\u8d39\u7528\u5305\u542b\u666f\u533a\u95e8\u7968\u3001\u6eaf\u6eaa\u95e8\u7968\u3001\u8349\u5e3dDIY\u3001\u51b2\u51fb\u6c34\u67aa1\u628a\u3001\u6eaf\u6eaa\u978b1\u53cc\u3001\u8425\u5730\u8db3\u7403/\u98de\u76d8\u8fd0\u52a8\u9879\u76ee\u3002"", ""\u8d39\u7528\u4e0d\u5305\u542b\u5348\u9910\uff0c\u63a8\u8350\u8425\u5730\u7279\u8272\u70e7\u70e490\u5143/\u4eba\u6216\u9009\u62e9\u5176\u4ed6\uff0c\u8d39\u7528\u81ea\u7406\u3002"", ""18\u5c81\u4ee5\u4e0b\u672a\u6210\u5e74\u4eba\u9700\u8981\u81f3\u5c11\u4e00\u540d\u6210\u5e74\u65c5\u5ba2\u966a\u540c\u3002"", ""\u884c\u7a0b\u4e2d\u591a\u4e3a\u65e0\u4eba\u533a\u3001\u65e0\u670d\u52a1\u533a\u3001\u591a\u4e3a\u65f1\u5395\uff0c\u5efa\u8bae\u5907\u4f1e\u3002"", ""\u884c\u7a0b\u5b89\u6392\u4e3a1\u5929\uff0c\u51fa\u53d1\u5730\u548c\u76ee\u7684\u5730\u5747\u4e3a\u4e2d\u56fd-\u5e7f\u4e1c\u7701-\u5e7f\u5dde\u5e02\u3002""], ""claims"": [""\u5728\u8fd9\u6b21\u5357\u6d77\u6e7e\u8da3\u6d6a\u620f\u6c34\u8282\u4e00\u65e5\u6e38\u4e2d\uff0c\u5ba2\u4eba\u53ef\u4ee5\u53c2\u4e0e\u8db3\u7403\u6bd4\u8d5b\u3001\u98de\u76d8\u6295\u63b7\u6e38\u620f\u3001\u6eaf\u6eaa\u6d3b\u52a8\u3001\u6c34\u67aa\u5927\u6218\u548c\u68ee\u6797\u516c\u56ed\u5f92\u6b65\u63a2\u7d22\u3002"", ""\u8db3\u7403\u6bd4\u8d5b\u53ef\u4ee5\u4e0e\u5bb6\u4eba\u4e00\u8d77\u53c2\u4e0e\uff0c\u589e\u8fdb\u4eb2\u5b50\u5173\u7cfb\u3002"", ""\u98de\u76d8\u6295\u63b7\u6e38\u620f\u5728\u4e13\u4e1a\u6307\u5bfc\u4e0b\u8fdb\u884c\uff0c\u4eab\u53d7\u6237\u5916\u8fd0\u52a8\u7684\u5feb\u4e50\u3002"", ""\u6eaf\u6eaa\u6d3b\u52a8\u5728\u666f\u533a\u6e56\u6eaa\u6bb5\u8fdb\u884c\uff0c\u4f53\u9a8c\u9006\u6d41\u800c\u4e0a\u7684\u4e50\u8da3\u3002"", ""\u6c34\u67aa\u5927\u6218\u4e2d\uff0c\u666f\u533a\u63d0\u4f9b\u4e13\u4e1a\u6c34\u67aa\uff0c\u4eab\u53d7\u6e05\u51c9\u7684\u6c34\u6218\u4e50\u8da3\u3002"", ""\u68ee\u6797\u516c\u56ed\u5f92\u6b65\u63a2\u7d22\u6cbf\u7740\u6b65\u9053\u6216\u6307\u5b9a\u8def\u7ebf\u8fdb\u884c\uff0c\u89c2\u5bdf\u6606\u866b\u3001\u91c7\u6458\u690d\u7269\uff0c\u4e86\u89e3\u5f53\u5730\u751f\u6001\u73af\u5883\u3002"", ""\u8fd9\u4e9b\u6d3b\u52a8\u5747\u4e3a\u884c\u7a0b\u4e2d\u5b89\u6392\u7684\u6237\u5916\u8fd0\u52a8\u9879\u76ee\uff0c\u5ba2\u4eba\u53ef\u4ee5\u5145\u5206\u4f53\u9a8c\u6237\u5916\u7684\u4e50\u8da3\u3002""], ""verdicts"": [{""verdict"": ""yes"", ""reason"": null}, {""verdict"": ""idk"", ""reason"": null}, {""verdict"": ""idk"", ""reason"": null}, {""verdict"": ""yes"", ""reason"": null}, {""verdict"": ""yes"", ""reason"": null}, {""verdict"": ""yes"", ""reason"": null}, {""verdict"": ""yes"", ""reason"": null}], ""score"": 1.0, ""reason"": ""The score is 1.0 because there are no contradictions, indicating that the actual output is perfectly aligned with the retrieval context.""}}, ""answer_recall"": {""verbose_logs"": {""verdicts"": [{""verdict"": ""yes"", ""reason"": ""1st and 2nd nodes in the retrieval context mention \u8db3\u7403\u6bd4\u8d5b and \u98de\u76d8\u6295\u63b7\u6e38\u620f, respectively.""}], ""score"": 1.0, ""reason"": ""The score is 1.0 because the expected output perfectly aligns with the 1st and 2nd nodes in retrieval context, capturing all the key activities mentioned.""}}}",8612,idk,QA问题,QA答案不全,正确Anwer就是模型的回答,,,
9f7b08ae-fe06-40ca-a418-27cfafe4a1ed,小孩能否参加溯溪活动？,18岁以下的未成年人需要陪同,小孩可以参加溯溪活动，但需要一名成年旅客陪同。根据行程安排中的预订须知，出于安全考虑，18岁以下未成年人需要至少一名成年旅客陪同。,"
====================================================================================================分片0====================================================================================================
其他说明

| 名称 | 说明 |
| --- | --- |
| 费用包含 | 景区门票、溯溪门票、草帽DIY、冲击水枪1把、溯溪鞋1双、营地足球/飞盘运动项目 （大小同价） |
| 费用不包含 | 自费项目：午餐。推荐漾·南海湾营地特色烧烤90元/人或选择其他，费用自理。 |
| 预订须知 | 出于安全考虑，18岁以下未成年人需要至少一名成年旅客陪同。 |
| 退改规则 | *产品不支持部分退 *如需改期，请申请退订后重新预订。 |

====================================================================================================分片1====================================================================================================
行程安排

| D1 | D1 |
| --- | --- |
| 行程详情 | 南海湾趣浪戏水节1日游 ——上午10:10-11:10 —— 抵达漾.南海湾营地 前往草帽DIY区域，选择喜欢的颜色 在专业指导或自由发挥下，完成一顶独一无二的草帽作品 ——上午10:10-11:10 —— 抵达漾.南海湾营地 前往足球和飞盘活动区域，与家人一起参与足球比赛或飞盘投掷游戏 在运动中增进亲子关系，享受户外运动的快乐 ——11:10-13:30—— 午餐时间(推荐营地烧烤或景区周边农家乐） ——14:00-15:30—— 抵达南海湾森林生态园 专属亲子时光，毫不退缩，追本溯源，逆流而上，勇往前行。景区湖溪段设置水枪大战区域，客人自行在游玩过程中开展水枪大战，体验清凉的水战乐趣。景区统一提供专业水枪，活动结束后水枪客人可自行带走。 ——15:30-17:00—— 溯溪结束后，可沿着园区内的步道或指定路线，进行森林公园徒步探索活动 观察昆虫、采摘植物，了解当地的生态环境和生物多样性 |
| 用餐 | 早餐：X 午餐：X 晚餐：X |
| 住宿 |  |

====================================================================================================分片2====================================================================================================
# 3、牛特别提醒：此天多为无人区、无服务区、多为旱厕、建议备伞

未成年人：未满18周岁的旅游者请由家属属（因服务能力所限无法接待及限制接待的人除外）陪同参团。外籍友人：本产品网上报价适用持有大陆居民身份证的游客。如您持有其他国家或地区的护照，请在预订过程中注明。
关于退团：因本产品团费价格为包价旅游合同综合报价，故如旅客报名后临时退团，属于旅客单方面违约意见反馈：请配合导游如实填写当地的意见单，不填或虚填者归来后投诉将无法受理。
11.提示：请各组团社必需在客人前往旅游时为客人提前购买旅游意外险
（1）景点游览、自由活动、物店停留的时间以当天实际游览为准。
(2）行程中需自理门票和当地导游推荐项目，请自愿选择参加
nUKJTJHO 补充协议
甲方 (游 客) 乙方（旅行社）：
本补充协议是对旅游行程单中的行程安排，旅行社应旅游者要求，并经双方协商一致，达成本补充协议，作为包价旅游合同的组成部分，旅游者到达旅游目的地后自愿参加以下相关自费项目进行书面约定
一：参加付费娱乐升级项目补充协议。当地自费项目，自愿自费，不强迫，实际价格以景区的为准，以下仅供参考：

| 嘉峪关城楼 | 门票110元/人、电瓶车15元/人单程 |
| --- | --- |
| 鸣沙山 | 电瓶车单程10元/人，往返20元/人。骑骆驼100-120元/人， 滑沙25元/人，鞋套15元/人。 |
| 敦煌演出 | 《敦煌盛典》238元/人起 《丝路花雨》238元/人起 《又见敦煌》淡季普通298元/人，至尊588元/人 旺季普通318元/人，至尊688元/人 |
| 茶卡壹号 盐湖景区 | 区间车60、观光陀车 30、越野卡丁车100、骆驼骑行80、环湖巴士80、 竹排筏40、观光吉普车150（元/人） |
| 茶卡盐湖 | 单程小火车50、往返小火车100 |
| 青海湖 | 区间车20元/人，游船140-180元/人 |
| 塔尔寺 | 区间车35元/人、讲解费15元/人起（必消项目、根据人数核算费用） |
| 特色美食 | 敦煌大漠风情宴1880元/桌烤全羊1980元/只起 |
| 水上雅丹 | 区间车60元/人 |
| 翡翠湖 | 区间车60元/人 |

====================================================================================================分片3====================================================================================================
# 3、牛特别提醒：此天多为无人区、无服务区、多为旱厕、建议备伞

应国家最高人民法院失信人（包括失信人被执行人、限制消费人员）不得乘坐飞机之规定，各大航空公司不允许失信人购买飞机票：（详情参见：中国执行信息公开网相关声明http://zxgk.court.gov.cn)。如果游客属于失信人请勿报团出行！如已列为失信人的游客仍决定参团出游的，请于报名缴费前向旅行社明确说明此情况，由旅行社安排是否参团。
如游客违反告知义务，需自行承担旅游不能成行、购机票不能退回的损失天（包括占位虚耗机位未能出票的机票全款损失）旅行社将按照旅游法之规定退款，且不能开具任何发票。游客违反告知义务，若法制航空公司全团旅客座位，将承担其他游客的购票损失即不能按时出行之损失的赔偿责任。，国家失信人验证官网为: http://shixin.court.qov.cn
④出游提示.
1、西北地区昼夜温差大，即使在夏季也建议您带两件较厚的衣物，及时增添衣物，有备无患。此外请准备防晒用品如防晒霜及防紫外线眼镜
2、青海湖3200米-3500米左右，紫外线较强，加之旅游本身是件较为辛苦的事情，请游客在旅游西部美丽风光的同时也做好长途旅行的心理准备。
3、西北地区由于地域辽阔，和东部地区存在一定的时差（约相差1-1.5小时），景点之间车程较长，请游客在来西北旅游时注意休息调配好时间，以充足的体力参加旅游活动。另外穿一双合脚、透气性好的鞋，可以为您的旅途省去不必要的麻烦，让您的心思能全部放在景点上。
4、来到青海，特色之一是清真餐多，汉餐少，在饮食口味上您要有心理准备，还有受旅游地自然条件限制，景点沿途餐厅的条件与内陆旅游发达地区相比较，无论从软硬件设施或饭菜质量都有一定的差距，且北方大部分地区口味偏重，喜辛辣。但我们尽最大努力与餐厅协调，满足不同游客的需求。藏区的酥油茶之类食品不太适合内地人肠胃，不能多吃。当地有待客的酥油茶空碗必重新添满的习俗，故建议始终保持碗内酥油茶三分之二满，如此既不伤害藏民感情又保护自己，建议携带黄莲素之类止泻药。部分清真餐厅不允许喝酒，请入乡随俗。",ACCURACY,员工答案准确回答了考官问题，指出18岁以下未成年人需要成年旅客陪同，但额外提到了行程安排中的预订须知，属于超出标准答案范围的内容，扣5分。,13953,"{""answer_accuracy"": {""fuzz_partial_score"": 79, ""verbose_logs"": {""verdict"": {""score"": 85, ""reason"": ""\u5458\u5de5\u7b54\u6848\u51c6\u786e\u56de\u7b54\u4e86\u8003\u5b98\u95ee\u9898\uff0c\u6307\u51fa18\u5c81\u4ee5\u4e0b\u672a\u6210\u5e74\u4eba\u9700\u8981\u6210\u5e74\u65c5\u5ba2\u966a\u540c\uff0c\u4f46\u989d\u5916\u63d0\u5230\u4e86\u884c\u7a0b\u5b89\u6392\u4e2d\u7684\u9884\u8ba2\u987b\u77e5\uff0c\u5c5e\u4e8e\u8d85\u51fa\u6807\u51c6\u7b54\u6848\u8303\u56f4\u7684\u5185\u5bb9\uff0c\u62635\u5206\u3002""}, ""score"": 85, ""reason"": ""\u5458\u5de5\u7b54\u6848\u51c6\u786e\u56de\u7b54\u4e86\u8003\u5b98\u95ee\u9898\uff0c\u6307\u51fa18\u5c81\u4ee5\u4e0b\u672a\u6210\u5e74\u4eba\u9700\u8981\u6210\u5e74\u65c5\u5ba2\u966a\u540c\uff0c\u4f46\u989d\u5916\u63d0\u5230\u4e86\u884c\u7a0b\u5b89\u6392\u4e2d\u7684\u9884\u8ba2\u987b\u77e5\uff0c\u5c5e\u4e8e\u8d85\u51fa\u6807\u51c6\u7b54\u6848\u8303\u56f4\u7684\u5185\u5bb9\uff0c\u62635\u5206\u3002""}}, ""problem_location"": {}, ""context_recall"": {}, ""faith_fulness"": {}, ""answer_recall"": {}}",632,正确,,,,,,
ab2743ec-e9e5-4749-aea6-17ffe3eb6ce1,溯溪结束后还有活动吗,客人可以在南海湾森林生态园的步道或指定路线进行徒步探索活动。,是的，溯溪结束后，游客可以参加森林公园徒步探索活动。在15:30至17:00期间，游客可以沿着园区内的步道或指定路线进行徒步，观察昆虫、采摘植物，并了解当地的生态环境和生物多样性。,"
====================================================================================================分片0====================================================================================================
行程安排

| D1 | D1 |
| --- | --- |
| 行程详情 | 南海湾趣浪戏水节1日游 ——上午10:10-11:10 —— 抵达漾.南海湾营地 前往草帽DIY区域，选择喜欢的颜色 在专业指导或自由发挥下，完成一顶独一无二的草帽作品 ——上午10:10-11:10 —— 抵达漾.南海湾营地 前往足球和飞盘活动区域，与家人一起参与足球比赛或飞盘投掷游戏 在运动中增进亲子关系，享受户外运动的快乐 ——11:10-13:30—— 午餐时间(推荐营地烧烤或景区周边农家乐） ——14:00-15:30—— 抵达南海湾森林生态园 专属亲子时光，毫不退缩，追本溯源，逆流而上，勇往前行。景区湖溪段设置水枪大战区域，客人自行在游玩过程中开展水枪大战，体验清凉的水战乐趣。景区统一提供专业水枪，活动结束后水枪客人可自行带走。 ——15:30-17:00—— 溯溪结束后，可沿着园区内的步道或指定路线，进行森林公园徒步探索活动 观察昆虫、采摘植物，了解当地的生态环境和生物多样性 |
| 用餐 | 早餐：X 午餐：X 晚餐：X |
| 住宿 |  |

====================================================================================================分片1====================================================================================================
其他说明

| 名称 | 说明 |
| --- | --- |
| 费用包含 | 景区门票、溯溪门票、草帽DIY、冲击水枪1把、溯溪鞋1双、营地足球/飞盘运动项目 （大小同价） |
| 费用不包含 | 自费项目：午餐。推荐漾·南海湾营地特色烧烤90元/人或选择其他，费用自理。 |
| 预订须知 | 出于安全考虑，18岁以下未成年人需要至少一名成年旅客陪同。 |
| 退改规则 | *产品不支持部分退 *如需改期，请申请退订后重新预订。 |
",ACCURACY,员工答案正面回答了考官问题，提到了徒步探索活动，并且提供了具体的时间和活动内容。虽然比标准答案多了具体的时间和活动细节，但这些额外信息并未偏离主题，且有助于丰富回答。,11915,"{""answer_accuracy"": {""fuzz_partial_score"": 53, ""verbose_logs"": {""verdict"": {""score"": 85, ""reason"": ""\u5458\u5de5\u7b54\u6848\u6b63\u9762\u56de\u7b54\u4e86\u8003\u5b98\u95ee\u9898\uff0c\u63d0\u5230\u4e86\u5f92\u6b65\u63a2\u7d22\u6d3b\u52a8\uff0c\u5e76\u4e14\u63d0\u4f9b\u4e86\u5177\u4f53\u7684\u65f6\u95f4\u548c\u6d3b\u52a8\u5185\u5bb9\u3002\u867d\u7136\u6bd4\u6807\u51c6\u7b54\u6848\u591a\u4e86\u5177\u4f53\u7684\u65f6\u95f4\u548c\u6d3b\u52a8\u7ec6\u8282\uff0c\u4f46\u8fd9\u4e9b\u989d\u5916\u4fe1\u606f\u5e76\u672a\u504f\u79bb\u4e3b\u9898\uff0c\u4e14\u6709\u52a9\u4e8e\u4e30\u5bcc\u56de\u7b54\u3002""}, ""score"": 85, ""reason"": ""\u5458\u5de5\u7b54\u6848\u6b63\u9762\u56de\u7b54\u4e86\u8003\u5b98\u95ee\u9898\uff0c\u63d0\u5230\u4e86\u5f92\u6b65\u63a2\u7d22\u6d3b\u52a8\uff0c\u5e76\u4e14\u63d0\u4f9b\u4e86\u5177\u4f53\u7684\u65f6\u95f4\u548c\u6d3b\u52a8\u5185\u5bb9\u3002\u867d\u7136\u6bd4\u6807\u51c6\u7b54\u6848\u591a\u4e86\u5177\u4f53\u7684\u65f6\u95f4\u548c\u6d3b\u52a8\u7ec6\u8282\uff0c\u4f46\u8fd9\u4e9b\u989d\u5916\u4fe1\u606f\u5e76\u672a\u504f\u79bb\u4e3b\u9898\uff0c\u4e14\u6709\u52a9\u4e8e\u4e30\u5bcc\u56de\u7b54\u3002""}}, ""problem_location"": {}, ""context_recall"": {}, ""faith_fulness"": {}, ""answer_recall"": {}}",663,正确,,,,,,
1bb66f11-6c4d-4cff-8941-6918d5d14dfd,在此次一日游中是否需要自带溯溪鞋？,不需要，费用包含了溯溪鞋。,在此次一日游中，不需要自带溯溪鞋。费用包含部分明确提到会提供溯溪鞋1双，因此游客无需自行携带。,"
====================================================================================================分片0====================================================================================================
其他说明

| 名称 | 说明 |
| --- | --- |
| 费用包含 | 景区门票、溯溪门票、草帽DIY、冲击水枪1把、溯溪鞋1双、营地足球/飞盘运动项目 （大小同价） |
| 费用不包含 | 自费项目：午餐。推荐漾·南海湾营地特色烧烤90元/人或选择其他，费用自理。 |
| 预订须知 | 出于安全考虑，18岁以下未成年人需要至少一名成年旅客陪同。 |
| 退改规则 | *产品不支持部分退 *如需改期，请申请退订后重新预订。 |

====================================================================================================分片1====================================================================================================
行程安排

| D1 | D1 |
| --- | --- |
| 行程详情 | 南海湾趣浪戏水节1日游 ——上午10:10-11:10 —— 抵达漾.南海湾营地 前往草帽DIY区域，选择喜欢的颜色 在专业指导或自由发挥下，完成一顶独一无二的草帽作品 ——上午10:10-11:10 —— 抵达漾.南海湾营地 前往足球和飞盘活动区域，与家人一起参与足球比赛或飞盘投掷游戏 在运动中增进亲子关系，享受户外运动的快乐 ——11:10-13:30—— 午餐时间(推荐营地烧烤或景区周边农家乐） ——14:00-15:30—— 抵达南海湾森林生态园 专属亲子时光，毫不退缩，追本溯源，逆流而上，勇往前行。景区湖溪段设置水枪大战区域，客人自行在游玩过程中开展水枪大战，体验清凉的水战乐趣。景区统一提供专业水枪，活动结束后水枪客人可自行带走。 ——15:30-17:00—— 溯溪结束后，可沿着园区内的步道或指定路线，进行森林公园徒步探索活动 观察昆虫、采摘植物，了解当地的生态环境和生物多样性 |
| 用餐 | 早餐：X 午餐：X 晚餐：X |
| 住宿 |  |

====================================================================================================分片2====================================================================================================
# 3、牛特别提醒：此天多为无人区、无服务区、多为旱厕、建议备伞

应国家最高人民法院失信人（包括失信人被执行人、限制消费人员）不得乘坐飞机之规定，各大航空公司不允许失信人购买飞机票：（详情参见：中国执行信息公开网相关声明http://zxgk.court.gov.cn)。如果游客属于失信人请勿报团出行！如已列为失信人的游客仍决定参团出游的，请于报名缴费前向旅行社明确说明此情况，由旅行社安排是否参团。
如游客违反告知义务，需自行承担旅游不能成行、购机票不能退回的损失天（包括占位虚耗机位未能出票的机票全款损失）旅行社将按照旅游法之规定退款，且不能开具任何发票。游客违反告知义务，若法制航空公司全团旅客座位，将承担其他游客的购票损失即不能按时出行之损失的赔偿责任。，国家失信人验证官网为: http://shixin.court.qov.cn
④出游提示.
1、西北地区昼夜温差大，即使在夏季也建议您带两件较厚的衣物，及时增添衣物，有备无患。此外请准备防晒用品如防晒霜及防紫外线眼镜
2、青海湖3200米-3500米左右，紫外线较强，加之旅游本身是件较为辛苦的事情，请游客在旅游西部美丽风光的同时也做好长途旅行的心理准备。
3、西北地区由于地域辽阔，和东部地区存在一定的时差（约相差1-1.5小时），景点之间车程较长，请游客在来西北旅游时注意休息调配好时间，以充足的体力参加旅游活动。另外穿一双合脚、透气性好的鞋，可以为您的旅途省去不必要的麻烦，让您的心思能全部放在景点上。
4、来到青海，特色之一是清真餐多，汉餐少，在饮食口味上您要有心理准备，还有受旅游地自然条件限制，景点沿途餐厅的条件与内陆旅游发达地区相比较，无论从软硬件设施或饭菜质量都有一定的差距，且北方大部分地区口味偏重，喜辛辣。但我们尽最大努力与餐厅协调，满足不同游客的需求。藏区的酥油茶之类食品不太适合内地人肠胃，不能多吃。当地有待客的酥油茶空碗必重新添满的习俗，故建议始终保持碗内酥油茶三分之二满，如此既不伤害藏民感情又保护自己，建议携带黄莲素之类止泻药。部分清真餐厅不允许喝酒，请入乡随俗。
====================================================================================================分片3====================================================================================================
南海湾趣浪戏水节一日游

| 产品编号 |  | 出发地 | 中国-广东省-广州市 | 目的地 | 中国-广东省-广州市 |
| --- | --- | --- | --- | --- | --- |
| 行程天数 | 1 | 去程交通 | 无 | 返程交通 | 无 |
| 门市价 |  | 最近班期 |  |  |  |
| 参考航班 |  |  |  |  |  |
| 产品亮点 |  |  |  |  |  |
",ACCURACY,员工答案和标准答案的关键点完全一致，明确回答了不需要自带溯溪鞋，费用中已包含溯溪鞋。,12908,"{""answer_accuracy"": {""fuzz_partial_score"": 54, ""verbose_logs"": {""verdict"": {""score"": 100, ""reason"": ""\u5458\u5de5\u7b54\u6848\u548c\u6807\u51c6\u7b54\u6848\u7684\u5173\u952e\u70b9\u5b8c\u5168\u4e00\u81f4\uff0c\u660e\u786e\u56de\u7b54\u4e86\u4e0d\u9700\u8981\u81ea\u5e26\u6eaf\u6eaa\u978b\uff0c\u8d39\u7528\u4e2d\u5df2\u5305\u542b\u6eaf\u6eaa\u978b\u3002""}, ""score"": 100, ""reason"": ""\u5458\u5de5\u7b54\u6848\u548c\u6807\u51c6\u7b54\u6848\u7684\u5173\u952e\u70b9\u5b8c\u5168\u4e00\u81f4\uff0c\u660e\u786e\u56de\u7b54\u4e86\u4e0d\u9700\u8981\u81ea\u5e26\u6eaf\u6eaa\u978b\uff0c\u8d39\u7528\u4e2d\u5df2\u5305\u542b\u6eaf\u6eaa\u978b\u3002""}}, ""problem_location"": {}, ""context_recall"": {}, ""faith_fulness"": {}, ""answer_recall"": {}}",615,正确,,,,,,
77d73bea-5ea6-459e-ae47-e7ee3f36a099,南海湾趣浪戏水节一日游如果选择午餐特色烧烤，费用是多少？,特色烧烤费用是90元/人。,如果选择午餐特色烧烤，费用是90元/人。,"
====================================================================================================分片0====================================================================================================
其他说明

| 名称 | 说明 |
| --- | --- |
| 费用包含 | 景区门票、溯溪门票、草帽DIY、冲击水枪1把、溯溪鞋1双、营地足球/飞盘运动项目 （大小同价） |
| 费用不包含 | 自费项目：午餐。推荐漾·南海湾营地特色烧烤90元/人或选择其他，费用自理。 |
| 预订须知 | 出于安全考虑，18岁以下未成年人需要至少一名成年旅客陪同。 |
| 退改规则 | *产品不支持部分退 *如需改期，请申请退订后重新预订。 |

====================================================================================================分片1====================================================================================================
行程安排

| D1 | D1 |
| --- | --- |
| 行程详情 | 南海湾趣浪戏水节1日游 ——上午10:10-11:10 —— 抵达漾.南海湾营地 前往草帽DIY区域，选择喜欢的颜色 在专业指导或自由发挥下，完成一顶独一无二的草帽作品 ——上午10:10-11:10 —— 抵达漾.南海湾营地 前往足球和飞盘活动区域，与家人一起参与足球比赛或飞盘投掷游戏 在运动中增进亲子关系，享受户外运动的快乐 ——11:10-13:30—— 午餐时间(推荐营地烧烤或景区周边农家乐） ——14:00-15:30—— 抵达南海湾森林生态园 专属亲子时光，毫不退缩，追本溯源，逆流而上，勇往前行。景区湖溪段设置水枪大战区域，客人自行在游玩过程中开展水枪大战，体验清凉的水战乐趣。景区统一提供专业水枪，活动结束后水枪客人可自行带走。 ——15:30-17:00—— 溯溪结束后，可沿着园区内的步道或指定路线，进行森林公园徒步探索活动 观察昆虫、采摘植物，了解当地的生态环境和生物多样性 |
| 用餐 | 早餐：X 午餐：X 晚餐：X |
| 住宿 |  |

====================================================================================================分片2====================================================================================================
南海湾趣浪戏水节一日游

| 产品编号 |  | 出发地 | 中国-广东省-广州市 | 目的地 | 中国-广东省-广州市 |
| --- | --- | --- | --- | --- | --- |
| 行程天数 | 1 | 去程交通 | 无 | 返程交通 | 无 |
| 门市价 |  | 最近班期 |  |  |  |
| 参考航班 |  |  |  |  |  |
| 产品亮点 |  |  |  |  |  |
",ACCURACY,,8372,"{""answer_accuracy"": {""fuzz_partial_score"": 92}, ""problem_location"": {}, ""context_recall"": {}, ""faith_fulness"": {}, ""answer_recall"": {}}",0,正确,,,,,,
d8c0b159-c124-43f9-80a4-f62b04347f6c,莫高窟预约及购票方式是什么？,"莫高窟的预约及购票方式如下：

预约时间：提前30天开放预约。
团队参观：团队参观时间会按照订单签约时间依次进行预约，因此同团中可能会出现预约时间不一致的情况，甚至可能出现个别无票的情况。
替代安排：如无票情况，我社会安排西千佛洞及敦煌博物馆代替。
票种说明：此行程安排为B类票，若预约了A票，则需补138元的差价。","莫高窟的预约及购票方式如下：

1. **提前预约**：莫高窟的门票需要提前30天预约。团队参观时间会根据订单签约时间依次进行预约，因此同一团中可能会出现预约时间不一致的情况，甚至有个别无票的情况。若无票，社会安排参观西干佛洞和敦煌博物馆作为替代。

2. **购票方式**：莫高窟门票分为A票和B票。行程中含B票，但若实际运行中门票为A票，则需补差价138元/人。A票通常在B票售完后才出售。

3. **天气影响**：莫高窟是世界文化遗产，参观时需注意天气情况。如遇降雨或沙尘天气，可能导致洞窟暂停开放，需配合工作人员安排，可能延时参观或无法参观。如无法参观，门票费用将按莫高窟规定退还。

建议提前规划行程，并关注天气预报，确保顺利参观。如有其他问题，可咨询当地旅行社或莫高窟官方客服。","
====================================================================================================分片0====================================================================================================
【参考酒店】敦煌慕礼酒店/敦煌石油大厦/桓宇酒店/安和大酒店/飞天大酒店/石油大厦/茉雅庄/兰新/嘉锦/玺迎缘/玺迎客滨河国际酒店/新泰大酒店天河湾酒店/丽都国际大酒店/华荣大酒店/天宇大酒店或同级别
【餐饮安排】早/中
早餐后参观见【莫高窟】（此行程含B票，若预约莫高窟A票，则需补138元的差价）（游览约2.5小时)坐落于河西走廊的西部尽头的敦煌，它的开凿从十六国时期至元代，经历了一千年才建成的，这在中国及世界都是罕见的，莫高窟的建筑规制特别，内藏玄机以石窟建筑而成的形式规制，外边朴实，内里惊艳。随后赴鸣沙山，参观【鸣沙山月牙泉】（含门票）（游览约2小时）是国家认证的5A级景区，历来以""山泉共处，沙泉共生""的奇景闻名于世，是游客最喜欢的敦煌打卡点之一。在这里，你可以看日出日落，也可以听驼铃悠扬;可以在温柔的沙海里，静默地放空;也可以从高耸的沙山顶上，奔跑而下，体验一把久违的自由。风景优美，妙趣横生，说起来，这个地方，是无愧于人们对她的钟爱与追捧。后入住酒店。
A/F温馨提示：
1、莫高窟预约及购票
1）提前30天开放预约，团队参观时间会按照订单签约时间依次进行预约，故同团中会出现预约莫高窟参观时间不一致的问题，甚至个别无票情况，我社会安排西干佛洞及敦煌博物馆代替。给您带来不便，敬请谅解！
2）莫高窟是集珍贵性、脆弱性为一体的世界文化遗产，需要我们精心的呵护。在参观过程中遇到因降雨、沙尘天气导致洞窟暂停开放，请您配合工作人员的安排，如延时开放，则推迟参观计划，如无法参观则按莫高窟规定退还门票费用。
2、莫高窟参观时间以预约时间为准、可能会根据预约时间调换参观顺序。
3、此天行程安排莫高窟B类票、（莫高窟4.1号起开始执行售完A票才售B类票、若实际运行中、门票产生为A票则需补差价138元/人）
4、敦煌地处沙漠，干旱少雨，紫外线强烈，穿衣遵循防晒、防风沙、防暑的原则
![image](/api/v1/kb/datas/images/d1ca542d-8b06-4929-93d2-47398c357bb7.jpeg) 
DAY 5．敦煌-南八仙-翡翠湖-大柴旦 (全程约 530 公里，车程约8小时）
上
【参考酒店】大柴旦黎明假日酒店/大柴旦华庭商务/大柴旦聚鑫商务/慕山丽璟假日宾/万和馨悦/红崖酒店/天成大酒店/大柴旦高原蓝/大柴旦浩宇大酒店/大柴旦晒北酒店或同级",ACCURACY,员工答案中的关键点与标准答案基本一致，但多出了关于天气影响的内容，超出了标准答案的范围。此外，员工答案中的'西干佛洞'应为'西千佛洞'，存在拼写错误。,28673,"{""answer_accuracy"": {""fuzz_partial_score"": 64, ""verbose_logs"": {""verdict"": {""score"": 70, ""reason"": ""\u5458\u5de5\u7b54\u6848\u4e2d\u7684\u5173\u952e\u70b9\u4e0e\u6807\u51c6\u7b54\u6848\u57fa\u672c\u4e00\u81f4\uff0c\u4f46\u591a\u51fa\u4e86\u5173\u4e8e\u5929\u6c14\u5f71\u54cd\u7684\u5185\u5bb9\uff0c\u8d85\u51fa\u4e86\u6807\u51c6\u7b54\u6848\u7684\u8303\u56f4\u3002\u6b64\u5916\uff0c\u5458\u5de5\u7b54\u6848\u4e2d\u7684'\u897f\u5e72\u4f5b\u6d1e'\u5e94\u4e3a'\u897f\u5343\u4f5b\u6d1e'\uff0c\u5b58\u5728\u62fc\u5199\u9519\u8bef\u3002""}, ""score"": 70, ""reason"": ""\u5458\u5de5\u7b54\u6848\u4e2d\u7684\u5173\u952e\u70b9\u4e0e\u6807\u51c6\u7b54\u6848\u57fa\u672c\u4e00\u81f4\uff0c\u4f46\u591a\u51fa\u4e86\u5173\u4e8e\u5929\u6c14\u5f71\u54cd\u7684\u5185\u5bb9\uff0c\u8d85\u51fa\u4e86\u6807\u51c6\u7b54\u6848\u7684\u8303\u56f4\u3002\u6b64\u5916\uff0c\u5458\u5de5\u7b54\u6848\u4e2d\u7684'\u897f\u5e72\u4f5b\u6d1e'\u5e94\u4e3a'\u897f\u5343\u4f5b\u6d1e'\uff0c\u5b58\u5728\u62fc\u5199\u9519\u8bef\u3002""}}, ""problem_location"": {}, ""context_recall"": {}, ""faith_fulness"": {}, ""answer_recall"": {}}",923,正确,,,,,,
59f655ca-a7e0-4000-85fd-dd1c312377c6,“惠玩甘青”深度双飞八天中提供的餐饮安排是怎样的？,旅行中提供的餐饮安排为7早6正，早餐为酒店配送，正餐标准为30元/人，特色餐为50元/人。,"在“惠玩甘青”深度双飞八天的行程中，餐饮安排如下：

1. **每天的餐饮安排**：
   - 大部分行程天数提供早餐和中餐。
   - 少数天数提供早餐、中餐和晚餐。
   - 具体餐饮安排在行程中明确标注，例如：
     - DAY6 提供早餐和中餐。
     - DAY8 提供早餐。

2. **特色餐饮体验**：
   - 行程中包含特色美食，如山丹铁锅宴、青海土火锅、丝路花雨宴、藏王宴等，丰富用餐体验。

3. **注意事项**：
   - 部分路段可能无推荐餐厅，建议自备干粮。
   - 高原地区可能有高原反应，需自备药物。

总的来说，行程中提供了基本的餐饮安排，并穿插特色美食，确保旅途中的饮食需求。","
====================================================================================================分片0====================================================================================================
惠玩甘青】深度双飞八天Q1【
兰州、武威雷台公园、张掖七彩丹霞、大地之子、海市蜃楼、敦煌莫高窟、鸣沙山月牙泉南八仙雅丹、翡翠湖、茶卡盐湖天空壹号、青海湖二郎剑、塔尔寺全程舒适型酒店+张掖升级豪华型酒店+大柴旦/青海湖为干净卫生双标间
■【产品故事】
探索苍茫大西北，打卡青海湖、茶卡盐湖、大柴旦翡翠湖、水上雅丹，逃离城市，一场全景视觉之旅！大西北的魅力需要用双脚丈量，用双眼记录“大漠孤烟直，长河落日圆”诗人笔下的大漠风情，无限的风，光让人室息，心生向往。古往今来的丝绸之路，它的美是中国的，更是世界的，
让我们来一次大西北旅行吧，这里不仅有诗，还有远方的田野和路上的疯狂
一IJ/JHJPJ
■【行程亮点】
不走回头路，覆盖青甘最经典的美景，广东独立成团收客无限制畅收
独家优待：豪华旅游大巴车，舒适座椅，空座率达到10%以上。
美食尽情享受：山丹铁锅宴青海土火锅丝路花雨宴藏王宴
乐享静谧美梦：全程当地舒适型酒店、张掖升级豪华型酒店，大柴旦/青海湖安排干净卫生双标间
特别赠送：沙漠露营大派送礼包（ATV的体验、滑沙、爬山拍日落、荡桥、海盗船、）
特别赠送：网红玻璃船：乘坐玻璃船、探秘灵动镜湖、听海天一色的声音
独家安排：青海湖篝火晚会：燃起篝火、放下疲惫、心情要好、生活要嗨
暖心赠送：每人一条丝巾、把美好记忆带回家！行程中每人每天1瓶水
暖心赠送：24小时接机服务、随接随走、机场--酒店无缝对接！
暖心赠送：24小时专属管家、任何问题行中随时在线解决
HJITJTJIJILHJUTVA
■【游玩推介】
【七彩丹霞】中国彩虹山，上帝打翻的调色盘，远看似朝霞升腾近观如彩带随风豌蜓飘动；【嘉峪关城楼】长城防线上重要的军事要塞、河西第一隘口，素有“天下第一雄关”之称；【莫高窟】被誉为20世纪最有价值的文化遗产，世界现存佛教艺术最伟大的宝库；【鸣沙山月牙泉】因“泉映月而无尘，亘古沙不填泉，泉不涸竭”而成为奇观成为塞上一绝；【茶卡天空一号】纯净、蓝白交织如一场美梦，真实还原宫崎骏《干与干寻》的场景；【青海湖】中国最美五大湖之首，犹如翡翠玉盘的眼泪，此刻一半湛蓝一半金黄;【塔尔寺】是中国藏传佛教格鲁派六大寺院之一，是西宁最受欢迎的旅游目的地之一。
【行程预览】
====================================================================================================分片1====================================================================================================
【餐饮安排】早/晚
早餐后出发前往出发前往大柴旦，途经【当金山】，所在的阿克塞哈萨克族自治县位于甘肃，青海，新疆三省（区)交界处，东至燕丹与肃北县接壤，北依催木图山与敦煌市为邻，南面的赛什腾山与青海省毗连西面的台与新疆维吾尔自治区的戈壁相望，总面积3.3万平方公里。昔日属于人迹罕至，飞鸟不驻之地。途经【南八仙雅丹】，地处青藏高原柴达木盆地北缘.它是由一列列断断续续延伸的长条形土墩与凹地沟槽间隔分布的地貌组合，被地质工作者称为雅丹地貌。随后前往游览【大柴旦翡翠湖】（含门票，不含区间车，预览约2小时）。如果说上帝在人间留下无数滴眼泪，那么这一颗一定是罕见的绝色，俯瞰整个湖面，如同数颗碎裂的绿宝石，白色的盐晶，蓝绿色的湖水，这梦幻般的色彩搭配，一定会惊艳到您！随后入住大柴旦酒店休息。
温馨提示： 1、此天途经之地较为偏僻，无推荐餐厅，可以提前自备便携式干粮（牛奶、面包、巧克力、水果等食物）。沿途视当日交通情况及进度，安排1-2次停车休息。
2、青海属于高海拔地区，部分贵宾可能会有高原反应，一般情况下高原反应的症状在两天之后会自动消除，可以自备一些防治高原反应的药物以保证夜间高质量的睡眠，减少晨起的头痛；
![image](/api/v1/kb/datas/images/708e69b0-d52c-4b12-a543-64d5a7e94c2e.jpeg) 
DAY6．大柴旦-茶卡盐湖/天空壹号景区（400KM，约5小时）－青海湖二郎剑（150KM，约2.5小时）一青海湖沿线
【参考酒店】嫦娥酒店/格日酒店/龙马避暑山庄/格桑梅朵酒店/青海湖甲乙赛/天湖大酒店/青海湖西海酒店/湖缘金湖酒店/西海酒店/旺湖酒店或同级
【餐饮安排】早/中
早餐后前往茶卡天空壹号景区，参观游览【茶卡盐湖】或【天空壹号·盐湖景区】（含门票，不含区间车，游玩约2小时）），透过指尖的光阴、邂逅盐湖之旅。水映天，天接地，人在湖间走，宛如画中游。游览透过清盈的湖水，观赏形状各异、正在生长的栩栩如生的朵朵盐花，探求湖底世界的神秘，领略涨潮后湖面上留下的滚滚盐涛奇观。茶卡盐湖以其生产、旅游两相宜而在国内外旅游界和青藏高原风光游中享有较高知名度，被国家旅游地理杂志评为“一生必去的55个地方”之一。
网红玻璃船：乘坐玻璃船、探秘灵动镜湖，听海天一色的声音。（赠送项目不用不退，若因参观人数过多导致无法体验无费用退还）
====================================================================================================分片2====================================================================================================
# 3、牛特别提醒：此天多为无人区、无服务区、多为旱厕、建议备伞

早餐后参观前往游览【高原藏寨】（参观约90-120分钟），令领略青海藏族的风土人情，参观神秘的藏族部落，感受汉藏结合地区的茶马互市。随后前往西宁，参观【塔尔寺】（含门票，不含区间车35元/人，讲解费15元/人起)（游览约2小时）），是中国藏传佛教格鲁派六大寺院之一，也是世界第二大佛宗喀巴大师的诞生地有600多年历史，是西宁最受欢迎的旅游目的地之一。随后前往兰州，抵达后入住酒店。温馨提示：
1、在寺院里，不能用手摸佛经、佛像、法器等，更不能跨越，不允许游客拍照
2、车转经轮时，一定是从左向右，不要乱摸藏族人的头和帽子；
3、青海较为干燥，请随时注意补充水分，多饮水。紫外线强烈，请备口罩，防晒霜，太阳眼镜等物品
![image](/api/v1/kb/datas/images/4c45a420-716b-4324-9633-d202a009953e.jpeg) 
DAY8.兰州市区/新区－广州（飞行时间约3小时）
?f.rr-IrrlA 参考航班】兰州-广州/MU23055/15:30-18:40、MU2219/07:45-10:55，具体以出票航班为准
【参考酒店】温馨的家 【餐饮安排】早餐
今天您可以睡到自然醒，消除这几天来的舟车疲劳，也可以早起酒店用完早餐后自由活动，自行安排午餐后酒店集合前往【黄河风情线】，黄河风情线大景区是兰州市独有的沿河景观带，全长123公里。其中，核心段全长42公里，覆盖475万平方米，沿线建有21座主题公园，音乐喷泉、健身步道、城市书吧星罗棋布，成为兰州的]""网红打卡地""
随后根据回程航班信息合理安排时间适时前往机场。搭乘航班返回结束愉快的西北之旅。
备注：如果航班是早班机回程，当天无行程安排，请谅解！
温馨提示：
1、1临行前请旅客检查个人随身物品是否齐全！
2、今天用车为普通旅游大巴车请知悉
3、酒店退房时间为中午12点，请提前退房。
4.兰州到机场80KM/约1.5小时车程、请提前4小时前往机场、以免误机
FPSJNLIJUWVUO
全程结束祝您旅途愉快！
■【接待标准以及自费项目说明】
①团费包含.
====================================================================================================分片3====================================================================================================
1、景区游览大概需要2小时。西北天气多变，带好雨具和防晒霜哦。如果时间来的急，最好待到6点之后，看看夕阳西下阳关洒在丹霞上，格外美丽。
2、张掖少数民族较多，旅途中注意对少数民族习俗的尊重。
3、甘川小吃一条街位于张掖市民主东街。街道两侧有各种小吃摊点一字排开，提供张掖特有的搓鱼面、羊肉粉皮面筋、香饭、小饭、煎血肠、羊头汤、鱼儿粉、灰豆汤、鸡肉垫卷子、山丹油果等各种风味小吃。其中鸡肉垫卷子最为有名，鸡肉垫卷子将薄面皮抹油撒葱花成卷，切段入嫩鸡肉汤蒸煮，汤煮尽出锅即可食。
DAY3.张掖-嘉峪关城楼娄（230KM，约3小时）-大地之子-海市蜃楼（约250公里，约3.5小时）-敦煌（约120公里，约2小时）
【参考酒店】敦煌慕礼酒店/敦煌石油大厦/桓宇酒店/安和大酒店/飞天大酒店/石油大厦/茉雅庄/兰新/嘉锦/玺迎缘/玺迎客滨河国际酒店/新泰大酒店天河湾酒店/丽都国际大酒店/华荣大酒店/天宇大酒店或同级别
【餐饮安排】早/中
早餐后前往【嘉峪关关城】（自理门票，不含电瓶车）（参观约1.5小时），内城外墙勾连环接，箭楼角楼相倚相望。万里黄沙间汉长城似游龙浮动，烽燧遗墩、断壁残垣若隐若现，犹如一幅凝聚着边塞沧桑的历史画卷。这里就是历史战争中最伟大的传奇之所，中华民族抵御外虏入侵的第一站。无数唐朝诗人在这里留下千古名篇，让人梦回萦绕。铮铮铁血在这里展现得淋漓尽致。站在它的脚下，才会真正被这座天下第一关所折服！随后出发前往瓜州，参观【大地之子】（参观约30分钟）是一座在戈壁滩上趴着熟睡的巨婴雕塑把人类比作一个孩子，在地球母亲的怀抱里熟睡。寓意是提醒我们要尊重爱护自己赖以生存的家园，从而减少对地球的破坏，也有在戈壁滩上多出了勃勃生机的意味。后参观【海市蜃楼】是雕塑群的其中之一，整个工程用特殊定制脚手架，几万个扣件连接起约6300根白色脚架，仿佛在戈壁上立起了一片海市蜃楼。随后前往敦煌，抵达敦煌后入住酒店。
温馨提示：
1、途中会经过高速休息站瓜州服务区，内有当地商贩在此兜售特产和瓜果，请您谨慎选择，此处非本产品指定购物店2、做好防晒，带些水。
3、带上身份证，需要刷身份证进入。
![image](/api/v1/kb/datas/images/8eb1690b-1188-4a60-b042-62fb0746ee53.jpeg) 丰万里毛城一弟甘装
====================================================================================================分片4====================================================================================================
# 3、牛特别提醒：此天多为无人区、无服务区、多为旱厕、建议备伞

随后前往青海湖景区，参观游览【青海湖二郎剑景区】（含门票，不含区间车，游玩约2小时）)，是我国第一大内陆湖泊，也是我国最大的咸水湖。湖面纯净深湛、温柔恬雅的湖水，满载着古老而优美的传说，夹带着文成公主的相思，是如此的波澜壮阔、恢宏磅礴，漫步清海湖畔，拥一抹晨曦在心，握一缕格桑花的明艳于手，不思前尘，不念过往，心中，只存世事通透的安然。
青海湖篝火晚会：燃起篝火、放下疲惫、心情要好、生活要嗨！赠送项目不用不退，若因青海湖场地/天气原因等客观原因安排不了，则改去第七天在藏王宴上安排，若两个场地均安排不了，无费用退还随后入住酒店休息。
温馨提示：
1、青海湖附近自然环境、经济基础、接待条件相比内地可能会存在一定差距。（例如住宿标准方面，不宜用华东沿海地区要急躁，以相互体谅、互帮互助为先
2、盐湖地区海拔约3000米，要注意不能剧烈运动，以免产生高原反应。由于盐层比较粗糙，赤脚走路时会有些痛，如想进入湖中拍照，尽量带上鞋套或自备拖鞋。湖中有大小不等的溶洞深不见底，进入湖中请注意小心失足落入，不建议走的太深天气晴朗时紫外线强，且还有湖面的反射，需做好皮肤的防晒，保护眼睛的墨镜也是必备品。最好准备湿纸巾，当裸露的皮肤沾上盐水后要用淡水清洗或用湿纸巾擦掉，时间稍长，会对皮肤造成一定的损伤。
![image](/api/v1/kb/datas/images/afb269e0-041c-429f-9764-7af6e155678b.jpeg) 三
DAY7．青海湖沿线-高原藏寨-塔尔寺-兰州市区/新区（全程约424公里，车程约5.5小时）
【参考酒店】兰州蓝莓精品/兰州新胜利/华辰宾馆/友谊之星酒店/兰州星美/兰州盛合苑酒店/星程（西客站店）/华茂酒店/润东酒店/遇见酒店或同级
【餐饮安排】早/中",RETRIEVAL_CONTEXT_NOISE,"The score is 1.0 because the expected output is fully supported by the 1st node in the retrieval context, which accurately reflects all the details about the meal arrangements.",73012,"{""answer_accuracy"": {""fuzz_partial_score"": 29, ""verbose_logs"": {""verdict"": {""score"": 60, ""reason"": ""\u5458\u5de5\u7b54\u6848\u4e2d\u867d\u7136\u63d0\u5230\u4e86\u9910\u996e\u5b89\u6392\uff0c\u4f46\u6ca1\u6709\u660e\u786e\u63d0\u52307\u65e96\u6b63\u7684\u5177\u4f53\u5b89\u6392\uff0c\u4e14\u589e\u52a0\u4e86\u8bb8\u591a\u8d85\u51fa\u6807\u51c6\u7b54\u6848\u8303\u56f4\u7684\u5185\u5bb9\uff0c\u5982\u5177\u4f53\u884c\u7a0b\u5929\u6570\u7684\u9910\u996e\u5b89\u6392\u3001\u7279\u8272\u9910\u996e\u4f53\u9a8c\u548c\u6ce8\u610f\u4e8b\u9879\u3002\u8fd9\u4e9b\u989d\u5916\u5185\u5bb9\u5bfc\u81f4\u5173\u952e\u70b9\u8d85\u51fa\u6807\u51c6\u7b54\u6848\u8303\u56f4\uff0c\u56e0\u6b64\u6263\u5206\u3002""}, ""score"": 60, ""reason"": ""\u5458\u5de5\u7b54\u6848\u4e2d\u867d\u7136\u63d0\u5230\u4e86\u9910\u996e\u5b89\u6392\uff0c\u4f46\u6ca1\u6709\u660e\u786e\u63d0\u52307\u65e96\u6b63\u7684\u5177\u4f53\u5b89\u6392\uff0c\u4e14\u589e\u52a0\u4e86\u8bb8\u591a\u8d85\u51fa\u6807\u51c6\u7b54\u6848\u8303\u56f4\u7684\u5185\u5bb9\uff0c\u5982\u5177\u4f53\u884c\u7a0b\u5929\u6570\u7684\u9910\u996e\u5b89\u6392\u3001\u7279\u8272\u9910\u996e\u4f53\u9a8c\u548c\u6ce8\u610f\u4e8b\u9879\u3002\u8fd9\u4e9b\u989d\u5916\u5185\u5bb9\u5bfc\u81f4\u5173\u952e\u70b9\u8d85\u51fa\u6807\u51c6\u7b54\u6848\u8303\u56f4\uff0c\u56e0\u6b64\u6263\u5206\u3002""}}, ""problem_location"": {""fuzz_partial_score"": 22, ""verbose_logs"": {""verdict"": {""answer"": 85, ""reason"": ""\u6807\u51c6\u7b54\u6848\u4e2d\u7684\u5173\u952e\u77e5\u8bc6\u70b9\uff0c\u59827\u65e96\u6b63\u3001\u65e9\u9910\u4e3a\u9152\u5e97\u914d\u9001\u3001\u6b63\u9910\u6807\u51c6\u4e3a30\u5143/\u4eba\u3001\u7279\u8272\u9910\u4e3a50\u5143/\u4eba\uff0c\u5747\u5728\u68c0\u7d22\u5230\u7684\u4e0a\u4e0b\u6587\u4e2d\u627e\u5230\u5b8c\u5168\u4e00\u81f4\u7684\u8868\u8ff0\u3002""}, ""score"": 85, ""reason"": ""\u6807\u51c6\u7b54\u6848\u4e2d\u7684\u5173\u952e\u77e5\u8bc6\u70b9\uff0c\u59827\u65e96\u6b63\u3001\u65e9\u9910\u4e3a\u9152\u5e97\u914d\u9001\u3001\u6b63\u9910\u6807\u51c6\u4e3a30\u5143/\u4eba\u3001\u7279\u8272\u9910\u4e3a50\u5143/\u4eba\uff0c\u5747\u5728\u68c0\u7d22\u5230\u7684\u4e0a\u4e0b\u6587\u4e2d\u627e\u5230\u5b8c\u5168\u4e00\u81f4\u7684\u8868\u8ff0\u3002""}}, ""context_recall"": {}, ""faith_fulness"": {""verbose_logs"": {""truths"": [""\u884c\u7a0b\u8986\u76d6\u7518\u9752\u4e24\u5730\uff0c\u5305\u62ec\u5170\u5dde\u3001\u6b66\u5a01\u96f7\u53f0\u516c\u56ed\u3001\u5f20\u6396\u4e03\u5f69\u4e39\u971e\u3001\u5927\u5730\u4e4b\u5b50\u3001\u6d77\u5e02\u8703\u697c\u3001\u6566\u714c\u83ab\u9ad8\u7a9f\u3001\u9e23\u6c99\u5c71\u6708\u7259\u6cc9\u3001\u5357\u516b\u4ed9\u96c5\u4e39\u3001\u7fe1\u7fe0\u6e56\u3001\u8336\u5361\u76d0\u6e56\u5929\u7a7a\u58f9\u53f7\u3001\u9752\u6d77\u6e56\u4e8c\u90ce\u5251\u3001\u5854\u5c14\u5bfa\u7b49\u666f\u70b9\u3002"", ""\u884c\u7a0b\u4e2d\u5305\u542b\u8c6a\u534e\u65c5\u6e38\u5927\u5df4\u8f66\uff0c\u7a7a\u5ea7\u7387\u8fbe\u523010%\u4ee5\u4e0a\u3002"", ""\u884c\u7a0b\u4e2d\u5b89\u6392\u4e86\u5c71\u4e39\u94c1\u9505\u5bb4\u3001\u9752\u6d77\u571f\u706b\u9505\u3001\u4e1d\u8def\u82b1\u96e8\u5bb4\u3001\u85cf\u738b\u5bb4\u7b49\u7f8e\u98df\u3002"", ""\u884c\u7a0b\u4e2d\u5b89\u6392\u4e86\u8212\u9002\u578b\u9152\u5e97\uff0c\u5f20\u6396\u5347\u7ea7\u4e3a\u8c6a\u534e\u578b\u9152\u5e97\uff0c\u5927\u67f4\u65e6/\u9752\u6d77\u6e56\u5b89\u6392\u5e72\u51c0\u536b\u751f\u53cc\u6807\u95f4\u3002"", ""\u884c\u7a0b\u4e2d\u7279\u522b\u8d60\u9001\u6c99\u6f20\u9732\u8425\u5927\u6d3e\u5bf9\u793c\u5305\uff0c\u5305\u62ecATV\u4f53\u9a8c\u3001\u6ed1\u6c99\u3001\u722c\u5c71\u62cd\u65e5\u843d\u3001\u8361\u6865\u3001\u6d77\u76d7\u8239\u7b49\u6d3b\u52a8\u3002"", ""\u884c\u7a0b\u4e2d\u7279\u522b\u8d60\u9001\u7f51\u7ea2\u73bb\u7483\u8239\u4f53\u9a8c\uff0c\u4e58\u5750\u73bb\u7483\u8239\u63a2\u79d8\u7075\u52a8\u955c\u6e56\u3002"", ""\u884c\u7a0b\u4e2d\u5b89\u6392\u4e86\u9752\u6d77\u6e56\u7bdd\u706b\u665a\u4f1a\uff0c\u71c3\u8d77\u7bdd\u706b\u653e\u677e\u5fc3\u60c5\u3002"", ""\u884c\u7a0b\u4e2d\u8d60\u9001\u6bcf\u4eba\u4e00\u6761\u4e1d\u5dfe\u548c\u6bcf\u4eba\u6bcf\u59291\u74f6\u6c34\u3002"", ""\u884c\u7a0b\u4e2d\u63d0\u4f9b24\u5c0f\u65f6\u63a5\u673a\u670d\u52a1\u548c24\u5c0f\u65f6\u4e13\u5c5e\u7ba1\u5bb6\u670d\u52a1\u3002"", ""\u884c\u7a0b\u4e2d\u5305\u62ec\u53c2\u89c2\u4e03\u5f69\u4e39\u971e\u3001\u5609\u5cea\u5173\u57ce\u697c\u3001\u83ab\u9ad8\u7a9f\u3001\u9e23\u6c99\u5c71\u6708\u7259\u6cc9\u3001\u8336\u5361\u5929\u7a7a\u4e00\u53f7\u3001\u9752\u6d77\u6e56\u3001\u5854\u5c14\u5bfa\u7b49\u666f\u70b9\u3002"", ""\u884c\u7a0b\u4e2d\u5efa\u8bae\u6e38\u5ba2\u6ce8\u610f\u9ad8\u539f\u53cd\u5e94\uff0c\u5907\u597d\u9632\u6cbb\u9ad8\u539f\u53cd\u5e94\u7684\u836f\u7269\u3002"", ""\u884c\u7a0b\u4e2d\u5efa\u8bae\u6e38\u5ba2\u5728\u9752\u6d77\u6e56\u5730\u533a\u6ce8\u610f\u9632\u6652\uff0c\u51c6\u5907\u6e7f\u7eb8\u5dfe\u548c\u58a8\u955c\u3002"", ""\u884c\u7a0b\u4e2d\u5efa\u8bae\u6e38\u5ba2\u5728\u76d0\u6e56\u5730\u533a\u6ce8\u610f\u5b89\u5168\uff0c\u907f\u514d\u8d64\u811a\u8fdb\u5165\u6e56\u4e2d\u3002"", ""\u884c\u7a0b\u4e2d\u5efa\u8bae\u6e38\u5ba2\u5728\u5bfa\u9662\u5185\u9075\u5b88\u5f53\u5730\u4e60\u4fd7\uff0c\u4e0d\u89e6\u6478\u4f5b\u7ecf\u3001\u4f5b\u50cf\u3001\u6cd5\u5668\u7b49\u3002"", ""\u884c\u7a0b\u4e2d\u5efa\u8bae\u6e38\u5ba2\u5728\u8f6c\u7ecf\u8f6e\u65f6\u4ece\u5de6\u5411\u53f3\uff0c\u4e0d\u8981\u4e71\u6478\u85cf\u65cf\u4eba\u7684\u5934\u548c\u5e3d\u5b50\u3002"", ""\u884c\u7a0b\u4e2d\u5efa\u8bae\u6e38\u5ba2\u5728\u9752\u6d77\u5730\u533a\u591a\u996e\u6c34\uff0c\u6ce8\u610f\u9632\u6652\u3002"", ""\u884c\u7a0b\u4e2d\u5efa\u8bae\u6e38\u5ba2\u5728\u65e0\u4eba\u533a\u591a\u5907\u5e72\u7cae\u548c\u6c34\u3002"", ""\u884c\u7a0b\u4e2d\u5efa\u8bae\u6e38\u5ba2\u5728\u53c2\u89c2\u5609\u5cea\u5173\u5173\u57ce\u65f6\u6ce8\u610f\u9632\u6652\u3002"", ""\u884c\u7a0b\u4e2d\u5efa\u8bae\u6e38\u5ba2\u5728\u53c2\u89c2\u5927\u5730\u4e4b\u5b50\u548c\u6d77\u5e02\u8703\u697c\u65f6\u5e26\u4e0a\u8eab\u4efd\u8bc1\u3002"", ""\u884c\u7a0b\u4e2d\u5efa\u8bae\u6e38\u5ba2\u5728\u9752\u6d77\u6e56\u5730\u533a\u6ce8\u610f\u73af\u5883\u4fdd\u62a4\u3002"", ""\u884c\u7a0b\u4e2d\u5efa\u8bae\u6e38\u5ba2\u5728\u9752\u6d77\u6e56\u5730\u533a\u6ce8\u610f\u9ad8\u539f\u53cd\u5e94\uff0c\u907f\u514d\u5267\u70c8\u8fd0\u52a8\u3002""], ""claims"": [""\u5728\u2018\u60e0\u73a9\u7518\u9752\u2019\u6df1\u5ea6\u53cc\u98de\u516b\u5929\u7684\u884c\u7a0b\u4e2d\uff0c\u5927\u90e8\u5206\u884c\u7a0b\u5929\u6570\u63d0\u4f9b\u65e9\u9910\u548c\u4e2d\u9910\u3002"", ""\u5c11\u6570\u5929\u6570\u63d0\u4f9b\u65e9\u9910\u3001\u4e2d\u9910\u548c\u665a\u9910\u3002"", ""\u5177\u4f53\u9910\u996e\u5b89\u6392\u5728\u884c\u7a0b\u4e2d\u660e\u786e\u6807\u6ce8\uff0c\u4f8b\u5982\uff1aDAY6 \u63d0\u4f9b\u65e9\u9910\u548c\u4e2d\u9910\uff0cDAY8 \u63d0\u4f9b\u65e9\u9910\u3002"", ""\u884c\u7a0b\u4e2d\u5305\u542b\u7279\u8272\u7f8e\u98df\uff0c\u5982\u5c71\u4e39\u94c1\u9505\u5bb4\u3001\u9752\u6d77\u571f\u706b\u9505\u3001\u4e1d\u8def\u82b1\u96e8\u5bb4\u3001\u85cf\u738b\u5bb4\u7b49\uff0c\u4e30\u5bcc\u7528\u9910\u4f53\u9a8c\u3002"", ""\u90e8\u5206\u8def\u6bb5\u53ef\u80fd\u65e0\u63a8\u8350\u9910\u5385\uff0c\u5efa\u8bae\u81ea\u5907\u5e72\u7cae\u3002"", ""\u9ad8\u539f\u5730\u533a\u53ef\u80fd\u6709\u9ad8\u539f\u53cd\u5e94\uff0c\u9700\u81ea\u5907\u836f\u7269\u3002"", ""\u603b\u7684\u6765\u8bf4\uff0c\u884c\u7a0b\u4e2d\u63d0\u4f9b\u4e86\u57fa\u672c\u7684\u9910\u996e\u5b89\u6392\uff0c\u5e76\u7a7f\u63d2\u7279\u8272\u7f8e\u98df\uff0c\u786e\u4fdd\u65c5\u9014\u4e2d\u7684\u996e\u98df\u9700\u6c42\u3002""], ""verdicts"": [{""verdict"": ""idk"", ""reason"": null}, {""verdict"": ""idk"", ""reason"": null}, {""verdict"": ""idk"", ""reason"": null}, {""verdict"": ""yes"", ""reason"": null}, {""verdict"": ""idk"", ""reason"": null}, {""verdict"": ""yes"", ""reason"": null}, {""verdict"": ""yes"", ""reason"": null}], ""score"": 1.0, ""reason"": ""The score is 1.0 because there are no contradictions, indicating that the actual output is perfectly aligned with the retrieval context.""}}, ""answer_recall"": {""verbose_logs"": {""verdicts"": [{""verdict"": ""yes"", ""reason"": ""1st node in the retrieval context mentions '7\u65e96\u6b63' and '\u65e9\u9910\u4e3a\u9152\u5e97\u914d\u9001' and '\u6b63\u9910\u6807\u51c6\u4e3a30\u5143/\u4eba\uff0c\u7279\u8272\u9910\u4e3a50\u5143/\u4eba' is consistent with the '\u7279\u8272\u9910\u996e\u4f53\u9a8c' in the 2nd node.""}], ""score"": 1.0, ""reason"": ""The score is 1.0 because the expected output is fully supported by the 1st node in the retrieval context, which accurately reflects all the details about the meal arrangements.""}}}",12319,错误,评估问题,裁决判错,检索不到，而非检索噪声,,用餐含7早6正，早餐为酒店配送，不吃不退；正餐餐标30元/人/正，正餐十人一桌、八菜一汤。特色餐50元/人，不吃不退。一桌不足十人菜量会根据实际人数安排或相应减少。,
2455af3e-d114-44af-b7b6-ada346606146,“惠玩甘青”深度双飞八天和南海湾趣浪戏水节一日游是不是都包接送和所有交通？,“惠玩甘青”行程包含24小时接机服务和全程交通，而南海湾趣浪戏水节一日游没有提到接送服务，但行程中包含了活动的交通。,"“惠玩甘青”深度双飞八天和南海湾趣浪戏水节一日游的交通安排有所不同：

1. **南海湾趣浪戏水节一日游**：
   - 不包含接送服务。
   - 行程中未提及交通安排，需自行前往。

2. **惠玩甘青深度双飞八天**：
   - 包含接送服务，从机场到酒店的无缝对接。
   - 行程中使用豪华旅游大巴车，确保舒适。

因此，南海湾趣浪戏水节一日游不包含接送和交通，而惠玩甘青的八天行程则包含接送和全程大巴车交通。","
====================================================================================================分片0====================================================================================================
南海湾趣浪戏水节一日游

| 产品编号 |  | 出发地 | 中国-广东省-广州市 | 目的地 | 中国-广东省-广州市 |
| --- | --- | --- | --- | --- | --- |
| 行程天数 | 1 | 去程交通 | 无 | 返程交通 | 无 |
| 门市价 |  | 最近班期 |  |  |  |
| 参考航班 |  |  |  |  |  |
| 产品亮点 |  |  |  |  |  |

====================================================================================================分片1====================================================================================================
行程安排

| D1 | D1 |
| --- | --- |
| 行程详情 | 南海湾趣浪戏水节1日游 ——上午10:10-11:10 —— 抵达漾.南海湾营地 前往草帽DIY区域，选择喜欢的颜色 在专业指导或自由发挥下，完成一顶独一无二的草帽作品 ——上午10:10-11:10 —— 抵达漾.南海湾营地 前往足球和飞盘活动区域，与家人一起参与足球比赛或飞盘投掷游戏 在运动中增进亲子关系，享受户外运动的快乐 ——11:10-13:30—— 午餐时间(推荐营地烧烤或景区周边农家乐） ——14:00-15:30—— 抵达南海湾森林生态园 专属亲子时光，毫不退缩，追本溯源，逆流而上，勇往前行。景区湖溪段设置水枪大战区域，客人自行在游玩过程中开展水枪大战，体验清凉的水战乐趣。景区统一提供专业水枪，活动结束后水枪客人可自行带走。 ——15:30-17:00—— 溯溪结束后，可沿着园区内的步道或指定路线，进行森林公园徒步探索活动 观察昆虫、采摘植物，了解当地的生态环境和生物多样性 |
| 用餐 | 早餐：X 午餐：X 晚餐：X |
| 住宿 |  |

====================================================================================================分片2====================================================================================================
惠玩甘青】深度双飞八天Q1【
兰州、武威雷台公园、张掖七彩丹霞、大地之子、海市蜃楼、敦煌莫高窟、鸣沙山月牙泉南八仙雅丹、翡翠湖、茶卡盐湖天空壹号、青海湖二郎剑、塔尔寺全程舒适型酒店+张掖升级豪华型酒店+大柴旦/青海湖为干净卫生双标间
■【产品故事】
探索苍茫大西北，打卡青海湖、茶卡盐湖、大柴旦翡翠湖、水上雅丹，逃离城市，一场全景视觉之旅！大西北的魅力需要用双脚丈量，用双眼记录“大漠孤烟直，长河落日圆”诗人笔下的大漠风情，无限的风，光让人室息，心生向往。古往今来的丝绸之路，它的美是中国的，更是世界的，
让我们来一次大西北旅行吧，这里不仅有诗，还有远方的田野和路上的疯狂
一IJ/JHJPJ
■【行程亮点】
不走回头路，覆盖青甘最经典的美景，广东独立成团收客无限制畅收
独家优待：豪华旅游大巴车，舒适座椅，空座率达到10%以上。
美食尽情享受：山丹铁锅宴青海土火锅丝路花雨宴藏王宴
乐享静谧美梦：全程当地舒适型酒店、张掖升级豪华型酒店，大柴旦/青海湖安排干净卫生双标间
特别赠送：沙漠露营大派送礼包（ATV的体验、滑沙、爬山拍日落、荡桥、海盗船、）
特别赠送：网红玻璃船：乘坐玻璃船、探秘灵动镜湖、听海天一色的声音
独家安排：青海湖篝火晚会：燃起篝火、放下疲惫、心情要好、生活要嗨
暖心赠送：每人一条丝巾、把美好记忆带回家！行程中每人每天1瓶水
暖心赠送：24小时接机服务、随接随走、机场--酒店无缝对接！
暖心赠送：24小时专属管家、任何问题行中随时在线解决
HJITJTJIJILHJUTVA
■【游玩推介】
【七彩丹霞】中国彩虹山，上帝打翻的调色盘，远看似朝霞升腾近观如彩带随风豌蜓飘动；【嘉峪关城楼】长城防线上重要的军事要塞、河西第一隘口，素有“天下第一雄关”之称；【莫高窟】被誉为20世纪最有价值的文化遗产，世界现存佛教艺术最伟大的宝库；【鸣沙山月牙泉】因“泉映月而无尘，亘古沙不填泉，泉不涸竭”而成为奇观成为塞上一绝；【茶卡天空一号】纯净、蓝白交织如一场美梦，真实还原宫崎骏《干与干寻》的场景；【青海湖】中国最美五大湖之首，犹如翡翠玉盘的眼泪，此刻一半湛蓝一半金黄;【塔尔寺】是中国藏传佛教格鲁派六大寺院之一，是西宁最受欢迎的旅游目的地之一。
【行程预览】
====================================================================================================分片3====================================================================================================
其他说明

| 名称 | 说明 |
| --- | --- |
| 费用包含 | 景区门票、溯溪门票、草帽DIY、冲击水枪1把、溯溪鞋1双、营地足球/飞盘运动项目 （大小同价） |
| 费用不包含 | 自费项目：午餐。推荐漾·南海湾营地特色烧烤90元/人或选择其他，费用自理。 |
| 预订须知 | 出于安全考虑，18岁以下未成年人需要至少一名成年旅客陪同。 |
| 退改规则 | *产品不支持部分退 *如需改期，请申请退订后重新预订。 |

====================================================================================================分片4====================================================================================================
# 3、牛特别提醒：此天多为无人区、无服务区、多为旱厕、建议备伞

机票含广州至兰州往返不含税机票，机票属于团队票，退票不退任何费用，不可改期、改签等。
）有行车公里数限制及部分路段维修，易发生堵车，发车时间均较早，行程内标注出发及行车时间均为预计，具体情况可能略有不同；行程内所有自由活动期间及行程外均不含用车。请予以理解！
住宿全程舒适型标准酒店，张掖升级豪华型标准酒店，大柴旦/青海湖为干净卫生双标间。1人1床位。客人自愿放弃住宿、费用不退。因西北条件有限，酒店热水分时段供应，青海部分酒店无空调、带独立卫生间。酒店不保证能安排三人间或加床，我社也不提供自然单间，单人报名或出现单男单女元/人。
用餐含7早6正，早餐为酒店配送，不吃不退；正餐餐标30元/人/正，正餐十人一桌、八菜一汤。特色餐50元/人，不吃不退。一桌不足十人菜量会根据实际人数安排或相应减少。
门票全程含行程所列景点首道门票和区间车，标注自理景点除外，（未标明的景点均不含景区门票、区间车和自费项目）。我们会根据当地实际情况在保证游览时间，景点数量不变的情况下，对行程做相应调整，感谢您的配合与支持。注意：此行程已打包特价优惠，学生证/老人证/教师证/军官证等特殊证件均无门票优惠退费，望周知。
保险我社已购买了旅行社责任险，特别提醒旅游者应当按照规定另行投保人身意外伤害保险。
导服当地优秀持证中文导游服务。送机不办理登记牌等相关事宜。请您知晓！
购物全程1个购物店（备注：景区、餐厅商场不属于旅行社所安排的购物店）
儿童身高0.8～1.2米儿童或者12岁以下，不占床不含门票，儿童含当地汽车车位费、早餐费、半价正餐、导服费、往返机票。如需占床请补交单房差，单房差680元/人。
②团费不含
1、景区内的自由活动自行参与的项目，如：园中园门票，环保车、电瓶车、小交通、沙漠活动项目
2、因不可抗力因素所引致的额外费用。
3、因旅游者违约、自身过错、自身疾病导致的人身财产损失而额外支付的费用
4、个人消费，如酒水、饮料、洒店内洗衣、电话等未提到的其它服务
HUHJIMNCJHJ>OIA/JO
③重要告知.",ACCURACY,员工答案准确回答了考官问题，详细说明了两个行程的交通安排。虽然在描述南海湾趣浪戏水节一日游的交通安排时，员工答案比标准答案多了一条'需自行前往'，但整体关键点一致，且没有超出5条额外信息。,37310,"{""answer_accuracy"": {""fuzz_partial_score"": 38, ""verbose_logs"": {""verdict"": {""score"": 85, ""reason"": ""\u5458\u5de5\u7b54\u6848\u51c6\u786e\u56de\u7b54\u4e86\u8003\u5b98\u95ee\u9898\uff0c\u8be6\u7ec6\u8bf4\u660e\u4e86\u4e24\u4e2a\u884c\u7a0b\u7684\u4ea4\u901a\u5b89\u6392\u3002\u867d\u7136\u5728\u63cf\u8ff0\u5357\u6d77\u6e7e\u8da3\u6d6a\u620f\u6c34\u8282\u4e00\u65e5\u6e38\u7684\u4ea4\u901a\u5b89\u6392\u65f6\uff0c\u5458\u5de5\u7b54\u6848\u6bd4\u6807\u51c6\u7b54\u6848\u591a\u4e86\u4e00\u6761'\u9700\u81ea\u884c\u524d\u5f80'\uff0c\u4f46\u6574\u4f53\u5173\u952e\u70b9\u4e00\u81f4\uff0c\u4e14\u6ca1\u6709\u8d85\u51fa5\u6761\u989d\u5916\u4fe1\u606f\u3002""}, ""score"": 85, ""reason"": ""\u5458\u5de5\u7b54\u6848\u51c6\u786e\u56de\u7b54\u4e86\u8003\u5b98\u95ee\u9898\uff0c\u8be6\u7ec6\u8bf4\u660e\u4e86\u4e24\u4e2a\u884c\u7a0b\u7684\u4ea4\u901a\u5b89\u6392\u3002\u867d\u7136\u5728\u63cf\u8ff0\u5357\u6d77\u6e7e\u8da3\u6d6a\u620f\u6c34\u8282\u4e00\u65e5\u6e38\u7684\u4ea4\u901a\u5b89\u6392\u65f6\uff0c\u5458\u5de5\u7b54\u6848\u6bd4\u6807\u51c6\u7b54\u6848\u591a\u4e86\u4e00\u6761'\u9700\u81ea\u884c\u524d\u5f80'\uff0c\u4f46\u6574\u4f53\u5173\u952e\u70b9\u4e00\u81f4\uff0c\u4e14\u6ca1\u6709\u8d85\u51fa5\u6761\u989d\u5916\u4fe1\u606f\u3002""}}, ""problem_location"": {}, ""context_recall"": {}, ""faith_fulness"": {}, ""answer_recall"": {}}",811,正确,,,,,,
3cb6b6bc-b3d7-4d1b-b47e-af99f769c0b8,在“惠玩甘青”深度双飞八天的行程中，游客在张掖和敦煌的主要景点有哪些？同时，南海湾趣浪戏水节一日游中，游客可以体验哪些水上活动？,在“惠玩甘青”深度双飞八天的行程中，游客在张掖的主要景点是张掖七彩丹霞，而在敦煌的主要景点包括莫高窟和鸣沙山月牙泉。在南海湾趣浪戏水节一日游中，游客可以体验水枪大战和溯溪活动。,"在“惠玩甘青”深度双飞八天的行程中，游客在张掖和敦煌的主要景点如下：

1. **张掖**：
   - **七彩丹霞**：被称为“中国彩虹山”，以其壮丽的丹霞地貌和多样的色彩闻名，是摄影和自然爱好者的心头好。
   - **嘉峪关城楼**：作为长城西端的重要关隘，被称为“天下第一雄关”，具有深厚的历史和文化意义。

2. **敦煌**：
   - **莫高窟**：世界文化遗产，以其丰富的佛教艺术和壁画闻名，是研究古代艺术和宗教的重要场所。
   - **鸣沙山月牙泉**：独特的自然景观，鸣沙山因沙粒摩擦发出声音而得名，月牙泉则是一个沙漠中的清泉，景色极为独特。

在南海湾趣浪戏水节一日游中，游客可以体验的水上活动包括：

1. **水枪大战**：在景区湖溪段设置的专门区域，游客可以使用专业水枪进行趣味水战，享受清凉的夏日乐趣。
2. **溯溪活动**：沿着溪流逆流而上，探索自然生态，同时可以观察昆虫、采摘植物，了解当地的生物多样性。

这些活动不仅适合家庭参与，还能增进亲子关系，享受户外运动的快乐。","
====================================================================================================分片0====================================================================================================
惠玩甘青】深度双飞八天Q1【
兰州、武威雷台公园、张掖七彩丹霞、大地之子、海市蜃楼、敦煌莫高窟、鸣沙山月牙泉南八仙雅丹、翡翠湖、茶卡盐湖天空壹号、青海湖二郎剑、塔尔寺全程舒适型酒店+张掖升级豪华型酒店+大柴旦/青海湖为干净卫生双标间
■【产品故事】
探索苍茫大西北，打卡青海湖、茶卡盐湖、大柴旦翡翠湖、水上雅丹，逃离城市，一场全景视觉之旅！大西北的魅力需要用双脚丈量，用双眼记录“大漠孤烟直，长河落日圆”诗人笔下的大漠风情，无限的风，光让人室息，心生向往。古往今来的丝绸之路，它的美是中国的，更是世界的，
让我们来一次大西北旅行吧，这里不仅有诗，还有远方的田野和路上的疯狂
一IJ/JHJPJ
■【行程亮点】
不走回头路，覆盖青甘最经典的美景，广东独立成团收客无限制畅收
独家优待：豪华旅游大巴车，舒适座椅，空座率达到10%以上。
美食尽情享受：山丹铁锅宴青海土火锅丝路花雨宴藏王宴
乐享静谧美梦：全程当地舒适型酒店、张掖升级豪华型酒店，大柴旦/青海湖安排干净卫生双标间
特别赠送：沙漠露营大派送礼包（ATV的体验、滑沙、爬山拍日落、荡桥、海盗船、）
特别赠送：网红玻璃船：乘坐玻璃船、探秘灵动镜湖、听海天一色的声音
独家安排：青海湖篝火晚会：燃起篝火、放下疲惫、心情要好、生活要嗨
暖心赠送：每人一条丝巾、把美好记忆带回家！行程中每人每天1瓶水
暖心赠送：24小时接机服务、随接随走、机场--酒店无缝对接！
暖心赠送：24小时专属管家、任何问题行中随时在线解决
HJITJTJIJILHJUTVA
■【游玩推介】
【七彩丹霞】中国彩虹山，上帝打翻的调色盘，远看似朝霞升腾近观如彩带随风豌蜓飘动；【嘉峪关城楼】长城防线上重要的军事要塞、河西第一隘口，素有“天下第一雄关”之称；【莫高窟】被誉为20世纪最有价值的文化遗产，世界现存佛教艺术最伟大的宝库；【鸣沙山月牙泉】因“泉映月而无尘，亘古沙不填泉，泉不涸竭”而成为奇观成为塞上一绝；【茶卡天空一号】纯净、蓝白交织如一场美梦，真实还原宫崎骏《干与干寻》的场景；【青海湖】中国最美五大湖之首，犹如翡翠玉盘的眼泪，此刻一半湛蓝一半金黄;【塔尔寺】是中国藏传佛教格鲁派六大寺院之一，是西宁最受欢迎的旅游目的地之一。
【行程预览】
====================================================================================================分片1====================================================================================================
行程安排

| D1 | D1 |
| --- | --- |
| 行程详情 | 南海湾趣浪戏水节1日游 ——上午10:10-11:10 —— 抵达漾.南海湾营地 前往草帽DIY区域，选择喜欢的颜色 在专业指导或自由发挥下，完成一顶独一无二的草帽作品 ——上午10:10-11:10 —— 抵达漾.南海湾营地 前往足球和飞盘活动区域，与家人一起参与足球比赛或飞盘投掷游戏 在运动中增进亲子关系，享受户外运动的快乐 ——11:10-13:30—— 午餐时间(推荐营地烧烤或景区周边农家乐） ——14:00-15:30—— 抵达南海湾森林生态园 专属亲子时光，毫不退缩，追本溯源，逆流而上，勇往前行。景区湖溪段设置水枪大战区域，客人自行在游玩过程中开展水枪大战，体验清凉的水战乐趣。景区统一提供专业水枪，活动结束后水枪客人可自行带走。 ——15:30-17:00—— 溯溪结束后，可沿着园区内的步道或指定路线，进行森林公园徒步探索活动 观察昆虫、采摘植物，了解当地的生态环境和生物多样性 |
| 用餐 | 早餐：X 午餐：X 晚餐：X |
| 住宿 |  |

====================================================================================================分片2====================================================================================================
1、景区游览大概需要2小时。西北天气多变，带好雨具和防晒霜哦。如果时间来的急，最好待到6点之后，看看夕阳西下阳关洒在丹霞上，格外美丽。
2、张掖少数民族较多，旅途中注意对少数民族习俗的尊重。
3、甘川小吃一条街位于张掖市民主东街。街道两侧有各种小吃摊点一字排开，提供张掖特有的搓鱼面、羊肉粉皮面筋、香饭、小饭、煎血肠、羊头汤、鱼儿粉、灰豆汤、鸡肉垫卷子、山丹油果等各种风味小吃。其中鸡肉垫卷子最为有名，鸡肉垫卷子将薄面皮抹油撒葱花成卷，切段入嫩鸡肉汤蒸煮，汤煮尽出锅即可食。
DAY3.张掖-嘉峪关城楼娄（230KM，约3小时）-大地之子-海市蜃楼（约250公里，约3.5小时）-敦煌（约120公里，约2小时）
【参考酒店】敦煌慕礼酒店/敦煌石油大厦/桓宇酒店/安和大酒店/飞天大酒店/石油大厦/茉雅庄/兰新/嘉锦/玺迎缘/玺迎客滨河国际酒店/新泰大酒店天河湾酒店/丽都国际大酒店/华荣大酒店/天宇大酒店或同级别
【餐饮安排】早/中
早餐后前往【嘉峪关关城】（自理门票，不含电瓶车）（参观约1.5小时），内城外墙勾连环接，箭楼角楼相倚相望。万里黄沙间汉长城似游龙浮动，烽燧遗墩、断壁残垣若隐若现，犹如一幅凝聚着边塞沧桑的历史画卷。这里就是历史战争中最伟大的传奇之所，中华民族抵御外虏入侵的第一站。无数唐朝诗人在这里留下千古名篇，让人梦回萦绕。铮铮铁血在这里展现得淋漓尽致。站在它的脚下，才会真正被这座天下第一关所折服！随后出发前往瓜州，参观【大地之子】（参观约30分钟）是一座在戈壁滩上趴着熟睡的巨婴雕塑把人类比作一个孩子，在地球母亲的怀抱里熟睡。寓意是提醒我们要尊重爱护自己赖以生存的家园，从而减少对地球的破坏，也有在戈壁滩上多出了勃勃生机的意味。后参观【海市蜃楼】是雕塑群的其中之一，整个工程用特殊定制脚手架，几万个扣件连接起约6300根白色脚架，仿佛在戈壁上立起了一片海市蜃楼。随后前往敦煌，抵达敦煌后入住酒店。
温馨提示：
1、途中会经过高速休息站瓜州服务区，内有当地商贩在此兜售特产和瓜果，请您谨慎选择，此处非本产品指定购物店2、做好防晒，带些水。
3、带上身份证，需要刷身份证进入。
![image](/api/v1/kb/datas/images/8eb1690b-1188-4a60-b042-62fb0746ee53.jpeg) 丰万里毛城一弟甘装
====================================================================================================分片3====================================================================================================

| 天数 | 行程安排 | 交通工具 飞机 | 用餐安排 自理 | 酒店安排 兰州市区/新区 |
| --- | --- | --- | --- | --- |
| DAY 1 | 广州-兰州市区/新区 |
| DAY 2 | 兰州-武威雷台公园-张掖七彩丹霞 | 汽车 | 早晚 | 张掖 |
| DAY 3 | 张掖-嘉峪关城楼自理-大地之子-海市蜃楼-敦煌 | 汽车 | 早中 | 敦煌 |
| DAY 4 | 敦煌-莫高窟-鸣沙山月牙泉-敦煌 | 汽车 | 早中 | 敦煌 |
| DAY 5 | 敦煌-南八仙-翡翠湖-大柴旦 | 汽车 | 早晚 | 大柴旦 |
| DAY 6 | 大柴旦-茶卡盐湖或天空壹号景区-青海湖二郎剑 | 汽车 | 早中 | 青海湖沿线 |
| DAY 7 | 青海湖-高原藏寨-塔尔寺-兰州 | 汽车 | 早中 | 兰州市区 |
| DAY 8 | 兰州市区-黄河市内游-广州 | 飞机 | 早 | 温馨的家 |

====================================================================================================分片4====================================================================================================
南海湾趣浪戏水节一日游

| 产品编号 |  | 出发地 | 中国-广东省-广州市 | 目的地 | 中国-广东省-广州市 |
| --- | --- | --- | --- | --- | --- |
| 行程天数 | 1 | 去程交通 | 无 | 返程交通 | 无 |
| 门市价 |  | 最近班期 |  |  |  |
| 参考航班 |  |  |  |  |  |
| 产品亮点 |  |  |  |  |  |
",ACCURACY,员工答案中张掖和敦煌的主要景点回答正确，但额外提到了嘉峪关城楼，超出标准答案范围。南海湾趣浪戏水节的水上活动回答正确，但增加了额外的描述，如适合家庭参与和增进亲子关系。,32891,"{""answer_accuracy"": {""fuzz_partial_score"": 43, ""verbose_logs"": {""verdict"": {""score"": 85, ""reason"": ""\u5458\u5de5\u7b54\u6848\u4e2d\u5f20\u6396\u548c\u6566\u714c\u7684\u4e3b\u8981\u666f\u70b9\u56de\u7b54\u6b63\u786e\uff0c\u4f46\u989d\u5916\u63d0\u5230\u4e86\u5609\u5cea\u5173\u57ce\u697c\uff0c\u8d85\u51fa\u6807\u51c6\u7b54\u6848\u8303\u56f4\u3002\u5357\u6d77\u6e7e\u8da3\u6d6a\u620f\u6c34\u8282\u7684\u6c34\u4e0a\u6d3b\u52a8\u56de\u7b54\u6b63\u786e\uff0c\u4f46\u589e\u52a0\u4e86\u989d\u5916\u7684\u63cf\u8ff0\uff0c\u5982\u9002\u5408\u5bb6\u5ead\u53c2\u4e0e\u548c\u589e\u8fdb\u4eb2\u5b50\u5173\u7cfb\u3002""}, ""score"": 85, ""reason"": ""\u5458\u5de5\u7b54\u6848\u4e2d\u5f20\u6396\u548c\u6566\u714c\u7684\u4e3b\u8981\u666f\u70b9\u56de\u7b54\u6b63\u786e\uff0c\u4f46\u989d\u5916\u63d0\u5230\u4e86\u5609\u5cea\u5173\u57ce\u697c\uff0c\u8d85\u51fa\u6807\u51c6\u7b54\u6848\u8303\u56f4\u3002\u5357\u6d77\u6e7e\u8da3\u6d6a\u620f\u6c34\u8282\u7684\u6c34\u4e0a\u6d3b\u52a8\u56de\u7b54\u6b63\u786e\uff0c\u4f46\u589e\u52a0\u4e86\u989d\u5916\u7684\u63cf\u8ff0\uff0c\u5982\u9002\u5408\u5bb6\u5ead\u53c2\u4e0e\u548c\u589e\u8fdb\u4eb2\u5b50\u5173\u7cfb\u3002""}}, ""problem_location"": {}, ""context_recall"": {}, ""faith_fulness"": {}, ""answer_recall"": {}}",990,正确,,,,,,
a7fc3695-78a3-439f-8086-56faf478dc35,“惠玩甘青”深度双飞八天和南海湾趣浪戏水节一日游的住宿条件怎么样？,“惠玩甘青”行程的住宿条件为全程舒适型酒店，张掖升级为豪华型酒店，大柴旦/青海湖为干净卫生的双标间。而南海湾趣浪戏水节一日游没有提供住宿安排。,"“惠玩甘青”深度双飞八天的住宿条件为全程舒适型标准酒店，其中张掖升级为豪华型标准酒店，大柴旦和青海湖安排的是干净卫生的双标间。部分青海酒店可能没有空调，热水供应分时段。

南海湾趣浪戏水节一日游的行程中未提及住宿安排，可能需要自行解决住宿问题。","
====================================================================================================分片0====================================================================================================
行程安排

| D1 | D1 |
| --- | --- |
| 行程详情 | 南海湾趣浪戏水节1日游 ——上午10:10-11:10 —— 抵达漾.南海湾营地 前往草帽DIY区域，选择喜欢的颜色 在专业指导或自由发挥下，完成一顶独一无二的草帽作品 ——上午10:10-11:10 —— 抵达漾.南海湾营地 前往足球和飞盘活动区域，与家人一起参与足球比赛或飞盘投掷游戏 在运动中增进亲子关系，享受户外运动的快乐 ——11:10-13:30—— 午餐时间(推荐营地烧烤或景区周边农家乐） ——14:00-15:30—— 抵达南海湾森林生态园 专属亲子时光，毫不退缩，追本溯源，逆流而上，勇往前行。景区湖溪段设置水枪大战区域，客人自行在游玩过程中开展水枪大战，体验清凉的水战乐趣。景区统一提供专业水枪，活动结束后水枪客人可自行带走。 ——15:30-17:00—— 溯溪结束后，可沿着园区内的步道或指定路线，进行森林公园徒步探索活动 观察昆虫、采摘植物，了解当地的生态环境和生物多样性 |
| 用餐 | 早餐：X 午餐：X 晚餐：X |
| 住宿 |  |

====================================================================================================分片1====================================================================================================
惠玩甘青】深度双飞八天Q1【
兰州、武威雷台公园、张掖七彩丹霞、大地之子、海市蜃楼、敦煌莫高窟、鸣沙山月牙泉南八仙雅丹、翡翠湖、茶卡盐湖天空壹号、青海湖二郎剑、塔尔寺全程舒适型酒店+张掖升级豪华型酒店+大柴旦/青海湖为干净卫生双标间
■【产品故事】
探索苍茫大西北，打卡青海湖、茶卡盐湖、大柴旦翡翠湖、水上雅丹，逃离城市，一场全景视觉之旅！大西北的魅力需要用双脚丈量，用双眼记录“大漠孤烟直，长河落日圆”诗人笔下的大漠风情，无限的风，光让人室息，心生向往。古往今来的丝绸之路，它的美是中国的，更是世界的，
让我们来一次大西北旅行吧，这里不仅有诗，还有远方的田野和路上的疯狂
一IJ/JHJPJ
■【行程亮点】
不走回头路，覆盖青甘最经典的美景，广东独立成团收客无限制畅收
独家优待：豪华旅游大巴车，舒适座椅，空座率达到10%以上。
美食尽情享受：山丹铁锅宴青海土火锅丝路花雨宴藏王宴
乐享静谧美梦：全程当地舒适型酒店、张掖升级豪华型酒店，大柴旦/青海湖安排干净卫生双标间
特别赠送：沙漠露营大派送礼包（ATV的体验、滑沙、爬山拍日落、荡桥、海盗船、）
特别赠送：网红玻璃船：乘坐玻璃船、探秘灵动镜湖、听海天一色的声音
独家安排：青海湖篝火晚会：燃起篝火、放下疲惫、心情要好、生活要嗨
暖心赠送：每人一条丝巾、把美好记忆带回家！行程中每人每天1瓶水
暖心赠送：24小时接机服务、随接随走、机场--酒店无缝对接！
暖心赠送：24小时专属管家、任何问题行中随时在线解决
HJITJTJIJILHJUTVA
■【游玩推介】
【七彩丹霞】中国彩虹山，上帝打翻的调色盘，远看似朝霞升腾近观如彩带随风豌蜓飘动；【嘉峪关城楼】长城防线上重要的军事要塞、河西第一隘口，素有“天下第一雄关”之称；【莫高窟】被誉为20世纪最有价值的文化遗产，世界现存佛教艺术最伟大的宝库；【鸣沙山月牙泉】因“泉映月而无尘，亘古沙不填泉，泉不涸竭”而成为奇观成为塞上一绝；【茶卡天空一号】纯净、蓝白交织如一场美梦，真实还原宫崎骏《干与干寻》的场景；【青海湖】中国最美五大湖之首，犹如翡翠玉盘的眼泪，此刻一半湛蓝一半金黄;【塔尔寺】是中国藏传佛教格鲁派六大寺院之一，是西宁最受欢迎的旅游目的地之一。
【行程预览】
====================================================================================================分片2====================================================================================================
南海湾趣浪戏水节一日游

| 产品编号 |  | 出发地 | 中国-广东省-广州市 | 目的地 | 中国-广东省-广州市 |
| --- | --- | --- | --- | --- | --- |
| 行程天数 | 1 | 去程交通 | 无 | 返程交通 | 无 |
| 门市价 |  | 最近班期 |  |  |  |
| 参考航班 |  |  |  |  |  |
| 产品亮点 |  |  |  |  |  |

====================================================================================================分片3====================================================================================================
# 3、牛特别提醒：此天多为无人区、无服务区、多为旱厕、建议备伞

机票含广州至兰州往返不含税机票，机票属于团队票，退票不退任何费用，不可改期、改签等。
）有行车公里数限制及部分路段维修，易发生堵车，发车时间均较早，行程内标注出发及行车时间均为预计，具体情况可能略有不同；行程内所有自由活动期间及行程外均不含用车。请予以理解！
住宿全程舒适型标准酒店，张掖升级豪华型标准酒店，大柴旦/青海湖为干净卫生双标间。1人1床位。客人自愿放弃住宿、费用不退。因西北条件有限，酒店热水分时段供应，青海部分酒店无空调、带独立卫生间。酒店不保证能安排三人间或加床，我社也不提供自然单间，单人报名或出现单男单女元/人。
用餐含7早6正，早餐为酒店配送，不吃不退；正餐餐标30元/人/正，正餐十人一桌、八菜一汤。特色餐50元/人，不吃不退。一桌不足十人菜量会根据实际人数安排或相应减少。
门票全程含行程所列景点首道门票和区间车，标注自理景点除外，（未标明的景点均不含景区门票、区间车和自费项目）。我们会根据当地实际情况在保证游览时间，景点数量不变的情况下，对行程做相应调整，感谢您的配合与支持。注意：此行程已打包特价优惠，学生证/老人证/教师证/军官证等特殊证件均无门票优惠退费，望周知。
保险我社已购买了旅行社责任险，特别提醒旅游者应当按照规定另行投保人身意外伤害保险。
导服当地优秀持证中文导游服务。送机不办理登记牌等相关事宜。请您知晓！
购物全程1个购物店（备注：景区、餐厅商场不属于旅行社所安排的购物店）
儿童身高0.8～1.2米儿童或者12岁以下，不占床不含门票，儿童含当地汽车车位费、早餐费、半价正餐、导服费、往返机票。如需占床请补交单房差，单房差680元/人。
②团费不含
1、景区内的自由活动自行参与的项目，如：园中园门票，环保车、电瓶车、小交通、沙漠活动项目
2、因不可抗力因素所引致的额外费用。
3、因旅游者违约、自身过错、自身疾病导致的人身财产损失而额外支付的费用
4、个人消费，如酒水、饮料、洒店内洗衣、电话等未提到的其它服务
HUHJIMNCJHJ>OIA/JO
③重要告知.
====================================================================================================分片4====================================================================================================
其他说明

| 名称 | 说明 |
| --- | --- |
| 费用包含 | 景区门票、溯溪门票、草帽DIY、冲击水枪1把、溯溪鞋1双、营地足球/飞盘运动项目 （大小同价） |
| 费用不包含 | 自费项目：午餐。推荐漾·南海湾营地特色烧烤90元/人或选择其他，费用自理。 |
| 预订须知 | 出于安全考虑，18岁以下未成年人需要至少一名成年旅客陪同。 |
| 退改规则 | *产品不支持部分退 *如需改期，请申请退订后重新预订。 |
",ACCURACY,员工答案基本涵盖了标准答案中的所有关键点，包括‘惠玩甘青’行程的住宿条件和南海湾趣浪戏水节一日游无住宿安排。额外提到了部分青海酒店可能没有空调和热水供应分时段的情况，但这些信息并未超出标准答案的核心内容，且对游客有实际参考价值。,38368,"{""answer_accuracy"": {""fuzz_partial_score"": 66, ""verbose_logs"": {""verdict"": {""score"": 85, ""reason"": ""\u5458\u5de5\u7b54\u6848\u57fa\u672c\u6db5\u76d6\u4e86\u6807\u51c6\u7b54\u6848\u4e2d\u7684\u6240\u6709\u5173\u952e\u70b9\uff0c\u5305\u62ec\u2018\u60e0\u73a9\u7518\u9752\u2019\u884c\u7a0b\u7684\u4f4f\u5bbf\u6761\u4ef6\u548c\u5357\u6d77\u6e7e\u8da3\u6d6a\u620f\u6c34\u8282\u4e00\u65e5\u6e38\u65e0\u4f4f\u5bbf\u5b89\u6392\u3002\u989d\u5916\u63d0\u5230\u4e86\u90e8\u5206\u9752\u6d77\u9152\u5e97\u53ef\u80fd\u6ca1\u6709\u7a7a\u8c03\u548c\u70ed\u6c34\u4f9b\u5e94\u5206\u65f6\u6bb5\u7684\u60c5\u51b5\uff0c\u4f46\u8fd9\u4e9b\u4fe1\u606f\u5e76\u672a\u8d85\u51fa\u6807\u51c6\u7b54\u6848\u7684\u6838\u5fc3\u5185\u5bb9\uff0c\u4e14\u5bf9\u6e38\u5ba2\u6709\u5b9e\u9645\u53c2\u8003\u4ef7\u503c\u3002""}, ""score"": 85, ""reason"": ""\u5458\u5de5\u7b54\u6848\u57fa\u672c\u6db5\u76d6\u4e86\u6807\u51c6\u7b54\u6848\u4e2d\u7684\u6240\u6709\u5173\u952e\u70b9\uff0c\u5305\u62ec\u2018\u60e0\u73a9\u7518\u9752\u2019\u884c\u7a0b\u7684\u4f4f\u5bbf\u6761\u4ef6\u548c\u5357\u6d77\u6e7e\u8da3\u6d6a\u620f\u6c34\u8282\u4e00\u65e5\u6e38\u65e0\u4f4f\u5bbf\u5b89\u6392\u3002\u989d\u5916\u63d0\u5230\u4e86\u90e8\u5206\u9752\u6d77\u9152\u5e97\u53ef\u80fd\u6ca1\u6709\u7a7a\u8c03\u548c\u70ed\u6c34\u4f9b\u5e94\u5206\u65f6\u6bb5\u7684\u60c5\u51b5\uff0c\u4f46\u8fd9\u4e9b\u4fe1\u606f\u5e76\u672a\u8d85\u51fa\u6807\u51c6\u7b54\u6848\u7684\u6838\u5fc3\u5185\u5bb9\uff0c\u4e14\u5bf9\u6e38\u5ba2\u6709\u5b9e\u9645\u53c2\u8003\u4ef7\u503c\u3002""}}, ""problem_location"": {}, ""context_recall"": {}, ""faith_fulness"": {}, ""answer_recall"": {}}",767,正确,,,,,,
edcb378f-5684-4d92-92e0-f46998bba27b,在“惠玩甘青”深度双飞八天的行程中，游客可以体验哪些特别赠送的项目？同时，在南海湾趣浪戏水节一日游中，游客可以参与哪些活动？,在“惠玩甘青”深度双飞八天的行程中，游客可以体验的特别赠送项目包括沙漠露营大派送礼包（如ATV体验、滑沙、爬山拍日落等）、网红玻璃船体验、青海湖篝火晚会、每人一条丝巾、每天1瓶水、24小时接机服务和24小时专属管家服务。在南海湾趣浪戏水节一日游中，游客可以参与草帽DIY、足球和飞盘活动、水枪大战以及森林公园徒步探索活动。,"在“惠玩甘青”深度双飞八天的行程中，游客可以体验以下特别赠送的项目：
1. 沙漠露营大派送礼包：包括ATV体验、滑沙、爬山拍日落、荡桥、海盗船等。
2. 网红玻璃船：乘坐玻璃船，探秘灵动镜湖。
3. 每人赠送一条丝巾。
4. 每人每天一瓶水。
5. 24小时接机服务。
6. 24小时专属管家服务。

在南海湾趣浪戏水节一日游中，游客可以参与以下活动：
1. 草帽DIY：制作独一无二的草帽。
2. 足球和飞盘活动：与家人一起参与，增进亲子关系。
3. 午餐时间：推荐营地烧烤或景区周边农家乐。
4. 水枪大战：在景区湖溪段体验清凉的水战乐趣。
5. 森林公园徒步探索：观察昆虫、采摘植物，了解当地生态环境和生物多样性。","
====================================================================================================分片0====================================================================================================
惠玩甘青】深度双飞八天Q1【
兰州、武威雷台公园、张掖七彩丹霞、大地之子、海市蜃楼、敦煌莫高窟、鸣沙山月牙泉南八仙雅丹、翡翠湖、茶卡盐湖天空壹号、青海湖二郎剑、塔尔寺全程舒适型酒店+张掖升级豪华型酒店+大柴旦/青海湖为干净卫生双标间
■【产品故事】
探索苍茫大西北，打卡青海湖、茶卡盐湖、大柴旦翡翠湖、水上雅丹，逃离城市，一场全景视觉之旅！大西北的魅力需要用双脚丈量，用双眼记录“大漠孤烟直，长河落日圆”诗人笔下的大漠风情，无限的风，光让人室息，心生向往。古往今来的丝绸之路，它的美是中国的，更是世界的，
让我们来一次大西北旅行吧，这里不仅有诗，还有远方的田野和路上的疯狂
一IJ/JHJPJ
■【行程亮点】
不走回头路，覆盖青甘最经典的美景，广东独立成团收客无限制畅收
独家优待：豪华旅游大巴车，舒适座椅，空座率达到10%以上。
美食尽情享受：山丹铁锅宴青海土火锅丝路花雨宴藏王宴
乐享静谧美梦：全程当地舒适型酒店、张掖升级豪华型酒店，大柴旦/青海湖安排干净卫生双标间
特别赠送：沙漠露营大派送礼包（ATV的体验、滑沙、爬山拍日落、荡桥、海盗船、）
特别赠送：网红玻璃船：乘坐玻璃船、探秘灵动镜湖、听海天一色的声音
独家安排：青海湖篝火晚会：燃起篝火、放下疲惫、心情要好、生活要嗨
暖心赠送：每人一条丝巾、把美好记忆带回家！行程中每人每天1瓶水
暖心赠送：24小时接机服务、随接随走、机场--酒店无缝对接！
暖心赠送：24小时专属管家、任何问题行中随时在线解决
HJITJTJIJILHJUTVA
■【游玩推介】
【七彩丹霞】中国彩虹山，上帝打翻的调色盘，远看似朝霞升腾近观如彩带随风豌蜓飘动；【嘉峪关城楼】长城防线上重要的军事要塞、河西第一隘口，素有“天下第一雄关”之称；【莫高窟】被誉为20世纪最有价值的文化遗产，世界现存佛教艺术最伟大的宝库；【鸣沙山月牙泉】因“泉映月而无尘，亘古沙不填泉，泉不涸竭”而成为奇观成为塞上一绝；【茶卡天空一号】纯净、蓝白交织如一场美梦，真实还原宫崎骏《干与干寻》的场景；【青海湖】中国最美五大湖之首，犹如翡翠玉盘的眼泪，此刻一半湛蓝一半金黄;【塔尔寺】是中国藏传佛教格鲁派六大寺院之一，是西宁最受欢迎的旅游目的地之一。
【行程预览】
====================================================================================================分片1====================================================================================================
行程安排

| D1 | D1 |
| --- | --- |
| 行程详情 | 南海湾趣浪戏水节1日游 ——上午10:10-11:10 —— 抵达漾.南海湾营地 前往草帽DIY区域，选择喜欢的颜色 在专业指导或自由发挥下，完成一顶独一无二的草帽作品 ——上午10:10-11:10 —— 抵达漾.南海湾营地 前往足球和飞盘活动区域，与家人一起参与足球比赛或飞盘投掷游戏 在运动中增进亲子关系，享受户外运动的快乐 ——11:10-13:30—— 午餐时间(推荐营地烧烤或景区周边农家乐） ——14:00-15:30—— 抵达南海湾森林生态园 专属亲子时光，毫不退缩，追本溯源，逆流而上，勇往前行。景区湖溪段设置水枪大战区域，客人自行在游玩过程中开展水枪大战，体验清凉的水战乐趣。景区统一提供专业水枪，活动结束后水枪客人可自行带走。 ——15:30-17:00—— 溯溪结束后，可沿着园区内的步道或指定路线，进行森林公园徒步探索活动 观察昆虫、采摘植物，了解当地的生态环境和生物多样性 |
| 用餐 | 早餐：X 午餐：X 晚餐：X |
| 住宿 |  |

====================================================================================================分片2====================================================================================================
南海湾趣浪戏水节一日游

| 产品编号 |  | 出发地 | 中国-广东省-广州市 | 目的地 | 中国-广东省-广州市 |
| --- | --- | --- | --- | --- | --- |
| 行程天数 | 1 | 去程交通 | 无 | 返程交通 | 无 |
| 门市价 |  | 最近班期 |  |  |  |
| 参考航班 |  |  |  |  |  |
| 产品亮点 |  |  |  |  |  |

====================================================================================================分片3====================================================================================================
其他说明

| 名称 | 说明 |
| --- | --- |
| 费用包含 | 景区门票、溯溪门票、草帽DIY、冲击水枪1把、溯溪鞋1双、营地足球/飞盘运动项目 （大小同价） |
| 费用不包含 | 自费项目：午餐。推荐漾·南海湾营地特色烧烤90元/人或选择其他，费用自理。 |
| 预订须知 | 出于安全考虑，18岁以下未成年人需要至少一名成年旅客陪同。 |
| 退改规则 | *产品不支持部分退 *如需改期，请申请退订后重新预订。 |

====================================================================================================分片4====================================================================================================
# 3、牛特别提醒：此天多为无人区、无服务区、多为旱厕、建议备伞

应国家最高人民法院失信人（包括失信人被执行人、限制消费人员）不得乘坐飞机之规定，各大航空公司不允许失信人购买飞机票：（详情参见：中国执行信息公开网相关声明http://zxgk.court.gov.cn)。如果游客属于失信人请勿报团出行！如已列为失信人的游客仍决定参团出游的，请于报名缴费前向旅行社明确说明此情况，由旅行社安排是否参团。
如游客违反告知义务，需自行承担旅游不能成行、购机票不能退回的损失天（包括占位虚耗机位未能出票的机票全款损失）旅行社将按照旅游法之规定退款，且不能开具任何发票。游客违反告知义务，若法制航空公司全团旅客座位，将承担其他游客的购票损失即不能按时出行之损失的赔偿责任。，国家失信人验证官网为: http://shixin.court.qov.cn
④出游提示.
1、西北地区昼夜温差大，即使在夏季也建议您带两件较厚的衣物，及时增添衣物，有备无患。此外请准备防晒用品如防晒霜及防紫外线眼镜
2、青海湖3200米-3500米左右，紫外线较强，加之旅游本身是件较为辛苦的事情，请游客在旅游西部美丽风光的同时也做好长途旅行的心理准备。
3、西北地区由于地域辽阔，和东部地区存在一定的时差（约相差1-1.5小时），景点之间车程较长，请游客在来西北旅游时注意休息调配好时间，以充足的体力参加旅游活动。另外穿一双合脚、透气性好的鞋，可以为您的旅途省去不必要的麻烦，让您的心思能全部放在景点上。
4、来到青海，特色之一是清真餐多，汉餐少，在饮食口味上您要有心理准备，还有受旅游地自然条件限制，景点沿途餐厅的条件与内陆旅游发达地区相比较，无论从软硬件设施或饭菜质量都有一定的差距，且北方大部分地区口味偏重，喜辛辣。但我们尽最大努力与餐厅协调，满足不同游客的需求。藏区的酥油茶之类食品不太适合内地人肠胃，不能多吃。当地有待客的酥油茶空碗必重新添满的习俗，故建议始终保持碗内酥油茶三分之二满，如此既不伤害藏民感情又保护自己，建议携带黄莲素之类止泻药。部分清真餐厅不允许喝酒，请入乡随俗。",ACCURACY,在‘惠玩甘青’深度双飞八天的行程中，员工答案多出了‘荡桥’和‘海盗船’两个项目，超出了标准答案范围，扣5分。在南海湾趣浪戏水节一日游中，员工答案多出了‘午餐时间’，超出了标准答案范围，扣5分。同时，员工答案缺少了‘青海湖篝火晚会’，扣10分。,35070,"{""answer_accuracy"": {""fuzz_partial_score"": 61, ""verbose_logs"": {""verdict"": {""score"": 75, ""reason"": ""\u5728\u2018\u60e0\u73a9\u7518\u9752\u2019\u6df1\u5ea6\u53cc\u98de\u516b\u5929\u7684\u884c\u7a0b\u4e2d\uff0c\u5458\u5de5\u7b54\u6848\u591a\u51fa\u4e86\u2018\u8361\u6865\u2019\u548c\u2018\u6d77\u76d7\u8239\u2019\u4e24\u4e2a\u9879\u76ee\uff0c\u8d85\u51fa\u4e86\u6807\u51c6\u7b54\u6848\u8303\u56f4\uff0c\u62635\u5206\u3002\u5728\u5357\u6d77\u6e7e\u8da3\u6d6a\u620f\u6c34\u8282\u4e00\u65e5\u6e38\u4e2d\uff0c\u5458\u5de5\u7b54\u6848\u591a\u51fa\u4e86\u2018\u5348\u9910\u65f6\u95f4\u2019\uff0c\u8d85\u51fa\u4e86\u6807\u51c6\u7b54\u6848\u8303\u56f4\uff0c\u62635\u5206\u3002\u540c\u65f6\uff0c\u5458\u5de5\u7b54\u6848\u7f3a\u5c11\u4e86\u2018\u9752\u6d77\u6e56\u7bdd\u706b\u665a\u4f1a\u2019\uff0c\u626310\u5206\u3002""}, ""score"": 75, ""reason"": ""\u5728\u2018\u60e0\u73a9\u7518\u9752\u2019\u6df1\u5ea6\u53cc\u98de\u516b\u5929\u7684\u884c\u7a0b\u4e2d\uff0c\u5458\u5de5\u7b54\u6848\u591a\u51fa\u4e86\u2018\u8361\u6865\u2019\u548c\u2018\u6d77\u76d7\u8239\u2019\u4e24\u4e2a\u9879\u76ee\uff0c\u8d85\u51fa\u4e86\u6807\u51c6\u7b54\u6848\u8303\u56f4\uff0c\u62635\u5206\u3002\u5728\u5357\u6d77\u6e7e\u8da3\u6d6a\u620f\u6c34\u8282\u4e00\u65e5\u6e38\u4e2d\uff0c\u5458\u5de5\u7b54\u6848\u591a\u51fa\u4e86\u2018\u5348\u9910\u65f6\u95f4\u2019\uff0c\u8d85\u51fa\u4e86\u6807\u51c6\u7b54\u6848\u8303\u56f4\uff0c\u62635\u5206\u3002\u540c\u65f6\uff0c\u5458\u5de5\u7b54\u6848\u7f3a\u5c11\u4e86\u2018\u9752\u6d77\u6e56\u7bdd\u706b\u665a\u4f1a\u2019\uff0c\u626310\u5206\u3002""}}, ""problem_location"": {}, ""context_recall"": {}, ""faith_fulness"": {}, ""answer_recall"": {}}",1019,正确,,,,,,
98efba7c-3135-4d0d-8715-3fd841aa203f,在溯溪活动中，景区提供的水枪是否可以带走？,是的，景区提供的水枪活动结束后客人可以自行带走。,根据行程安排，景区提供的水枪是可以带走的。在溯溪活动中，景区会为每位客人提供专业水枪，活动结束后水枪可以自行带走。,"
====================================================================================================分片0====================================================================================================
行程安排

| D1 | D1 |
| --- | --- |
| 行程详情 | 南海湾趣浪戏水节1日游 ——上午10:10-11:10 —— 抵达漾.南海湾营地 前往草帽DIY区域，选择喜欢的颜色 在专业指导或自由发挥下，完成一顶独一无二的草帽作品 ——上午10:10-11:10 —— 抵达漾.南海湾营地 前往足球和飞盘活动区域，与家人一起参与足球比赛或飞盘投掷游戏 在运动中增进亲子关系，享受户外运动的快乐 ——11:10-13:30—— 午餐时间(推荐营地烧烤或景区周边农家乐） ——14:00-15:30—— 抵达南海湾森林生态园 专属亲子时光，毫不退缩，追本溯源，逆流而上，勇往前行。景区湖溪段设置水枪大战区域，客人自行在游玩过程中开展水枪大战，体验清凉的水战乐趣。景区统一提供专业水枪，活动结束后水枪客人可自行带走。 ——15:30-17:00—— 溯溪结束后，可沿着园区内的步道或指定路线，进行森林公园徒步探索活动 观察昆虫、采摘植物，了解当地的生态环境和生物多样性 |
| 用餐 | 早餐：X 午餐：X 晚餐：X |
| 住宿 |  |

====================================================================================================分片1====================================================================================================
其他说明

| 名称 | 说明 |
| --- | --- |
| 费用包含 | 景区门票、溯溪门票、草帽DIY、冲击水枪1把、溯溪鞋1双、营地足球/飞盘运动项目 （大小同价） |
| 费用不包含 | 自费项目：午餐。推荐漾·南海湾营地特色烧烤90元/人或选择其他，费用自理。 |
| 预订须知 | 出于安全考虑，18岁以下未成年人需要至少一名成年旅客陪同。 |
| 退改规则 | *产品不支持部分退 *如需改期，请申请退订后重新预订。 |

====================================================================================================分片2====================================================================================================
1.各景区、酒店以及公路服务区内均有商品销售，不属于行程内购物店范畴；
2.此行程中涉及的购物店以及购物店相关商品，请客人谨慎购买，客人在购物店购买商品时，请根据个人需要及喜好理性消费，绝不强迫购物；售出商品请客人自行保管好发票及购物小票，作为今后退换货品的唯一凭证，我社将依据相关法律配合客人换货品，游客在上述购物店中为自愿购物，所购商品非质量问题一律予退还：不
3.非在本协议内商场商店内购买的商品，我社不提供退换货的协助工作，敬请谅解。
本人为年满18周岁公民，具有正常的民事行为能力(已详细阅读以上内容，对以上内容组团社已详细说明），本人自愿在自由活动期间，跟随导游前往上述自费旅游景点以及购物店，对于所有上述自费旅游项目的详细情况以及有可能发生的潜在风险均已了解，其余详尽事宜，已在上述说明中阐述，本人完全明白，对此毫无异议。（请出行的每位游客均签字）
旅游者本人 (盖章或者签字)
签订日期：
组团社旅行社(盖章)",ACCURACY,员工答案准确回答了考官问题，且提供了额外的背景信息，但未超出标准答案的关键点范围。,12140,"{""answer_accuracy"": {""fuzz_partial_score"": 67, ""verbose_logs"": {""verdict"": {""score"": 95, ""reason"": ""\u5458\u5de5\u7b54\u6848\u51c6\u786e\u56de\u7b54\u4e86\u8003\u5b98\u95ee\u9898\uff0c\u4e14\u63d0\u4f9b\u4e86\u989d\u5916\u7684\u80cc\u666f\u4fe1\u606f\uff0c\u4f46\u672a\u8d85\u51fa\u6807\u51c6\u7b54\u6848\u7684\u5173\u952e\u70b9\u8303\u56f4\u3002""}, ""score"": 95, ""reason"": ""\u5458\u5de5\u7b54\u6848\u51c6\u786e\u56de\u7b54\u4e86\u8003\u5b98\u95ee\u9898\uff0c\u4e14\u63d0\u4f9b\u4e86\u989d\u5916\u7684\u80cc\u666f\u4fe1\u606f\uff0c\u4f46\u672a\u8d85\u51fa\u6807\u51c6\u7b54\u6848\u7684\u5173\u952e\u70b9\u8303\u56f4\u3002""}}, ""problem_location"": {}, ""context_recall"": {}, ""faith_fulness"": {}, ""answer_recall"": {}}",623,正确,,,,,,
158de7a9-005b-4e72-aaef-abfa601eac0f,参观莫高窟时需要注意哪些事项？,参观莫高窟时需要注意的事项包括提前30天预约、可能会出现预约时间不一致的情况、如遇天气原因导致洞窟暂停开放需配合工作人员的安排，以及需遵循防晒、防风沙、防暑的原则。,"参观莫高窟时需要注意以下事项：

1. **预约和购票**：莫高窟需要提前预约，团队参观时间会根据订单时间安排，可能会出现参观时间不一致的情况。如果预约A票，可能需要额外支付差价。

2. **天气影响**：莫高窟是世界文化遗产，需精心保护。如遇降雨或沙尘天气，部分洞窟可能关闭，参观计划可能调整，费用会按相关规定退还。

3. **穿着建议**：敦煌地处沙漠，紫外线强烈，建议穿防晒、防风沙、防暑的衣物。

4. **参观时间**：莫高窟的参观时间以预约为准，可能会根据预约情况调整参观顺序。

5. **注意事项**：在参观过程中，需遵守工作人员的安排，配合参观秩序，不要触摸或损坏文物。

希望这些信息能帮助您顺利参观莫高窟，祝您旅途愉快！","
====================================================================================================分片0====================================================================================================
【参考酒店】敦煌慕礼酒店/敦煌石油大厦/桓宇酒店/安和大酒店/飞天大酒店/石油大厦/茉雅庄/兰新/嘉锦/玺迎缘/玺迎客滨河国际酒店/新泰大酒店天河湾酒店/丽都国际大酒店/华荣大酒店/天宇大酒店或同级别
【餐饮安排】早/中
早餐后参观见【莫高窟】（此行程含B票，若预约莫高窟A票，则需补138元的差价）（游览约2.5小时)坐落于河西走廊的西部尽头的敦煌，它的开凿从十六国时期至元代，经历了一千年才建成的，这在中国及世界都是罕见的，莫高窟的建筑规制特别，内藏玄机以石窟建筑而成的形式规制，外边朴实，内里惊艳。随后赴鸣沙山，参观【鸣沙山月牙泉】（含门票）（游览约2小时）是国家认证的5A级景区，历来以""山泉共处，沙泉共生""的奇景闻名于世，是游客最喜欢的敦煌打卡点之一。在这里，你可以看日出日落，也可以听驼铃悠扬;可以在温柔的沙海里，静默地放空;也可以从高耸的沙山顶上，奔跑而下，体验一把久违的自由。风景优美，妙趣横生，说起来，这个地方，是无愧于人们对她的钟爱与追捧。后入住酒店。
A/F温馨提示：
1、莫高窟预约及购票
1）提前30天开放预约，团队参观时间会按照订单签约时间依次进行预约，故同团中会出现预约莫高窟参观时间不一致的问题，甚至个别无票情况，我社会安排西干佛洞及敦煌博物馆代替。给您带来不便，敬请谅解！
2）莫高窟是集珍贵性、脆弱性为一体的世界文化遗产，需要我们精心的呵护。在参观过程中遇到因降雨、沙尘天气导致洞窟暂停开放，请您配合工作人员的安排，如延时开放，则推迟参观计划，如无法参观则按莫高窟规定退还门票费用。
2、莫高窟参观时间以预约时间为准、可能会根据预约时间调换参观顺序。
3、此天行程安排莫高窟B类票、（莫高窟4.1号起开始执行售完A票才售B类票、若实际运行中、门票产生为A票则需补差价138元/人）
4、敦煌地处沙漠，干旱少雨，紫外线强烈，穿衣遵循防晒、防风沙、防暑的原则
![image](/api/v1/kb/datas/images/d1ca542d-8b06-4929-93d2-47398c357bb7.jpeg) 
DAY 5．敦煌-南八仙-翡翠湖-大柴旦 (全程约 530 公里，车程约8小时）
上
【参考酒店】大柴旦黎明假日酒店/大柴旦华庭商务/大柴旦聚鑫商务/慕山丽璟假日宾/万和馨悦/红崖酒店/天成大酒店/大柴旦高原蓝/大柴旦浩宇大酒店/大柴旦晒北酒店或同级
====================================================================================================分片1====================================================================================================
# 3、牛特别提醒：此天多为无人区、无服务区、多为旱厕、建议备伞

5、受旅游发展限制，青海地区酒店发展较慢，硬件及软件方面较内地落后，门面大厅及房间面积相对较小请不要用内地标准星级酒店来衡量西北的酒店，青海地区房间均无空调设备（除五星级酒店）
6、西北地区受宗教影响，风俗习惯与我们不同，游览时请谨记地陪宣布有关旅游注意事项，入乡随俗，在任何场合下都不要提及有关少数民族的政治问题，配合好地陪工作。穆斯林民族地区(包括西北地区回、维吾尔、撒拉、哈萨克等十个民族）、、（1）忌食猪、狗、马、骤等不反刍动物的肉及一切动物的血，不食自死动物；；(2）进入清真寺禁止吸烟、饮酒、在礼拜堂内禁止拍照；：（3）点忌讳在回族聚集的地方或清真餐厅谈论关于“猪”白的话题，这是民族感情问题哦。
7、一般寺庙内是严禁拍摄的，偷拍后果十分严重。有些地方注明付款后才可拍摄，如有需要，请按当地规定执行，拍摄人物，尤其是僧侣、妇女，取景前一定要经对方允许，以免不必要的麻烦，在野外拍摄时，谨记安全第一，注意自身身体状况，请大家保管好随身拍摄器材，谨防丢失。
8、旅游者应做好身体方面的准备，并自带一些常用必备的药品，如：感冒药、腹泻药、红景天、阿司匹林百服宁、保心丸等药品及创可帖、清凉油等。
9、当地特产：冬虫夏草.鹿茸.麝香.西宁毛（藏系羊毛）湟源银器.饰品.藏刀.地毯等；青海小吃：西宁涮羊肉.烤羊肉.手抓羊肉.羊羔肉.酸奶.甜酪.子.酿皮.尕面片.青稞酒.酥油粑.肉奶制品奶酪.甜奶粉及羊杂碎等。10.特殊限制：
为了确保旅游顺利出行，防止旅途中发生人身意外伤害事故，请旅游者在出行前做一次必要的身体检查如存在下列情况，因服务能力所限无法接待：
(1)↑传染性疾病患者，如传染性肝炎、活动期肺结核、伤寒等传染病人；
（2）心血管疾病患者，如严重高血压、心功能不全、心肌缺氧、心肌梗塞等病人；
(3）脑血管疾病患者，如脑栓塞、脑出血、脑肿瘤等病人;
（4）呼吸系统疾病患者，如肺气肿、肺心病等病人;
（5）米精神病患者，如癫痫及各种精神病人;
（6）严重贫血病患者，如血红蛋白量水平在50克/升以下的病人；
（7）大中型手术的恢复期病患者；孕妇及行动不便者。
10.老年人：如年龄达到75-79周岁，需要家属陪同+体检证明！70-75周岁，需要体检证明+责任书！60-69周岁，需要签署安全责任书！敬请谅解！
====================================================================================================分片2====================================================================================================
# 3、牛特别提醒：此天多为无人区、无服务区、多为旱厕、建议备伞

早餐后参观前往游览【高原藏寨】（参观约90-120分钟），令领略青海藏族的风土人情，参观神秘的藏族部落，感受汉藏结合地区的茶马互市。随后前往西宁，参观【塔尔寺】（含门票，不含区间车35元/人，讲解费15元/人起)（游览约2小时）），是中国藏传佛教格鲁派六大寺院之一，也是世界第二大佛宗喀巴大师的诞生地有600多年历史，是西宁最受欢迎的旅游目的地之一。随后前往兰州，抵达后入住酒店。温馨提示：
1、在寺院里，不能用手摸佛经、佛像、法器等，更不能跨越，不允许游客拍照
2、车转经轮时，一定是从左向右，不要乱摸藏族人的头和帽子；
3、青海较为干燥，请随时注意补充水分，多饮水。紫外线强烈，请备口罩，防晒霜，太阳眼镜等物品
![image](/api/v1/kb/datas/images/4c45a420-716b-4324-9633-d202a009953e.jpeg) 
DAY8.兰州市区/新区－广州（飞行时间约3小时）
?f.rr-IrrlA 参考航班】兰州-广州/MU23055/15:30-18:40、MU2219/07:45-10:55，具体以出票航班为准
【参考酒店】温馨的家 【餐饮安排】早餐
今天您可以睡到自然醒，消除这几天来的舟车疲劳，也可以早起酒店用完早餐后自由活动，自行安排午餐后酒店集合前往【黄河风情线】，黄河风情线大景区是兰州市独有的沿河景观带，全长123公里。其中，核心段全长42公里，覆盖475万平方米，沿线建有21座主题公园，音乐喷泉、健身步道、城市书吧星罗棋布，成为兰州的]""网红打卡地""
随后根据回程航班信息合理安排时间适时前往机场。搭乘航班返回结束愉快的西北之旅。
备注：如果航班是早班机回程，当天无行程安排，请谅解！
温馨提示：
1、1临行前请旅客检查个人随身物品是否齐全！
2、今天用车为普通旅游大巴车请知悉
3、酒店退房时间为中午12点，请提前退房。
4.兰州到机场80KM/约1.5小时车程、请提前4小时前往机场、以免误机
FPSJNLIJUWVUO
全程结束祝您旅途愉快！
■【接待标准以及自费项目说明】
①团费包含.
====================================================================================================分片3====================================================================================================
1、景区游览大概需要2小时。西北天气多变，带好雨具和防晒霜哦。如果时间来的急，最好待到6点之后，看看夕阳西下阳关洒在丹霞上，格外美丽。
2、张掖少数民族较多，旅途中注意对少数民族习俗的尊重。
3、甘川小吃一条街位于张掖市民主东街。街道两侧有各种小吃摊点一字排开，提供张掖特有的搓鱼面、羊肉粉皮面筋、香饭、小饭、煎血肠、羊头汤、鱼儿粉、灰豆汤、鸡肉垫卷子、山丹油果等各种风味小吃。其中鸡肉垫卷子最为有名，鸡肉垫卷子将薄面皮抹油撒葱花成卷，切段入嫩鸡肉汤蒸煮，汤煮尽出锅即可食。
DAY3.张掖-嘉峪关城楼娄（230KM，约3小时）-大地之子-海市蜃楼（约250公里，约3.5小时）-敦煌（约120公里，约2小时）
【参考酒店】敦煌慕礼酒店/敦煌石油大厦/桓宇酒店/安和大酒店/飞天大酒店/石油大厦/茉雅庄/兰新/嘉锦/玺迎缘/玺迎客滨河国际酒店/新泰大酒店天河湾酒店/丽都国际大酒店/华荣大酒店/天宇大酒店或同级别
【餐饮安排】早/中
早餐后前往【嘉峪关关城】（自理门票，不含电瓶车）（参观约1.5小时），内城外墙勾连环接，箭楼角楼相倚相望。万里黄沙间汉长城似游龙浮动，烽燧遗墩、断壁残垣若隐若现，犹如一幅凝聚着边塞沧桑的历史画卷。这里就是历史战争中最伟大的传奇之所，中华民族抵御外虏入侵的第一站。无数唐朝诗人在这里留下千古名篇，让人梦回萦绕。铮铮铁血在这里展现得淋漓尽致。站在它的脚下，才会真正被这座天下第一关所折服！随后出发前往瓜州，参观【大地之子】（参观约30分钟）是一座在戈壁滩上趴着熟睡的巨婴雕塑把人类比作一个孩子，在地球母亲的怀抱里熟睡。寓意是提醒我们要尊重爱护自己赖以生存的家园，从而减少对地球的破坏，也有在戈壁滩上多出了勃勃生机的意味。后参观【海市蜃楼】是雕塑群的其中之一，整个工程用特殊定制脚手架，几万个扣件连接起约6300根白色脚架，仿佛在戈壁上立起了一片海市蜃楼。随后前往敦煌，抵达敦煌后入住酒店。
温馨提示：
1、途中会经过高速休息站瓜州服务区，内有当地商贩在此兜售特产和瓜果，请您谨慎选择，此处非本产品指定购物店2、做好防晒，带些水。
3、带上身份证，需要刷身份证进入。
![image](/api/v1/kb/datas/images/8eb1690b-1188-4a60-b042-62fb0746ee53.jpeg) 丰万里毛城一弟甘装
====================================================================================================分片4====================================================================================================
惠玩甘青】深度双飞八天Q1【
兰州、武威雷台公园、张掖七彩丹霞、大地之子、海市蜃楼、敦煌莫高窟、鸣沙山月牙泉南八仙雅丹、翡翠湖、茶卡盐湖天空壹号、青海湖二郎剑、塔尔寺全程舒适型酒店+张掖升级豪华型酒店+大柴旦/青海湖为干净卫生双标间
■【产品故事】
探索苍茫大西北，打卡青海湖、茶卡盐湖、大柴旦翡翠湖、水上雅丹，逃离城市，一场全景视觉之旅！大西北的魅力需要用双脚丈量，用双眼记录“大漠孤烟直，长河落日圆”诗人笔下的大漠风情，无限的风，光让人室息，心生向往。古往今来的丝绸之路，它的美是中国的，更是世界的，
让我们来一次大西北旅行吧，这里不仅有诗，还有远方的田野和路上的疯狂
一IJ/JHJPJ
■【行程亮点】
不走回头路，覆盖青甘最经典的美景，广东独立成团收客无限制畅收
独家优待：豪华旅游大巴车，舒适座椅，空座率达到10%以上。
美食尽情享受：山丹铁锅宴青海土火锅丝路花雨宴藏王宴
乐享静谧美梦：全程当地舒适型酒店、张掖升级豪华型酒店，大柴旦/青海湖安排干净卫生双标间
特别赠送：沙漠露营大派送礼包（ATV的体验、滑沙、爬山拍日落、荡桥、海盗船、）
特别赠送：网红玻璃船：乘坐玻璃船、探秘灵动镜湖、听海天一色的声音
独家安排：青海湖篝火晚会：燃起篝火、放下疲惫、心情要好、生活要嗨
暖心赠送：每人一条丝巾、把美好记忆带回家！行程中每人每天1瓶水
暖心赠送：24小时接机服务、随接随走、机场--酒店无缝对接！
暖心赠送：24小时专属管家、任何问题行中随时在线解决
HJITJTJIJILHJUTVA
■【游玩推介】
【七彩丹霞】中国彩虹山，上帝打翻的调色盘，远看似朝霞升腾近观如彩带随风豌蜓飘动；【嘉峪关城楼】长城防线上重要的军事要塞、河西第一隘口，素有“天下第一雄关”之称；【莫高窟】被誉为20世纪最有价值的文化遗产，世界现存佛教艺术最伟大的宝库；【鸣沙山月牙泉】因“泉映月而无尘，亘古沙不填泉，泉不涸竭”而成为奇观成为塞上一绝；【茶卡天空一号】纯净、蓝白交织如一场美梦，真实还原宫崎骏《干与干寻》的场景；【青海湖】中国最美五大湖之首，犹如翡翠玉盘的眼泪，此刻一半湛蓝一半金黄;【塔尔寺】是中国藏传佛教格鲁派六大寺院之一，是西宁最受欢迎的旅游目的地之一。
【行程预览】",ACCURACY,员工答案涵盖了标准答案中的所有关键点，包括提前预约、时间不一致、天气影响、防晒防风沙防暑。额外提供了参观时间调整、遵守秩序等信息，但这些信息并未超出标准答案的核心要求，因此扣5分。,22060,"{""answer_accuracy"": {""fuzz_partial_score"": 39, ""verbose_logs"": {""verdict"": {""score"": 85, ""reason"": ""\u5458\u5de5\u7b54\u6848\u6db5\u76d6\u4e86\u6807\u51c6\u7b54\u6848\u4e2d\u7684\u6240\u6709\u5173\u952e\u70b9\uff0c\u5305\u62ec\u63d0\u524d\u9884\u7ea6\u3001\u65f6\u95f4\u4e0d\u4e00\u81f4\u3001\u5929\u6c14\u5f71\u54cd\u3001\u9632\u6652\u9632\u98ce\u6c99\u9632\u6691\u3002\u989d\u5916\u63d0\u4f9b\u4e86\u53c2\u89c2\u65f6\u95f4\u8c03\u6574\u3001\u9075\u5b88\u79e9\u5e8f\u7b49\u4fe1\u606f\uff0c\u4f46\u8fd9\u4e9b\u4fe1\u606f\u5e76\u672a\u8d85\u51fa\u6807\u51c6\u7b54\u6848\u7684\u6838\u5fc3\u8981\u6c42\uff0c\u56e0\u6b64\u62635\u5206\u3002""}, ""score"": 85, ""reason"": ""\u5458\u5de5\u7b54\u6848\u6db5\u76d6\u4e86\u6807\u51c6\u7b54\u6848\u4e2d\u7684\u6240\u6709\u5173\u952e\u70b9\uff0c\u5305\u62ec\u63d0\u524d\u9884\u7ea6\u3001\u65f6\u95f4\u4e0d\u4e00\u81f4\u3001\u5929\u6c14\u5f71\u54cd\u3001\u9632\u6652\u9632\u98ce\u6c99\u9632\u6691\u3002\u989d\u5916\u63d0\u4f9b\u4e86\u53c2\u89c2\u65f6\u95f4\u8c03\u6574\u3001\u9075\u5b88\u79e9\u5e8f\u7b49\u4fe1\u606f\uff0c\u4f46\u8fd9\u4e9b\u4fe1\u606f\u5e76\u672a\u8d85\u51fa\u6807\u51c6\u7b54\u6848\u7684\u6838\u5fc3\u8981\u6c42\uff0c\u56e0\u6b64\u62635\u5206\u3002""}}, ""problem_location"": {}, ""context_recall"": {}, ""faith_fulness"": {}, ""answer_recall"": {}}",841,正确,,,,,,
e51ae2a2-30a4-4f81-8163-f8114d674235,如果客人需要改期，应该如何处理？,如需改期，请申请退订后重新预订。,"如果客人需要改期，应该按照以下步骤处理：

1. **申请退订**：客人需要先申请退订原定行程。根据退改规则，产品不支持部分退，因此客人需要退订整个行程。

2. **重新预订**：客人在退订后，需要重新预订新的日期。请确保新的日期有可用的名额。

3. **重新支付**：客人需要支付新行程的费用，特别是机票部分，可能需要重新购买，因为团队票不可改期或改签，退票不退任何费用。

4. **确认新行程**：在重新预订并支付后，客人应确认新的行程安排，包括出发日期、时间、住宿和其他相关安排。

请注意，改期可能会产生额外费用，特别是机票部分，可能需要重新购买。建议客人提前规划行程，以避免不必要的费用和麻烦。","
====================================================================================================分片0====================================================================================================
# 3、牛特别提醒：此天多为无人区、无服务区、多为旱厕、建议备伞

机票含广州至兰州往返不含税机票，机票属于团队票，退票不退任何费用，不可改期、改签等。
）有行车公里数限制及部分路段维修，易发生堵车，发车时间均较早，行程内标注出发及行车时间均为预计，具体情况可能略有不同；行程内所有自由活动期间及行程外均不含用车。请予以理解！
住宿全程舒适型标准酒店，张掖升级豪华型标准酒店，大柴旦/青海湖为干净卫生双标间。1人1床位。客人自愿放弃住宿、费用不退。因西北条件有限，酒店热水分时段供应，青海部分酒店无空调、带独立卫生间。酒店不保证能安排三人间或加床，我社也不提供自然单间，单人报名或出现单男单女元/人。
用餐含7早6正，早餐为酒店配送，不吃不退；正餐餐标30元/人/正，正餐十人一桌、八菜一汤。特色餐50元/人，不吃不退。一桌不足十人菜量会根据实际人数安排或相应减少。
门票全程含行程所列景点首道门票和区间车，标注自理景点除外，（未标明的景点均不含景区门票、区间车和自费项目）。我们会根据当地实际情况在保证游览时间，景点数量不变的情况下，对行程做相应调整，感谢您的配合与支持。注意：此行程已打包特价优惠，学生证/老人证/教师证/军官证等特殊证件均无门票优惠退费，望周知。
保险我社已购买了旅行社责任险，特别提醒旅游者应当按照规定另行投保人身意外伤害保险。
导服当地优秀持证中文导游服务。送机不办理登记牌等相关事宜。请您知晓！
购物全程1个购物店（备注：景区、餐厅商场不属于旅行社所安排的购物店）
儿童身高0.8～1.2米儿童或者12岁以下，不占床不含门票，儿童含当地汽车车位费、早餐费、半价正餐、导服费、往返机票。如需占床请补交单房差，单房差680元/人。
②团费不含
1、景区内的自由活动自行参与的项目，如：园中园门票，环保车、电瓶车、小交通、沙漠活动项目
2、因不可抗力因素所引致的额外费用。
3、因旅游者违约、自身过错、自身疾病导致的人身财产损失而额外支付的费用
4、个人消费，如酒水、饮料、洒店内洗衣、电话等未提到的其它服务
HUHJIMNCJHJ>OIA/JO
③重要告知.
====================================================================================================分片1====================================================================================================
其他说明

| 名称 | 说明 |
| --- | --- |
| 费用包含 | 景区门票、溯溪门票、草帽DIY、冲击水枪1把、溯溪鞋1双、营地足球/飞盘运动项目 （大小同价） |
| 费用不包含 | 自费项目：午餐。推荐漾·南海湾营地特色烧烤90元/人或选择其他，费用自理。 |
| 预订须知 | 出于安全考虑，18岁以下未成年人需要至少一名成年旅客陪同。 |
| 退改规则 | *产品不支持部分退 *如需改期，请申请退订后重新预订。 |

====================================================================================================分片2====================================================================================================
1.各景区、酒店以及公路服务区内均有商品销售，不属于行程内购物店范畴；
2.此行程中涉及的购物店以及购物店相关商品，请客人谨慎购买，客人在购物店购买商品时，请根据个人需要及喜好理性消费，绝不强迫购物；售出商品请客人自行保管好发票及购物小票，作为今后退换货品的唯一凭证，我社将依据相关法律配合客人换货品，游客在上述购物店中为自愿购物，所购商品非质量问题一律予退还：不
3.非在本协议内商场商店内购买的商品，我社不提供退换货的协助工作，敬请谅解。
本人为年满18周岁公民，具有正常的民事行为能力(已详细阅读以上内容，对以上内容组团社已详细说明），本人自愿在自由活动期间，跟随导游前往上述自费旅游景点以及购物店，对于所有上述自费旅游项目的详细情况以及有可能发生的潜在风险均已了解，其余详尽事宜，已在上述说明中阐述，本人完全明白，对此毫无异议。（请出行的每位游客均签字）
旅游者本人 (盖章或者签字)
签订日期：
组团社旅行社(盖章)
====================================================================================================分片3====================================================================================================
# 3、牛特别提醒：此天多为无人区、无服务区、多为旱厕、建议备伞

未成年人：未满18周岁的旅游者请由家属属（因服务能力所限无法接待及限制接待的人除外）陪同参团。外籍友人：本产品网上报价适用持有大陆居民身份证的游客。如您持有其他国家或地区的护照，请在预订过程中注明。
关于退团：因本产品团费价格为包价旅游合同综合报价，故如旅客报名后临时退团，属于旅客单方面违约意见反馈：请配合导游如实填写当地的意见单，不填或虚填者归来后投诉将无法受理。
11.提示：请各组团社必需在客人前往旅游时为客人提前购买旅游意外险
（1）景点游览、自由活动、物店停留的时间以当天实际游览为准。
(2）行程中需自理门票和当地导游推荐项目，请自愿选择参加
nUKJTJHO 补充协议
甲方 (游 客) 乙方（旅行社）：
本补充协议是对旅游行程单中的行程安排，旅行社应旅游者要求，并经双方协商一致，达成本补充协议，作为包价旅游合同的组成部分，旅游者到达旅游目的地后自愿参加以下相关自费项目进行书面约定
一：参加付费娱乐升级项目补充协议。当地自费项目，自愿自费，不强迫，实际价格以景区的为准，以下仅供参考：

| 嘉峪关城楼 | 门票110元/人、电瓶车15元/人单程 |
| --- | --- |
| 鸣沙山 | 电瓶车单程10元/人，往返20元/人。骑骆驼100-120元/人， 滑沙25元/人，鞋套15元/人。 |
| 敦煌演出 | 《敦煌盛典》238元/人起 《丝路花雨》238元/人起 《又见敦煌》淡季普通298元/人，至尊588元/人 旺季普通318元/人，至尊688元/人 |
| 茶卡壹号 盐湖景区 | 区间车60、观光陀车 30、越野卡丁车100、骆驼骑行80、环湖巴士80、 竹排筏40、观光吉普车150（元/人） |
| 茶卡盐湖 | 单程小火车50、往返小火车100 |
| 青海湖 | 区间车20元/人，游船140-180元/人 |
| 塔尔寺 | 区间车35元/人、讲解费15元/人起（必消项目、根据人数核算费用） |
| 特色美食 | 敦煌大漠风情宴1880元/桌烤全羊1980元/只起 |
| 水上雅丹 | 区间车60元/人 |
| 翡翠湖 | 区间车60元/人 |

====================================================================================================分片4====================================================================================================
# 3、牛特别提醒：此天多为无人区、无服务区、多为旱厕、建议备伞

5、受旅游发展限制，青海地区酒店发展较慢，硬件及软件方面较内地落后，门面大厅及房间面积相对较小请不要用内地标准星级酒店来衡量西北的酒店，青海地区房间均无空调设备（除五星级酒店）
6、西北地区受宗教影响，风俗习惯与我们不同，游览时请谨记地陪宣布有关旅游注意事项，入乡随俗，在任何场合下都不要提及有关少数民族的政治问题，配合好地陪工作。穆斯林民族地区(包括西北地区回、维吾尔、撒拉、哈萨克等十个民族）、、（1）忌食猪、狗、马、骤等不反刍动物的肉及一切动物的血，不食自死动物；；(2）进入清真寺禁止吸烟、饮酒、在礼拜堂内禁止拍照；：（3）点忌讳在回族聚集的地方或清真餐厅谈论关于“猪”白的话题，这是民族感情问题哦。
7、一般寺庙内是严禁拍摄的，偷拍后果十分严重。有些地方注明付款后才可拍摄，如有需要，请按当地规定执行，拍摄人物，尤其是僧侣、妇女，取景前一定要经对方允许，以免不必要的麻烦，在野外拍摄时，谨记安全第一，注意自身身体状况，请大家保管好随身拍摄器材，谨防丢失。
8、旅游者应做好身体方面的准备，并自带一些常用必备的药品，如：感冒药、腹泻药、红景天、阿司匹林百服宁、保心丸等药品及创可帖、清凉油等。
9、当地特产：冬虫夏草.鹿茸.麝香.西宁毛（藏系羊毛）湟源银器.饰品.藏刀.地毯等；青海小吃：西宁涮羊肉.烤羊肉.手抓羊肉.羊羔肉.酸奶.甜酪.子.酿皮.尕面片.青稞酒.酥油粑.肉奶制品奶酪.甜奶粉及羊杂碎等。10.特殊限制：
为了确保旅游顺利出行，防止旅途中发生人身意外伤害事故，请旅游者在出行前做一次必要的身体检查如存在下列情况，因服务能力所限无法接待：
(1)↑传染性疾病患者，如传染性肝炎、活动期肺结核、伤寒等传染病人；
（2）心血管疾病患者，如严重高血压、心功能不全、心肌缺氧、心肌梗塞等病人；
(3）脑血管疾病患者，如脑栓塞、脑出血、脑肿瘤等病人;
（4）呼吸系统疾病患者，如肺气肿、肺心病等病人;
（5）米精神病患者，如癫痫及各种精神病人;
（6）严重贫血病患者，如血红蛋白量水平在50克/升以下的病人；
（7）大中型手术的恢复期病患者；孕妇及行动不便者。
10.老年人：如年龄达到75-79周岁，需要家属陪同+体检证明！70-75周岁，需要体检证明+责任书！60-69周岁，需要签署安全责任书！敬请谅解！",ACCURACY,员工答案详细地回答了改期的步骤，包括申请退订、重新预订、重新支付和确认新行程。虽然比标准答案多了几个步骤，但这些步骤都是合理的补充，有助于客人更好地理解改期流程。,21596,"{""answer_accuracy"": {""fuzz_partial_score"": 44, ""verbose_logs"": {""verdict"": {""score"": 85, ""reason"": ""\u5458\u5de5\u7b54\u6848\u8be6\u7ec6\u5730\u56de\u7b54\u4e86\u6539\u671f\u7684\u6b65\u9aa4\uff0c\u5305\u62ec\u7533\u8bf7\u9000\u8ba2\u3001\u91cd\u65b0\u9884\u8ba2\u3001\u91cd\u65b0\u652f\u4ed8\u548c\u786e\u8ba4\u65b0\u884c\u7a0b\u3002\u867d\u7136\u6bd4\u6807\u51c6\u7b54\u6848\u591a\u4e86\u51e0\u4e2a\u6b65\u9aa4\uff0c\u4f46\u8fd9\u4e9b\u6b65\u9aa4\u90fd\u662f\u5408\u7406\u7684\u8865\u5145\uff0c\u6709\u52a9\u4e8e\u5ba2\u4eba\u66f4\u597d\u5730\u7406\u89e3\u6539\u671f\u6d41\u7a0b\u3002""}, ""score"": 85, ""reason"": ""\u5458\u5de5\u7b54\u6848\u8be6\u7ec6\u5730\u56de\u7b54\u4e86\u6539\u671f\u7684\u6b65\u9aa4\uff0c\u5305\u62ec\u7533\u8bf7\u9000\u8ba2\u3001\u91cd\u65b0\u9884\u8ba2\u3001\u91cd\u65b0\u652f\u4ed8\u548c\u786e\u8ba4\u65b0\u884c\u7a0b\u3002\u867d\u7136\u6bd4\u6807\u51c6\u7b54\u6848\u591a\u4e86\u51e0\u4e2a\u6b65\u9aa4\uff0c\u4f46\u8fd9\u4e9b\u6b65\u9aa4\u90fd\u662f\u5408\u7406\u7684\u8865\u5145\uff0c\u6709\u52a9\u4e8e\u5ba2\u4eba\u66f4\u597d\u5730\u7406\u89e3\u6539\u671f\u6d41\u7a0b\u3002""}}, ""problem_location"": {}, ""context_recall"": {}, ""faith_fulness"": {}, ""answer_recall"": {}}",788,正确,,,,,,
ccf15c5b-4f97-440d-a898-8d1935697f1a,南海湾趣浪戏水节一日游的行程开始时间是什么时候？,行程开始时间是上午10:10。,南海湾趣浪戏水节一日游的行程开始时间是上午10:10。,"
====================================================================================================分片0====================================================================================================
行程安排

| D1 | D1 |
| --- | --- |
| 行程详情 | 南海湾趣浪戏水节1日游 ——上午10:10-11:10 —— 抵达漾.南海湾营地 前往草帽DIY区域，选择喜欢的颜色 在专业指导或自由发挥下，完成一顶独一无二的草帽作品 ——上午10:10-11:10 —— 抵达漾.南海湾营地 前往足球和飞盘活动区域，与家人一起参与足球比赛或飞盘投掷游戏 在运动中增进亲子关系，享受户外运动的快乐 ——11:10-13:30—— 午餐时间(推荐营地烧烤或景区周边农家乐） ——14:00-15:30—— 抵达南海湾森林生态园 专属亲子时光，毫不退缩，追本溯源，逆流而上，勇往前行。景区湖溪段设置水枪大战区域，客人自行在游玩过程中开展水枪大战，体验清凉的水战乐趣。景区统一提供专业水枪，活动结束后水枪客人可自行带走。 ——15:30-17:00—— 溯溪结束后，可沿着园区内的步道或指定路线，进行森林公园徒步探索活动 观察昆虫、采摘植物，了解当地的生态环境和生物多样性 |
| 用餐 | 早餐：X 午餐：X 晚餐：X |
| 住宿 |  |

====================================================================================================分片1====================================================================================================
南海湾趣浪戏水节一日游

| 产品编号 |  | 出发地 | 中国-广东省-广州市 | 目的地 | 中国-广东省-广州市 |
| --- | --- | --- | --- | --- | --- |
| 行程天数 | 1 | 去程交通 | 无 | 返程交通 | 无 |
| 门市价 |  | 最近班期 |  |  |  |
| 参考航班 |  |  |  |  |  |
| 产品亮点 |  |  |  |  |  |
",ACCURACY,,8270,"{""answer_accuracy"": {""fuzz_partial_score"": 100}, ""problem_location"": {}, ""context_recall"": {}, ""faith_fulness"": {}, ""answer_recall"": {}}",0,正确,,,,,,
c0ef3db7-a3bd-43dc-b77c-727322506160,敦煌的莫高窟是在哪个历史时期开始开凿的？,敦煌的莫高窟从十六国时期开始开凿，经历了一千年才建成。,敦煌的莫高窟开始于十六国时期。,"
====================================================================================================分片0====================================================================================================
【参考酒店】敦煌慕礼酒店/敦煌石油大厦/桓宇酒店/安和大酒店/飞天大酒店/石油大厦/茉雅庄/兰新/嘉锦/玺迎缘/玺迎客滨河国际酒店/新泰大酒店天河湾酒店/丽都国际大酒店/华荣大酒店/天宇大酒店或同级别
【餐饮安排】早/中
早餐后参观见【莫高窟】（此行程含B票，若预约莫高窟A票，则需补138元的差价）（游览约2.5小时)坐落于河西走廊的西部尽头的敦煌，它的开凿从十六国时期至元代，经历了一千年才建成的，这在中国及世界都是罕见的，莫高窟的建筑规制特别，内藏玄机以石窟建筑而成的形式规制，外边朴实，内里惊艳。随后赴鸣沙山，参观【鸣沙山月牙泉】（含门票）（游览约2小时）是国家认证的5A级景区，历来以""山泉共处，沙泉共生""的奇景闻名于世，是游客最喜欢的敦煌打卡点之一。在这里，你可以看日出日落，也可以听驼铃悠扬;可以在温柔的沙海里，静默地放空;也可以从高耸的沙山顶上，奔跑而下，体验一把久违的自由。风景优美，妙趣横生，说起来，这个地方，是无愧于人们对她的钟爱与追捧。后入住酒店。
A/F温馨提示：
1、莫高窟预约及购票
1）提前30天开放预约，团队参观时间会按照订单签约时间依次进行预约，故同团中会出现预约莫高窟参观时间不一致的问题，甚至个别无票情况，我社会安排西干佛洞及敦煌博物馆代替。给您带来不便，敬请谅解！
2）莫高窟是集珍贵性、脆弱性为一体的世界文化遗产，需要我们精心的呵护。在参观过程中遇到因降雨、沙尘天气导致洞窟暂停开放，请您配合工作人员的安排，如延时开放，则推迟参观计划，如无法参观则按莫高窟规定退还门票费用。
2、莫高窟参观时间以预约时间为准、可能会根据预约时间调换参观顺序。
3、此天行程安排莫高窟B类票、（莫高窟4.1号起开始执行售完A票才售B类票、若实际运行中、门票产生为A票则需补差价138元/人）
4、敦煌地处沙漠，干旱少雨，紫外线强烈，穿衣遵循防晒、防风沙、防暑的原则
![image](/api/v1/kb/datas/images/d1ca542d-8b06-4929-93d2-47398c357bb7.jpeg) 
DAY 5．敦煌-南八仙-翡翠湖-大柴旦 (全程约 530 公里，车程约8小时）
上
【参考酒店】大柴旦黎明假日酒店/大柴旦华庭商务/大柴旦聚鑫商务/慕山丽璟假日宾/万和馨悦/红崖酒店/天成大酒店/大柴旦高原蓝/大柴旦浩宇大酒店/大柴旦晒北酒店或同级
====================================================================================================分片1====================================================================================================
1、景区游览大概需要2小时。西北天气多变，带好雨具和防晒霜哦。如果时间来的急，最好待到6点之后，看看夕阳西下阳关洒在丹霞上，格外美丽。
2、张掖少数民族较多，旅途中注意对少数民族习俗的尊重。
3、甘川小吃一条街位于张掖市民主东街。街道两侧有各种小吃摊点一字排开，提供张掖特有的搓鱼面、羊肉粉皮面筋、香饭、小饭、煎血肠、羊头汤、鱼儿粉、灰豆汤、鸡肉垫卷子、山丹油果等各种风味小吃。其中鸡肉垫卷子最为有名，鸡肉垫卷子将薄面皮抹油撒葱花成卷，切段入嫩鸡肉汤蒸煮，汤煮尽出锅即可食。
DAY3.张掖-嘉峪关城楼娄（230KM，约3小时）-大地之子-海市蜃楼（约250公里，约3.5小时）-敦煌（约120公里，约2小时）
【参考酒店】敦煌慕礼酒店/敦煌石油大厦/桓宇酒店/安和大酒店/飞天大酒店/石油大厦/茉雅庄/兰新/嘉锦/玺迎缘/玺迎客滨河国际酒店/新泰大酒店天河湾酒店/丽都国际大酒店/华荣大酒店/天宇大酒店或同级别
【餐饮安排】早/中
早餐后前往【嘉峪关关城】（自理门票，不含电瓶车）（参观约1.5小时），内城外墙勾连环接，箭楼角楼相倚相望。万里黄沙间汉长城似游龙浮动，烽燧遗墩、断壁残垣若隐若现，犹如一幅凝聚着边塞沧桑的历史画卷。这里就是历史战争中最伟大的传奇之所，中华民族抵御外虏入侵的第一站。无数唐朝诗人在这里留下千古名篇，让人梦回萦绕。铮铮铁血在这里展现得淋漓尽致。站在它的脚下，才会真正被这座天下第一关所折服！随后出发前往瓜州，参观【大地之子】（参观约30分钟）是一座在戈壁滩上趴着熟睡的巨婴雕塑把人类比作一个孩子，在地球母亲的怀抱里熟睡。寓意是提醒我们要尊重爱护自己赖以生存的家园，从而减少对地球的破坏，也有在戈壁滩上多出了勃勃生机的意味。后参观【海市蜃楼】是雕塑群的其中之一，整个工程用特殊定制脚手架，几万个扣件连接起约6300根白色脚架，仿佛在戈壁上立起了一片海市蜃楼。随后前往敦煌，抵达敦煌后入住酒店。
温馨提示：
1、途中会经过高速休息站瓜州服务区，内有当地商贩在此兜售特产和瓜果，请您谨慎选择，此处非本产品指定购物店2、做好防晒，带些水。
3、带上身份证，需要刷身份证进入。
![image](/api/v1/kb/datas/images/8eb1690b-1188-4a60-b042-62fb0746ee53.jpeg) 丰万里毛城一弟甘装
====================================================================================================分片2====================================================================================================
惠玩甘青】深度双飞八天Q1【
兰州、武威雷台公园、张掖七彩丹霞、大地之子、海市蜃楼、敦煌莫高窟、鸣沙山月牙泉南八仙雅丹、翡翠湖、茶卡盐湖天空壹号、青海湖二郎剑、塔尔寺全程舒适型酒店+张掖升级豪华型酒店+大柴旦/青海湖为干净卫生双标间
■【产品故事】
探索苍茫大西北，打卡青海湖、茶卡盐湖、大柴旦翡翠湖、水上雅丹，逃离城市，一场全景视觉之旅！大西北的魅力需要用双脚丈量，用双眼记录“大漠孤烟直，长河落日圆”诗人笔下的大漠风情，无限的风，光让人室息，心生向往。古往今来的丝绸之路，它的美是中国的，更是世界的，
让我们来一次大西北旅行吧，这里不仅有诗，还有远方的田野和路上的疯狂
一IJ/JHJPJ
■【行程亮点】
不走回头路，覆盖青甘最经典的美景，广东独立成团收客无限制畅收
独家优待：豪华旅游大巴车，舒适座椅，空座率达到10%以上。
美食尽情享受：山丹铁锅宴青海土火锅丝路花雨宴藏王宴
乐享静谧美梦：全程当地舒适型酒店、张掖升级豪华型酒店，大柴旦/青海湖安排干净卫生双标间
特别赠送：沙漠露营大派送礼包（ATV的体验、滑沙、爬山拍日落、荡桥、海盗船、）
特别赠送：网红玻璃船：乘坐玻璃船、探秘灵动镜湖、听海天一色的声音
独家安排：青海湖篝火晚会：燃起篝火、放下疲惫、心情要好、生活要嗨
暖心赠送：每人一条丝巾、把美好记忆带回家！行程中每人每天1瓶水
暖心赠送：24小时接机服务、随接随走、机场--酒店无缝对接！
暖心赠送：24小时专属管家、任何问题行中随时在线解决
HJITJTJIJILHJUTVA
■【游玩推介】
【七彩丹霞】中国彩虹山，上帝打翻的调色盘，远看似朝霞升腾近观如彩带随风豌蜓飘动；【嘉峪关城楼】长城防线上重要的军事要塞、河西第一隘口，素有“天下第一雄关”之称；【莫高窟】被誉为20世纪最有价值的文化遗产，世界现存佛教艺术最伟大的宝库；【鸣沙山月牙泉】因“泉映月而无尘，亘古沙不填泉，泉不涸竭”而成为奇观成为塞上一绝；【茶卡天空一号】纯净、蓝白交织如一场美梦，真实还原宫崎骏《干与干寻》的场景；【青海湖】中国最美五大湖之首，犹如翡翠玉盘的眼泪，此刻一半湛蓝一半金黄;【塔尔寺】是中国藏传佛教格鲁派六大寺院之一，是西宁最受欢迎的旅游目的地之一。
【行程预览】
====================================================================================================分片3====================================================================================================

| 天数 | 行程安排 | 交通工具 飞机 | 用餐安排 自理 | 酒店安排 兰州市区/新区 |
| --- | --- | --- | --- | --- |
| DAY 1 | 广州-兰州市区/新区 |
| DAY 2 | 兰州-武威雷台公园-张掖七彩丹霞 | 汽车 | 早晚 | 张掖 |
| DAY 3 | 张掖-嘉峪关城楼自理-大地之子-海市蜃楼-敦煌 | 汽车 | 早中 | 敦煌 |
| DAY 4 | 敦煌-莫高窟-鸣沙山月牙泉-敦煌 | 汽车 | 早中 | 敦煌 |
| DAY 5 | 敦煌-南八仙-翡翠湖-大柴旦 | 汽车 | 早晚 | 大柴旦 |
| DAY 6 | 大柴旦-茶卡盐湖或天空壹号景区-青海湖二郎剑 | 汽车 | 早中 | 青海湖沿线 |
| DAY 7 | 青海湖-高原藏寨-塔尔寺-兰州 | 汽车 | 早中 | 兰州市区 |
| DAY 8 | 兰州市区-黄河市内游-广州 | 飞机 | 早 | 温馨的家 |
",ACCURACY,员工答案正确回答了考官问题，指出了莫高窟开始开凿的时间为十六国时期，但缺少了‘经历了一千年才建成’这一关键点，因此扣15分。,8862,"{""answer_accuracy"": {""fuzz_partial_score"": 73, ""verbose_logs"": {""verdict"": {""score"": 85, ""reason"": ""\u5458\u5de5\u7b54\u6848\u6b63\u786e\u56de\u7b54\u4e86\u8003\u5b98\u95ee\u9898\uff0c\u6307\u51fa\u4e86\u83ab\u9ad8\u7a9f\u5f00\u59cb\u5f00\u51ff\u7684\u65f6\u95f4\u4e3a\u5341\u516d\u56fd\u65f6\u671f\uff0c\u4f46\u7f3a\u5c11\u4e86\u2018\u7ecf\u5386\u4e86\u4e00\u5343\u5e74\u624d\u5efa\u6210\u2019\u8fd9\u4e00\u5173\u952e\u70b9\uff0c\u56e0\u6b64\u626315\u5206\u3002""}, ""score"": 85, ""reason"": ""\u5458\u5de5\u7b54\u6848\u6b63\u786e\u56de\u7b54\u4e86\u8003\u5b98\u95ee\u9898\uff0c\u6307\u51fa\u4e86\u83ab\u9ad8\u7a9f\u5f00\u59cb\u5f00\u51ff\u7684\u65f6\u95f4\u4e3a\u5341\u516d\u56fd\u65f6\u671f\uff0c\u4f46\u7f3a\u5c11\u4e86\u2018\u7ecf\u5386\u4e86\u4e00\u5343\u5e74\u624d\u5efa\u6210\u2019\u8fd9\u4e00\u5173\u952e\u70b9\uff0c\u56e0\u6b64\u626315\u5206\u3002""}}, ""problem_location"": {}, ""context_recall"": {}, ""faith_fulness"": {}, ""answer_recall"": {}}",623,正确,,,,,,
80e5ae3c-e9cc-4a9f-8f85-92576479993f,“惠玩甘青”深度双飞八天和南海湾趣浪戏水节一日游的出发时间分别是？,“惠玩甘青”深度双飞八天的出发时间为广州出发，具体航班时间为19:45-22:50或12:00-14:55。而南海湾趣浪戏水节一日游的出发时间为上午10:10。,对不起，我目前没有足够的信息来回答您的问题。,"
====================================================================================================分片0====================================================================================================
行程安排

| D1 | D1 |
| --- | --- |
| 行程详情 | 南海湾趣浪戏水节1日游 ——上午10:10-11:10 —— 抵达漾.南海湾营地 前往草帽DIY区域，选择喜欢的颜色 在专业指导或自由发挥下，完成一顶独一无二的草帽作品 ——上午10:10-11:10 —— 抵达漾.南海湾营地 前往足球和飞盘活动区域，与家人一起参与足球比赛或飞盘投掷游戏 在运动中增进亲子关系，享受户外运动的快乐 ——11:10-13:30—— 午餐时间(推荐营地烧烤或景区周边农家乐） ——14:00-15:30—— 抵达南海湾森林生态园 专属亲子时光，毫不退缩，追本溯源，逆流而上，勇往前行。景区湖溪段设置水枪大战区域，客人自行在游玩过程中开展水枪大战，体验清凉的水战乐趣。景区统一提供专业水枪，活动结束后水枪客人可自行带走。 ——15:30-17:00—— 溯溪结束后，可沿着园区内的步道或指定路线，进行森林公园徒步探索活动 观察昆虫、采摘植物，了解当地的生态环境和生物多样性 |
| 用餐 | 早餐：X 午餐：X 晚餐：X |
| 住宿 |  |

====================================================================================================分片1====================================================================================================
南海湾趣浪戏水节一日游

| 产品编号 |  | 出发地 | 中国-广东省-广州市 | 目的地 | 中国-广东省-广州市 |
| --- | --- | --- | --- | --- | --- |
| 行程天数 | 1 | 去程交通 | 无 | 返程交通 | 无 |
| 门市价 |  | 最近班期 |  |  |  |
| 参考航班 |  |  |  |  |  |
| 产品亮点 |  |  |  |  |  |

====================================================================================================分片2====================================================================================================
惠玩甘青】深度双飞八天Q1【
兰州、武威雷台公园、张掖七彩丹霞、大地之子、海市蜃楼、敦煌莫高窟、鸣沙山月牙泉南八仙雅丹、翡翠湖、茶卡盐湖天空壹号、青海湖二郎剑、塔尔寺全程舒适型酒店+张掖升级豪华型酒店+大柴旦/青海湖为干净卫生双标间
■【产品故事】
探索苍茫大西北，打卡青海湖、茶卡盐湖、大柴旦翡翠湖、水上雅丹，逃离城市，一场全景视觉之旅！大西北的魅力需要用双脚丈量，用双眼记录“大漠孤烟直，长河落日圆”诗人笔下的大漠风情，无限的风，光让人室息，心生向往。古往今来的丝绸之路，它的美是中国的，更是世界的，
让我们来一次大西北旅行吧，这里不仅有诗，还有远方的田野和路上的疯狂
一IJ/JHJPJ
■【行程亮点】
不走回头路，覆盖青甘最经典的美景，广东独立成团收客无限制畅收
独家优待：豪华旅游大巴车，舒适座椅，空座率达到10%以上。
美食尽情享受：山丹铁锅宴青海土火锅丝路花雨宴藏王宴
乐享静谧美梦：全程当地舒适型酒店、张掖升级豪华型酒店，大柴旦/青海湖安排干净卫生双标间
特别赠送：沙漠露营大派送礼包（ATV的体验、滑沙、爬山拍日落、荡桥、海盗船、）
特别赠送：网红玻璃船：乘坐玻璃船、探秘灵动镜湖、听海天一色的声音
独家安排：青海湖篝火晚会：燃起篝火、放下疲惫、心情要好、生活要嗨
暖心赠送：每人一条丝巾、把美好记忆带回家！行程中每人每天1瓶水
暖心赠送：24小时接机服务、随接随走、机场--酒店无缝对接！
暖心赠送：24小时专属管家、任何问题行中随时在线解决
HJITJTJIJILHJUTVA
■【游玩推介】
【七彩丹霞】中国彩虹山，上帝打翻的调色盘，远看似朝霞升腾近观如彩带随风豌蜓飘动；【嘉峪关城楼】长城防线上重要的军事要塞、河西第一隘口，素有“天下第一雄关”之称；【莫高窟】被誉为20世纪最有价值的文化遗产，世界现存佛教艺术最伟大的宝库；【鸣沙山月牙泉】因“泉映月而无尘，亘古沙不填泉，泉不涸竭”而成为奇观成为塞上一绝；【茶卡天空一号】纯净、蓝白交织如一场美梦，真实还原宫崎骏《干与干寻》的场景；【青海湖】中国最美五大湖之首，犹如翡翠玉盘的眼泪，此刻一半湛蓝一半金黄;【塔尔寺】是中国藏传佛教格鲁派六大寺院之一，是西宁最受欢迎的旅游目的地之一。
【行程预览】",INCOMPLETE_RETRIEVAL_CONTEXT,"The score is 1.0 because all the information in the expected output, including the departure times and locations for both trips, is perfectly aligned with the nodes in retrieval context.",44014,"{""answer_accuracy"": {""fuzz_partial_score"": 9, ""verbose_logs"": {""verdict"": {""score"": 0, ""reason"": ""\u5458\u5de5\u7b54\u6848\u6ca1\u6709\u63d0\u4f9b\u4efb\u4f55\u5173\u4e8e\u51fa\u53d1\u65f6\u95f4\u7684\u4fe1\u606f\uff0c\u5b8c\u5168\u672a\u56de\u7b54\u8003\u5b98\u95ee\u9898\u3002""}, ""score"": 0, ""reason"": ""\u5458\u5de5\u7b54\u6848\u6ca1\u6709\u63d0\u4f9b\u4efb\u4f55\u5173\u4e8e\u51fa\u53d1\u65f6\u95f4\u7684\u4fe1\u606f\uff0c\u5b8c\u5168\u672a\u56de\u7b54\u8003\u5b98\u95ee\u9898\u3002""}}, ""problem_location"": {""fuzz_partial_score"": 22, ""verbose_logs"": {""verdict"": {""answer"": 60, ""reason"": ""\u6807\u51c6\u7b54\u6848\u4e2d\u7684'\u60e0\u73a9\u7518\u9752'\u6df1\u5ea6\u53cc\u98de\u516b\u5929\u7684\u5177\u4f53\u822a\u73ed\u65f6\u95f419:45-22:50\u621612:00-14:55\u672a\u5728\u68c0\u7d22\u5230\u7684\u4e0a\u4e0b\u6587\u4e2d\u627e\u5230\u5b8c\u5168\u4e00\u81f4\u7684\u8868\u8ff0\u3002\u800c\u5357\u6d77\u6e7e\u8da3\u6d6a\u620f\u6c34\u8282\u4e00\u65e5\u6e38\u7684\u51fa\u53d1\u65f6\u95f4\u4e3a\u4e0a\u534810:10\u5728\u68c0\u7d22\u5230\u7684\u4e0a\u4e0b\u6587\u4e2d\u627e\u5230\u4e86\u5b8c\u5168\u4e00\u81f4\u7684\u8868\u8ff0\u3002""}, ""score"": 60, ""reason"": ""\u6807\u51c6\u7b54\u6848\u4e2d\u7684'\u60e0\u73a9\u7518\u9752'\u6df1\u5ea6\u53cc\u98de\u516b\u5929\u7684\u5177\u4f53\u822a\u73ed\u65f6\u95f419:45-22:50\u621612:00-14:55\u672a\u5728\u68c0\u7d22\u5230\u7684\u4e0a\u4e0b\u6587\u4e2d\u627e\u5230\u5b8c\u5168\u4e00\u81f4\u7684\u8868\u8ff0\u3002\u800c\u5357\u6d77\u6e7e\u8da3\u6d6a\u620f\u6c34\u8282\u4e00\u65e5\u6e38\u7684\u51fa\u53d1\u65f6\u95f4\u4e3a\u4e0a\u534810:10\u5728\u68c0\u7d22\u5230\u7684\u4e0a\u4e0b\u6587\u4e2d\u627e\u5230\u4e86\u5b8c\u5168\u4e00\u81f4\u7684\u8868\u8ff0\u3002""}}, ""context_recall"": {""verbose_logs"": {""verdicts"": [{""verdict"": ""yes"", ""reason"": ""1st node: \u60e0\u73a9\u7518\u9752\u3011\u6df1\u5ea6\u53cc\u98de\u516b\u5929Q1\u3010...\u5170\u5dde\u3001\u6b66\u5a01\u96f7\u53f0\u516c\u56ed...\u884c\u7a0b\u4e2d\u6bcf\u4eba\u6bcf\u59291\u74f6\u6c34\u3002 2nd node: \u5357\u6d77\u6e7e\u8da3\u6d6a\u620f\u6c34\u8282\u4e00\u65e5\u6e38...\u51fa\u53d1\u5730: \u4e2d\u56fd-\u5e7f\u4e1c\u7701-\u5e7f\u5dde\u5e02...\u53c2\u8003\u822a\u73ed: \u65e0\u3002""}, {""verdict"": ""yes"", ""reason"": ""1st node: \u5357\u6d77\u6e7e\u8da3\u6d6a\u620f\u6c34\u82821\u65e5\u6e38 \u2014\u2014\u4e0a\u534810:10-11:10 \u2014\u2014 \u62b5\u8fbe\u6f3e.\u5357\u6d77\u6e7e\u8425\u5730... 2nd node: \u5357\u6d77\u6e7e\u8da3\u6d6a\u620f\u6c34\u8282\u4e00\u65e5\u6e38...\u51fa\u53d1\u5730: \u4e2d\u56fd-\u5e7f\u4e1c\u7701-\u5e7f\u5dde\u5e02...\u53c2\u8003\u822a\u73ed: \u65e0\u3002""}], ""score"": 1.0, ""reason"": ""The score is 1.0 because all the information in the expected output, including the departure times and locations for both trips, is perfectly aligned with the nodes in retrieval context.""}}, ""faith_fulness"": {}, ""answer_recall"": {}}",4825,正确,,,,,"惠玩甘青行程的出发时间：

DAY 1. 广州-兰州市区/新区

【参考航班】广州-兰州/MU2306/19:45-22:50、MU2220/12:00-14:55，具体以名单出票为准。

南海湾趣浪戏水节的出发时间：

行程安排

————上午10:10-11:10 ————
抵达漾.南海湾营地。

",
07dd4d6b-ec82-48db-9867-9fa7b01c18df,“惠玩甘青”深度双飞八天和南海湾趣浪戏水节一日游对年龄是否有限制？,“惠玩甘青”行程对年龄有一定限制，特别是老年人和未成年人需要提供相关证明或陪同。而南海湾趣浪戏水节一日游要求18岁以下未成年人至少需要一名成年旅客陪同。,"“惠玩甘青”深度双飞八天和南海湾趣浪戏水节一日游对年龄的要求如下：

1. **南海湾趣浪戏水节一日游**：出于安全考虑，18岁以下未成年人需要至少一名成年旅客陪同。18岁及以上的游客可以单独参加。

2. **“惠玩甘青”深度双飞八天**：背景知识中未提及年龄限制，因此没有明确的年龄限制。建议根据个人身体状况和旅行需求决定是否参加。

希望这些信息能帮助您做出合适的安排。","
====================================================================================================分片0====================================================================================================
其他说明

| 名称 | 说明 |
| --- | --- |
| 费用包含 | 景区门票、溯溪门票、草帽DIY、冲击水枪1把、溯溪鞋1双、营地足球/飞盘运动项目 （大小同价） |
| 费用不包含 | 自费项目：午餐。推荐漾·南海湾营地特色烧烤90元/人或选择其他，费用自理。 |
| 预订须知 | 出于安全考虑，18岁以下未成年人需要至少一名成年旅客陪同。 |
| 退改规则 | *产品不支持部分退 *如需改期，请申请退订后重新预订。 |

====================================================================================================分片1====================================================================================================
惠玩甘青】深度双飞八天Q1【
兰州、武威雷台公园、张掖七彩丹霞、大地之子、海市蜃楼、敦煌莫高窟、鸣沙山月牙泉南八仙雅丹、翡翠湖、茶卡盐湖天空壹号、青海湖二郎剑、塔尔寺全程舒适型酒店+张掖升级豪华型酒店+大柴旦/青海湖为干净卫生双标间
■【产品故事】
探索苍茫大西北，打卡青海湖、茶卡盐湖、大柴旦翡翠湖、水上雅丹，逃离城市，一场全景视觉之旅！大西北的魅力需要用双脚丈量，用双眼记录“大漠孤烟直，长河落日圆”诗人笔下的大漠风情，无限的风，光让人室息，心生向往。古往今来的丝绸之路，它的美是中国的，更是世界的，
让我们来一次大西北旅行吧，这里不仅有诗，还有远方的田野和路上的疯狂
一IJ/JHJPJ
■【行程亮点】
不走回头路，覆盖青甘最经典的美景，广东独立成团收客无限制畅收
独家优待：豪华旅游大巴车，舒适座椅，空座率达到10%以上。
美食尽情享受：山丹铁锅宴青海土火锅丝路花雨宴藏王宴
乐享静谧美梦：全程当地舒适型酒店、张掖升级豪华型酒店，大柴旦/青海湖安排干净卫生双标间
特别赠送：沙漠露营大派送礼包（ATV的体验、滑沙、爬山拍日落、荡桥、海盗船、）
特别赠送：网红玻璃船：乘坐玻璃船、探秘灵动镜湖、听海天一色的声音
独家安排：青海湖篝火晚会：燃起篝火、放下疲惫、心情要好、生活要嗨
暖心赠送：每人一条丝巾、把美好记忆带回家！行程中每人每天1瓶水
暖心赠送：24小时接机服务、随接随走、机场--酒店无缝对接！
暖心赠送：24小时专属管家、任何问题行中随时在线解决
HJITJTJIJILHJUTVA
■【游玩推介】
【七彩丹霞】中国彩虹山，上帝打翻的调色盘，远看似朝霞升腾近观如彩带随风豌蜓飘动；【嘉峪关城楼】长城防线上重要的军事要塞、河西第一隘口，素有“天下第一雄关”之称；【莫高窟】被誉为20世纪最有价值的文化遗产，世界现存佛教艺术最伟大的宝库；【鸣沙山月牙泉】因“泉映月而无尘，亘古沙不填泉，泉不涸竭”而成为奇观成为塞上一绝；【茶卡天空一号】纯净、蓝白交织如一场美梦，真实还原宫崎骏《干与干寻》的场景；【青海湖】中国最美五大湖之首，犹如翡翠玉盘的眼泪，此刻一半湛蓝一半金黄;【塔尔寺】是中国藏传佛教格鲁派六大寺院之一，是西宁最受欢迎的旅游目的地之一。
【行程预览】
====================================================================================================分片2====================================================================================================
行程安排

| D1 | D1 |
| --- | --- |
| 行程详情 | 南海湾趣浪戏水节1日游 ——上午10:10-11:10 —— 抵达漾.南海湾营地 前往草帽DIY区域，选择喜欢的颜色 在专业指导或自由发挥下，完成一顶独一无二的草帽作品 ——上午10:10-11:10 —— 抵达漾.南海湾营地 前往足球和飞盘活动区域，与家人一起参与足球比赛或飞盘投掷游戏 在运动中增进亲子关系，享受户外运动的快乐 ——11:10-13:30—— 午餐时间(推荐营地烧烤或景区周边农家乐） ——14:00-15:30—— 抵达南海湾森林生态园 专属亲子时光，毫不退缩，追本溯源，逆流而上，勇往前行。景区湖溪段设置水枪大战区域，客人自行在游玩过程中开展水枪大战，体验清凉的水战乐趣。景区统一提供专业水枪，活动结束后水枪客人可自行带走。 ——15:30-17:00—— 溯溪结束后，可沿着园区内的步道或指定路线，进行森林公园徒步探索活动 观察昆虫、采摘植物，了解当地的生态环境和生物多样性 |
| 用餐 | 早餐：X 午餐：X 晚餐：X |
| 住宿 |  |

====================================================================================================分片3====================================================================================================
南海湾趣浪戏水节一日游

| 产品编号 |  | 出发地 | 中国-广东省-广州市 | 目的地 | 中国-广东省-广州市 |
| --- | --- | --- | --- | --- | --- |
| 行程天数 | 1 | 去程交通 | 无 | 返程交通 | 无 |
| 门市价 |  | 最近班期 |  |  |  |
| 参考航班 |  |  |  |  |  |
| 产品亮点 |  |  |  |  |  |
",RETRIEVAL_CONTEXT_NOISE,"The score is 1.0 because the expected output is perfectly aligned with the information provided in the nodes in retrieval context, specifically nodes 1 and 1, covering all the details about age restrictions and requirements for both trips.",68956,"{""answer_accuracy"": {""fuzz_partial_score"": 46, ""verbose_logs"": {""verdict"": {""score"": 60, ""reason"": ""\u5458\u5de5\u7b54\u6848\u4e2d\u5173\u4e8e'\u60e0\u73a9\u7518\u9752'\u6df1\u5ea6\u53cc\u98de\u516b\u5929\u7684\u5e74\u9f84\u9650\u5236\u63cf\u8ff0\u4e0d\u51c6\u786e\uff0c\u6807\u51c6\u7b54\u6848\u4e2d\u63d0\u5230\u6709\u5e74\u9f84\u9650\u5236\uff0c\u7279\u522b\u662f\u8001\u5e74\u4eba\u548c\u672a\u6210\u5e74\u4eba\u9700\u8981\u63d0\u4f9b\u76f8\u5173\u8bc1\u660e\u6216\u966a\u540c\uff0c\u800c\u5458\u5de5\u7b54\u6848\u4e2d\u672a\u63d0\u53ca\u8fd9\u4e00\u70b9\u3002\u5357\u6d77\u6e7e\u8da3\u6d6a\u620f\u6c34\u8282\u4e00\u65e5\u6e38\u7684\u63cf\u8ff0\u57fa\u672c\u51c6\u786e\uff0c\u4f46\u7f3a\u5c11\u4e8618\u5c81\u4ee5\u4e0b\u672a\u6210\u5e74\u4eba\u9700\u8981\u6210\u5e74\u65c5\u5ba2\u966a\u540c\u7684\u5177\u4f53\u8981\u6c42\u3002""}, ""score"": 60, ""reason"": ""\u5458\u5de5\u7b54\u6848\u4e2d\u5173\u4e8e'\u60e0\u73a9\u7518\u9752'\u6df1\u5ea6\u53cc\u98de\u516b\u5929\u7684\u5e74\u9f84\u9650\u5236\u63cf\u8ff0\u4e0d\u51c6\u786e\uff0c\u6807\u51c6\u7b54\u6848\u4e2d\u63d0\u5230\u6709\u5e74\u9f84\u9650\u5236\uff0c\u7279\u522b\u662f\u8001\u5e74\u4eba\u548c\u672a\u6210\u5e74\u4eba\u9700\u8981\u63d0\u4f9b\u76f8\u5173\u8bc1\u660e\u6216\u966a\u540c\uff0c\u800c\u5458\u5de5\u7b54\u6848\u4e2d\u672a\u63d0\u53ca\u8fd9\u4e00\u70b9\u3002\u5357\u6d77\u6e7e\u8da3\u6d6a\u620f\u6c34\u8282\u4e00\u65e5\u6e38\u7684\u63cf\u8ff0\u57fa\u672c\u51c6\u786e\uff0c\u4f46\u7f3a\u5c11\u4e8618\u5c81\u4ee5\u4e0b\u672a\u6210\u5e74\u4eba\u9700\u8981\u6210\u5e74\u65c5\u5ba2\u966a\u540c\u7684\u5177\u4f53\u8981\u6c42\u3002""}}, ""problem_location"": {""fuzz_partial_score"": 17, ""verbose_logs"": {""verdict"": {""answer"": 85, ""reason"": ""\u6807\u51c6\u7b54\u6848\u4e2d\u7684\u5173\u952e\u77e5\u8bc6\u70b9\uff0c\u5982\u2018\u60e0\u73a9\u7518\u9752\u2019\u884c\u7a0b\u5bf9\u5e74\u9f84\u6709\u4e00\u5b9a\u9650\u5236\uff0c\u7279\u522b\u662f\u8001\u5e74\u4eba\u548c\u672a\u6210\u5e74\u4eba\u9700\u8981\u63d0\u4f9b\u76f8\u5173\u8bc1\u660e\u6216\u966a\u540c\u2019\u548c\u2018\u5357\u6d77\u6e7e\u8da3\u6d6a\u620f\u6c34\u8282\u4e00\u65e5\u6e38\u8981\u6c4218\u5c81\u4ee5\u4e0b\u672a\u6210\u5e74\u4eba\u81f3\u5c11\u9700\u8981\u4e00\u540d\u6210\u5e74\u65c5\u5ba2\u966a\u540c\u2019\uff0c\u5728\u68c0\u7d22\u5230\u7684\u4e0a\u4e0b\u6587\u4e2d\u5747\u6709\u5b8c\u5168\u4e00\u81f4\u7684\u8868\u8ff0\u3002""}, ""score"": 85, ""reason"": ""\u6807\u51c6\u7b54\u6848\u4e2d\u7684\u5173\u952e\u77e5\u8bc6\u70b9\uff0c\u5982\u2018\u60e0\u73a9\u7518\u9752\u2019\u884c\u7a0b\u5bf9\u5e74\u9f84\u6709\u4e00\u5b9a\u9650\u5236\uff0c\u7279\u522b\u662f\u8001\u5e74\u4eba\u548c\u672a\u6210\u5e74\u4eba\u9700\u8981\u63d0\u4f9b\u76f8\u5173\u8bc1\u660e\u6216\u966a\u540c\u2019\u548c\u2018\u5357\u6d77\u6e7e\u8da3\u6d6a\u620f\u6c34\u8282\u4e00\u65e5\u6e38\u8981\u6c4218\u5c81\u4ee5\u4e0b\u672a\u6210\u5e74\u4eba\u81f3\u5c11\u9700\u8981\u4e00\u540d\u6210\u5e74\u65c5\u5ba2\u966a\u540c\u2019\uff0c\u5728\u68c0\u7d22\u5230\u7684\u4e0a\u4e0b\u6587\u4e2d\u5747\u6709\u5b8c\u5168\u4e00\u81f4\u7684\u8868\u8ff0\u3002""}}, ""context_recall"": {}, ""faith_fulness"": {""verbose_logs"": {""truths"": [""\u8d39\u7528\u5305\u542b\u666f\u533a\u95e8\u7968\u3001\u6eaf\u6eaa\u95e8\u7968\u3001\u8349\u5e3dDIY\u3001\u51b2\u51fb\u6c34\u67aa1\u628a\u3001\u6eaf\u6eaa\u978b1\u53cc\u3001\u8425\u5730\u8db3\u7403/\u98de\u76d8\u8fd0\u52a8\u9879\u76ee\u3002"", ""\u8d39\u7528\u4e0d\u5305\u542b\u5348\u9910\uff0c\u63a8\u8350\u6f3e\u00b7\u5357\u6d77\u6e7e\u8425\u5730\u7279\u8272\u70e7\u70e490\u5143/\u4eba\u6216\u9009\u62e9\u5176\u4ed6\uff0c\u8d39\u7528\u81ea\u7406\u3002"", ""18\u5c81\u4ee5\u4e0b\u672a\u6210\u5e74\u4eba\u9700\u8981\u81f3\u5c11\u4e00\u540d\u6210\u5e74\u65c5\u5ba2\u966a\u540c\u3002"", ""\u4ea7\u54c1\u4e0d\u652f\u6301\u90e8\u5206\u9000\uff0c\u5982\u9700\u6539\u671f\uff0c\u8bf7\u7533\u8bf7\u9000\u8ba2\u540e\u91cd\u65b0\u9884\u8ba2\u3002"", ""\u884c\u7a0b\u5305\u62ec\u8349\u5e3dDIY\u3001\u8db3\u7403\u548c\u98de\u76d8\u6d3b\u52a8\u3001\u6c34\u67aa\u5927\u6218\u3001\u6eaf\u6eaa\u3001\u68ee\u6797\u516c\u56ed\u5f92\u6b65\u63a2\u7d22\u7b49\u6d3b\u52a8\u3002"", ""\u884c\u7a0b\u65f6\u95f4\u4e3a1\u5929\uff0c\u51fa\u53d1\u5730\u548c\u76ee\u7684\u5730\u5747\u4e3a\u4e2d\u56fd-\u5e7f\u4e1c\u7701-\u5e7f\u5dde\u5e02\u3002"", ""\u884c\u7a0b\u4e2d\u63d0\u4f9b\u6bcf\u4eba\u6bcf\u59291\u74f6\u6c34\u3002"", ""\u884c\u7a0b\u4e2d\u63d0\u4f9b24\u5c0f\u65f6\u63a5\u673a\u670d\u52a1\u548c24\u5c0f\u65f6\u4e13\u5c5e\u7ba1\u5bb6\u670d\u52a1\u3002""], ""claims"": [""\u5357\u6d77\u6e7e\u8da3\u6d6a\u620f\u6c34\u8282\u4e00\u65e5\u6e38\u8981\u6c4218\u5c81\u4ee5\u4e0b\u672a\u6210\u5e74\u4eba\u9700\u8981\u81f3\u5c11\u4e00\u540d\u6210\u5e74\u65c5\u5ba2\u966a\u540c\u3002"", ""\u5357\u6d77\u6e7e\u8da3\u6d6a\u620f\u6c34\u8282\u4e00\u65e5\u6e38\u5141\u8bb818\u5c81\u53ca\u4ee5\u4e0a\u7684\u6e38\u5ba2\u5355\u72ec\u53c2\u52a0\u3002"", ""\u201c\u60e0\u73a9\u7518\u9752\u201d\u6df1\u5ea6\u53cc\u98de\u516b\u5929\u6ca1\u6709\u660e\u786e\u7684\u5e74\u9f84\u9650\u5236\u3002"", ""\u5efa\u8bae\u6839\u636e\u4e2a\u4eba\u8eab\u4f53\u72b6\u51b5\u548c\u65c5\u884c\u9700\u6c42\u51b3\u5b9a\u662f\u5426\u53c2\u52a0\u2018\u60e0\u73a9\u7518\u9752\u2019\u6df1\u5ea6\u53cc\u98de\u516b\u5929\u3002""], ""verdicts"": [{""verdict"": ""yes"", ""reason"": null}, {""verdict"": ""idk"", ""reason"": null}, {""verdict"": ""idk"", ""reason"": null}, {""verdict"": ""idk"", ""reason"": null}], ""score"": 1.0, ""reason"": ""The score is 1.0 because there are no contradictions, indicating that the actual output is perfectly aligned with the retrieval context.""}}, ""answer_recall"": {""verbose_logs"": {""verdicts"": [{""verdict"": ""yes"", ""reason"": ""1st node in the retrieval context, '\u201c\u60e0\u73a9\u7518\u9752\u201d\u6df1\u5ea6\u53cc\u98de\u516b\u5929...\u5efa\u8bae\u6839\u636e\u4e2a\u4eba\u8eab\u4f53\u72b6\u51b5\u548c\u65c5\u884c\u9700\u6c42\u51b3\u5b9a\u662f\u5426\u53c2\u52a0\u3002'""}, {""verdict"": ""yes"", ""reason"": ""1st node in the retrieval context, '1. **\u5357\u6d77\u6e7e\u8da3\u6d6a\u620f\u6c34\u8282\u4e00\u65e5\u6e38**\uff1a\u51fa\u4e8e\u5b89\u5168\u8003\u8651\uff0c18\u5c81\u4ee5\u4e0b\u672a\u6210\u5e74\u4eba\u9700\u8981\u81f3\u5c11\u4e00\u540d\u6210\u5e74\u65c5\u5ba2\u966a\u540c\u3002'""}], ""score"": 1.0, ""reason"": ""The score is 1.0 because the expected output is perfectly aligned with the information provided in the nodes in retrieval context, specifically nodes 1 and 1, covering all the details about age restrictions and requirements for both trips.""}}}",7344,错误,评估问题,裁决判错,检索不全，而非检索噪声,,"惠玩甘青行程的年龄限制：

重要告知

老年人：如年龄达到75-79周岁，需要家属陪同+体检证明！70-75周岁，需要体检证明+责任书！60-69周岁，需要签署安全责任书！敬请谅解！

南海湾趣浪戏水节的年龄限制：

费用说明

出于安全考虑，18岁以下未成年人需要至少一名成年旅客陪同。",
c6fee91e-4b09-440a-8ead-6c4d8c648b5f,想去敦煌莫高窟玩给我生成一个一日游的方案,"好的，针对您想前往敦煌-莫高窟一日游的需求，下面是一个详细的旅行方案：

### 敦煌-莫高窟一日游计划

#### 行程概览
- 活动类型：文化遗产参观、自然景观欣赏
- 活动时长：大约8小时
- 交通工具：当地公共交通/出租车/包车

#### 详细行程

##### 早上
- **08:00-09:00**：从敦煌市区出发，前往莫高窟，行驶大约25公里，约20分钟车程
  - 建议打车或者预订当地的包车服务较为方便。

##### 中午
- **09:00-12:00**：参观莫高窟（涵盖导览部分）
  - 莫高窟的门票需要提前预订，尤其是在旅游旺季。
  - 推荐预订包含讲解服务的门票，可以更全面了解莫高窟的历史和艺术价值。
  - 游览所需时间大约2.5-3小时，可以参观洞窟和博物馆。

##### 午餐
- **12:00-13:00**：在莫高窟附近用餐
  - 附近有一些小餐厅和咖啡馆，提供敦煌本地特色食品，比如臊子面和牛肉面。

##### 下午
- **13:00-15:00**：返回敦煌市区，并前往鸣沙山月牙泉，距离敦煌市区约6公里，车程30分钟
  - 游览鸣沙山，这里以沙鸣景象和月牙泉闻名。
  - 可以选择骑骆驼游览沙漠，或者在沙丘上滑沙体验。

##### 傍晚
- **15:00-17:00**：在鸣沙山观看日落
  - 鸣沙山的日落非常美丽，非常适合摄影爱好者。
  - 游客可以在此放松，享受沙漠的静谧。

##### 结束行程
- **17:00-18:00**：返回敦煌市区
  - 可以选择在敦煌市区的夜市中品尝一些当地小吃，结束愉快的一天之旅。

#### 温馨提示
1. **门票预订**：莫高窟门票需要提前预订，尤其是旺季时段，务必提前在官网进行预约。
2. **防晒防风沙**：敦煌地区日照强烈，建议携带防晒霜、太阳镜、遮阳帽以及防风服装。
3. **携带饮用水**：沙漠地区气候干燥，建议随身携带足够的饮用水。
4. **注意时间**：莫高窟会根据预约时间安排参观，请合理安排您的行程时间，确保按时参观。
5. **交通出行**：考虑到交通便利性，建议预订当地的包车服务，既方便又节省时间。

希望以上的一日游行程方案能为您提供帮助，祝您旅途愉快！

【惠玩甘青】| 深度双飞八天
行程包括:
- 敦煌-莫高窟
- 鸣沙山月牙泉","### 敦煌莫高窟一日游方案

#### 行程概览：
- **时间安排**：约8小时
- **主要景点**：莫高窟、鸣沙山月牙泉
- **交通方式**：汽车
- **用餐安排**：早餐、中餐

---

#### **行程安排**

##### **07:00 - 08:00**
- **活动内容**：早晨抵达敦煌市区，入住酒店。
- **用餐安排**：酒店提供早餐（中西式自助）。

---

##### **08:00 - 10:30**
- **活动内容**：前往【莫高窟】（B票，游览约2.5小时）。
  - 莫高窟是世界上现存规模最大、内容最丰富的佛教艺术宝库，内有众多洞窟、壁画和雕塑。
  - 景点亮点：
    - **标志性洞窟**：96号窟（初唐）、17号窟（藏经洞）、220号窟（五代）等。
    - **壁画艺术**：飞天、千佛、本生故事等。
  - 游览提示：
    - 穿着舒适的鞋子，方便长时间步行。
    - 禁止使用三脚架和闪光灯拍照。
    - 如遇天气原因导致洞窟关闭，请配合工作人员安排。

---

##### **10:30 - 11:00**
- **活动内容**：返回酒店或休息站，稍作休息。
- **用餐安排**：酒店提供中餐（敦煌特色餐，如羊肉粉皮、搓鱼面等）。

---

##### **11:00 - 13:00**
- **活动内容**：前往【鸣沙山月牙泉】（游览约2小时）。
  - 鸣沙山月牙泉是敦煌的标志性景点，以“沙泉共生”的自然奇观闻名。
  - 景点亮点：
    - **鸣沙山**：沙丘滑沙、骑骆驼、徒步登顶，俯瞰月牙泉。
    - **月牙泉**：沙漠中的一汪清泉，形似弯月。
  - 体验活动：
    - 滑沙：感受速度与激情。
    - 骑骆驼：体验沙漠中的浪漫。
    - 沙滩拍照：打卡网红景点。

---

##### **13:00 - 14:00**
- **活动内容**：返回市区，结束行程。
- **用餐安排**：可根据需求选择市区特色小吃，如敦煌烤饼、羊肉串等。

---

#### **注意事项**
1. **莫高窟门票**：
   - 需提前预约，建议选择B票（包含20个洞窟）。
   - 如需升级A票（包含更多洞窟），需额外支付差价138元/人。
2. **鸣沙山月牙泉**：
   - 建议穿防风沙衣物，带好帽子、墨镜和水壶。
   - 沙漠活动需注意安全，避免单独行动。
3. **天气与穿着**：
   - 敦煌地处沙漠，天气干燥，紫外线强烈，建议做好防晒措施。
   - 穿着以轻便、舒适为主，适合长时间步行。
4. **其他提示**：
   - 带好身份证，部分景点需刷身份证进入。
   - 遵守景区规定，爱护文物和自然环境。

---

希望这个方案能帮助您更好地规划敦煌莫高窟的一日游！如有其他需求，请随时告诉我。","
====================================================================================================分片0====================================================================================================
【参考酒店】敦煌慕礼酒店/敦煌石油大厦/桓宇酒店/安和大酒店/飞天大酒店/石油大厦/茉雅庄/兰新/嘉锦/玺迎缘/玺迎客滨河国际酒店/新泰大酒店天河湾酒店/丽都国际大酒店/华荣大酒店/天宇大酒店或同级别
【餐饮安排】早/中
早餐后参观见【莫高窟】（此行程含B票，若预约莫高窟A票，则需补138元的差价）（游览约2.5小时)坐落于河西走廊的西部尽头的敦煌，它的开凿从十六国时期至元代，经历了一千年才建成的，这在中国及世界都是罕见的，莫高窟的建筑规制特别，内藏玄机以石窟建筑而成的形式规制，外边朴实，内里惊艳。随后赴鸣沙山，参观【鸣沙山月牙泉】（含门票）（游览约2小时）是国家认证的5A级景区，历来以""山泉共处，沙泉共生""的奇景闻名于世，是游客最喜欢的敦煌打卡点之一。在这里，你可以看日出日落，也可以听驼铃悠扬;可以在温柔的沙海里，静默地放空;也可以从高耸的沙山顶上，奔跑而下，体验一把久违的自由。风景优美，妙趣横生，说起来，这个地方，是无愧于人们对她的钟爱与追捧。后入住酒店。
A/F温馨提示：
1、莫高窟预约及购票
1）提前30天开放预约，团队参观时间会按照订单签约时间依次进行预约，故同团中会出现预约莫高窟参观时间不一致的问题，甚至个别无票情况，我社会安排西干佛洞及敦煌博物馆代替。给您带来不便，敬请谅解！
2）莫高窟是集珍贵性、脆弱性为一体的世界文化遗产，需要我们精心的呵护。在参观过程中遇到因降雨、沙尘天气导致洞窟暂停开放，请您配合工作人员的安排，如延时开放，则推迟参观计划，如无法参观则按莫高窟规定退还门票费用。
2、莫高窟参观时间以预约时间为准、可能会根据预约时间调换参观顺序。
3、此天行程安排莫高窟B类票、（莫高窟4.1号起开始执行售完A票才售B类票、若实际运行中、门票产生为A票则需补差价138元/人）
4、敦煌地处沙漠，干旱少雨，紫外线强烈，穿衣遵循防晒、防风沙、防暑的原则
![image](/api/v1/kb/datas/images/d1ca542d-8b06-4929-93d2-47398c357bb7.jpeg) 
DAY 5．敦煌-南八仙-翡翠湖-大柴旦 (全程约 530 公里，车程约8小时）
上
【参考酒店】大柴旦黎明假日酒店/大柴旦华庭商务/大柴旦聚鑫商务/慕山丽璟假日宾/万和馨悦/红崖酒店/天成大酒店/大柴旦高原蓝/大柴旦浩宇大酒店/大柴旦晒北酒店或同级
====================================================================================================分片1====================================================================================================

| 天数 | 行程安排 | 交通工具 飞机 | 用餐安排 自理 | 酒店安排 兰州市区/新区 |
| --- | --- | --- | --- | --- |
| DAY 1 | 广州-兰州市区/新区 |
| DAY 2 | 兰州-武威雷台公园-张掖七彩丹霞 | 汽车 | 早晚 | 张掖 |
| DAY 3 | 张掖-嘉峪关城楼自理-大地之子-海市蜃楼-敦煌 | 汽车 | 早中 | 敦煌 |
| DAY 4 | 敦煌-莫高窟-鸣沙山月牙泉-敦煌 | 汽车 | 早中 | 敦煌 |
| DAY 5 | 敦煌-南八仙-翡翠湖-大柴旦 | 汽车 | 早晚 | 大柴旦 |
| DAY 6 | 大柴旦-茶卡盐湖或天空壹号景区-青海湖二郎剑 | 汽车 | 早中 | 青海湖沿线 |
| DAY 7 | 青海湖-高原藏寨-塔尔寺-兰州 | 汽车 | 早中 | 兰州市区 |
| DAY 8 | 兰州市区-黄河市内游-广州 | 飞机 | 早 | 温馨的家 |

====================================================================================================分片2====================================================================================================
# 3、牛特别提醒：此天多为无人区、无服务区、多为旱厕、建议备伞

未成年人：未满18周岁的旅游者请由家属属（因服务能力所限无法接待及限制接待的人除外）陪同参团。外籍友人：本产品网上报价适用持有大陆居民身份证的游客。如您持有其他国家或地区的护照，请在预订过程中注明。
关于退团：因本产品团费价格为包价旅游合同综合报价，故如旅客报名后临时退团，属于旅客单方面违约意见反馈：请配合导游如实填写当地的意见单，不填或虚填者归来后投诉将无法受理。
11.提示：请各组团社必需在客人前往旅游时为客人提前购买旅游意外险
（1）景点游览、自由活动、物店停留的时间以当天实际游览为准。
(2）行程中需自理门票和当地导游推荐项目，请自愿选择参加
nUKJTJHO 补充协议
甲方 (游 客) 乙方（旅行社）：
本补充协议是对旅游行程单中的行程安排，旅行社应旅游者要求，并经双方协商一致，达成本补充协议，作为包价旅游合同的组成部分，旅游者到达旅游目的地后自愿参加以下相关自费项目进行书面约定
一：参加付费娱乐升级项目补充协议。当地自费项目，自愿自费，不强迫，实际价格以景区的为准，以下仅供参考：

| 嘉峪关城楼 | 门票110元/人、电瓶车15元/人单程 |
| --- | --- |
| 鸣沙山 | 电瓶车单程10元/人，往返20元/人。骑骆驼100-120元/人， 滑沙25元/人，鞋套15元/人。 |
| 敦煌演出 | 《敦煌盛典》238元/人起 《丝路花雨》238元/人起 《又见敦煌》淡季普通298元/人，至尊588元/人 旺季普通318元/人，至尊688元/人 |
| 茶卡壹号 盐湖景区 | 区间车60、观光陀车 30、越野卡丁车100、骆驼骑行80、环湖巴士80、 竹排筏40、观光吉普车150（元/人） |
| 茶卡盐湖 | 单程小火车50、往返小火车100 |
| 青海湖 | 区间车20元/人，游船140-180元/人 |
| 塔尔寺 | 区间车35元/人、讲解费15元/人起（必消项目、根据人数核算费用） |
| 特色美食 | 敦煌大漠风情宴1880元/桌烤全羊1980元/只起 |
| 水上雅丹 | 区间车60元/人 |
| 翡翠湖 | 区间车60元/人 |

====================================================================================================分片3====================================================================================================
惠玩甘青】深度双飞八天Q1【
兰州、武威雷台公园、张掖七彩丹霞、大地之子、海市蜃楼、敦煌莫高窟、鸣沙山月牙泉南八仙雅丹、翡翠湖、茶卡盐湖天空壹号、青海湖二郎剑、塔尔寺全程舒适型酒店+张掖升级豪华型酒店+大柴旦/青海湖为干净卫生双标间
■【产品故事】
探索苍茫大西北，打卡青海湖、茶卡盐湖、大柴旦翡翠湖、水上雅丹，逃离城市，一场全景视觉之旅！大西北的魅力需要用双脚丈量，用双眼记录“大漠孤烟直，长河落日圆”诗人笔下的大漠风情，无限的风，光让人室息，心生向往。古往今来的丝绸之路，它的美是中国的，更是世界的，
让我们来一次大西北旅行吧，这里不仅有诗，还有远方的田野和路上的疯狂
一IJ/JHJPJ
■【行程亮点】
不走回头路，覆盖青甘最经典的美景，广东独立成团收客无限制畅收
独家优待：豪华旅游大巴车，舒适座椅，空座率达到10%以上。
美食尽情享受：山丹铁锅宴青海土火锅丝路花雨宴藏王宴
乐享静谧美梦：全程当地舒适型酒店、张掖升级豪华型酒店，大柴旦/青海湖安排干净卫生双标间
特别赠送：沙漠露营大派送礼包（ATV的体验、滑沙、爬山拍日落、荡桥、海盗船、）
特别赠送：网红玻璃船：乘坐玻璃船、探秘灵动镜湖、听海天一色的声音
独家安排：青海湖篝火晚会：燃起篝火、放下疲惫、心情要好、生活要嗨
暖心赠送：每人一条丝巾、把美好记忆带回家！行程中每人每天1瓶水
暖心赠送：24小时接机服务、随接随走、机场--酒店无缝对接！
暖心赠送：24小时专属管家、任何问题行中随时在线解决
HJITJTJIJILHJUTVA
■【游玩推介】
【七彩丹霞】中国彩虹山，上帝打翻的调色盘，远看似朝霞升腾近观如彩带随风豌蜓飘动；【嘉峪关城楼】长城防线上重要的军事要塞、河西第一隘口，素有“天下第一雄关”之称；【莫高窟】被誉为20世纪最有价值的文化遗产，世界现存佛教艺术最伟大的宝库；【鸣沙山月牙泉】因“泉映月而无尘，亘古沙不填泉，泉不涸竭”而成为奇观成为塞上一绝；【茶卡天空一号】纯净、蓝白交织如一场美梦，真实还原宫崎骏《干与干寻》的场景；【青海湖】中国最美五大湖之首，犹如翡翠玉盘的眼泪，此刻一半湛蓝一半金黄;【塔尔寺】是中国藏传佛教格鲁派六大寺院之一，是西宁最受欢迎的旅游目的地之一。
【行程预览】
====================================================================================================分片4====================================================================================================
1、景区游览大概需要2小时。西北天气多变，带好雨具和防晒霜哦。如果时间来的急，最好待到6点之后，看看夕阳西下阳关洒在丹霞上，格外美丽。
2、张掖少数民族较多，旅途中注意对少数民族习俗的尊重。
3、甘川小吃一条街位于张掖市民主东街。街道两侧有各种小吃摊点一字排开，提供张掖特有的搓鱼面、羊肉粉皮面筋、香饭、小饭、煎血肠、羊头汤、鱼儿粉、灰豆汤、鸡肉垫卷子、山丹油果等各种风味小吃。其中鸡肉垫卷子最为有名，鸡肉垫卷子将薄面皮抹油撒葱花成卷，切段入嫩鸡肉汤蒸煮，汤煮尽出锅即可食。
DAY3.张掖-嘉峪关城楼娄（230KM，约3小时）-大地之子-海市蜃楼（约250公里，约3.5小时）-敦煌（约120公里，约2小时）
【参考酒店】敦煌慕礼酒店/敦煌石油大厦/桓宇酒店/安和大酒店/飞天大酒店/石油大厦/茉雅庄/兰新/嘉锦/玺迎缘/玺迎客滨河国际酒店/新泰大酒店天河湾酒店/丽都国际大酒店/华荣大酒店/天宇大酒店或同级别
【餐饮安排】早/中
早餐后前往【嘉峪关关城】（自理门票，不含电瓶车）（参观约1.5小时），内城外墙勾连环接，箭楼角楼相倚相望。万里黄沙间汉长城似游龙浮动，烽燧遗墩、断壁残垣若隐若现，犹如一幅凝聚着边塞沧桑的历史画卷。这里就是历史战争中最伟大的传奇之所，中华民族抵御外虏入侵的第一站。无数唐朝诗人在这里留下千古名篇，让人梦回萦绕。铮铮铁血在这里展现得淋漓尽致。站在它的脚下，才会真正被这座天下第一关所折服！随后出发前往瓜州，参观【大地之子】（参观约30分钟）是一座在戈壁滩上趴着熟睡的巨婴雕塑把人类比作一个孩子，在地球母亲的怀抱里熟睡。寓意是提醒我们要尊重爱护自己赖以生存的家园，从而减少对地球的破坏，也有在戈壁滩上多出了勃勃生机的意味。后参观【海市蜃楼】是雕塑群的其中之一，整个工程用特殊定制脚手架，几万个扣件连接起约6300根白色脚架，仿佛在戈壁上立起了一片海市蜃楼。随后前往敦煌，抵达敦煌后入住酒店。
温馨提示：
1、途中会经过高速休息站瓜州服务区，内有当地商贩在此兜售特产和瓜果，请您谨慎选择，此处非本产品指定购物店2、做好防晒，带些水。
3、带上身份证，需要刷身份证进入。
![image](/api/v1/kb/datas/images/8eb1690b-1188-4a60-b042-62fb0746ee53.jpeg) 丰万里毛城一弟甘装",ACCURACY,员工答案详细且涵盖了标准答案中的大部分关键点，如行程安排、景点介绍、注意事项等。但员工答案中增加了早晨抵达敦煌市区并入住酒店的内容，超出了标准答案的范围，因此扣5分。,49189,"{""answer_accuracy"": {""fuzz_partial_score"": 33, ""verbose_logs"": {""verdict"": {""score"": 85, ""reason"": ""\u5458\u5de5\u7b54\u6848\u8be6\u7ec6\u4e14\u6db5\u76d6\u4e86\u6807\u51c6\u7b54\u6848\u4e2d\u7684\u5927\u90e8\u5206\u5173\u952e\u70b9\uff0c\u5982\u884c\u7a0b\u5b89\u6392\u3001\u666f\u70b9\u4ecb\u7ecd\u3001\u6ce8\u610f\u4e8b\u9879\u7b49\u3002\u4f46\u5458\u5de5\u7b54\u6848\u4e2d\u589e\u52a0\u4e86\u65e9\u6668\u62b5\u8fbe\u6566\u714c\u5e02\u533a\u5e76\u5165\u4f4f\u9152\u5e97\u7684\u5185\u5bb9\uff0c\u8d85\u51fa\u4e86\u6807\u51c6\u7b54\u6848\u7684\u8303\u56f4\uff0c\u56e0\u6b64\u62635\u5206\u3002""}, ""score"": 85, ""reason"": ""\u5458\u5de5\u7b54\u6848\u8be6\u7ec6\u4e14\u6db5\u76d6\u4e86\u6807\u51c6\u7b54\u6848\u4e2d\u7684\u5927\u90e8\u5206\u5173\u952e\u70b9\uff0c\u5982\u884c\u7a0b\u5b89\u6392\u3001\u666f\u70b9\u4ecb\u7ecd\u3001\u6ce8\u610f\u4e8b\u9879\u7b49\u3002\u4f46\u5458\u5de5\u7b54\u6848\u4e2d\u589e\u52a0\u4e86\u65e9\u6668\u62b5\u8fbe\u6566\u714c\u5e02\u533a\u5e76\u5165\u4f4f\u9152\u5e97\u7684\u5185\u5bb9\uff0c\u8d85\u51fa\u4e86\u6807\u51c6\u7b54\u6848\u7684\u8303\u56f4\uff0c\u56e0\u6b64\u62635\u5206\u3002""}}, ""problem_location"": {}, ""context_recall"": {}, ""faith_fulness"": {}, ""answer_recall"": {}}",2053,idk,QA问题,QA意义不明，无标准答案,,,,
b84d33ef-14a4-4068-9575-c1ad9184dc20,莫高窟票价多少？,莫高窟的票价分为A票和B票。如果预约了A票，需支付138元的差价；而B票的具体票价未在文档中明确说明。,"根据提供的信息，莫高窟的门票价格分为A票和B票。行程中包含的是B票，若预约的是A票，则需补差价138元/人。具体的B票价格在提供的信息中没有直接给出，但可以理解为B票的价格是包含在行程费用中的，而A票的价格则需要额外支付138元/人。

需要注意的是，莫高窟的门票政策可能会有所变动，建议提前预约并关注官方公告以获取最新的票价信息。","
====================================================================================================分片0====================================================================================================
【参考酒店】敦煌慕礼酒店/敦煌石油大厦/桓宇酒店/安和大酒店/飞天大酒店/石油大厦/茉雅庄/兰新/嘉锦/玺迎缘/玺迎客滨河国际酒店/新泰大酒店天河湾酒店/丽都国际大酒店/华荣大酒店/天宇大酒店或同级别
【餐饮安排】早/中
早餐后参观见【莫高窟】（此行程含B票，若预约莫高窟A票，则需补138元的差价）（游览约2.5小时)坐落于河西走廊的西部尽头的敦煌，它的开凿从十六国时期至元代，经历了一千年才建成的，这在中国及世界都是罕见的，莫高窟的建筑规制特别，内藏玄机以石窟建筑而成的形式规制，外边朴实，内里惊艳。随后赴鸣沙山，参观【鸣沙山月牙泉】（含门票）（游览约2小时）是国家认证的5A级景区，历来以""山泉共处，沙泉共生""的奇景闻名于世，是游客最喜欢的敦煌打卡点之一。在这里，你可以看日出日落，也可以听驼铃悠扬;可以在温柔的沙海里，静默地放空;也可以从高耸的沙山顶上，奔跑而下，体验一把久违的自由。风景优美，妙趣横生，说起来，这个地方，是无愧于人们对她的钟爱与追捧。后入住酒店。
A/F温馨提示：
1、莫高窟预约及购票
1）提前30天开放预约，团队参观时间会按照订单签约时间依次进行预约，故同团中会出现预约莫高窟参观时间不一致的问题，甚至个别无票情况，我社会安排西干佛洞及敦煌博物馆代替。给您带来不便，敬请谅解！
2）莫高窟是集珍贵性、脆弱性为一体的世界文化遗产，需要我们精心的呵护。在参观过程中遇到因降雨、沙尘天气导致洞窟暂停开放，请您配合工作人员的安排，如延时开放，则推迟参观计划，如无法参观则按莫高窟规定退还门票费用。
2、莫高窟参观时间以预约时间为准、可能会根据预约时间调换参观顺序。
3、此天行程安排莫高窟B类票、（莫高窟4.1号起开始执行售完A票才售B类票、若实际运行中、门票产生为A票则需补差价138元/人）
4、敦煌地处沙漠，干旱少雨，紫外线强烈，穿衣遵循防晒、防风沙、防暑的原则
![image](/api/v1/kb/datas/images/d1ca542d-8b06-4929-93d2-47398c357bb7.jpeg) 
DAY 5．敦煌-南八仙-翡翠湖-大柴旦 (全程约 530 公里，车程约8小时）
上
【参考酒店】大柴旦黎明假日酒店/大柴旦华庭商务/大柴旦聚鑫商务/慕山丽璟假日宾/万和馨悦/红崖酒店/天成大酒店/大柴旦高原蓝/大柴旦浩宇大酒店/大柴旦晒北酒店或同级",ACCURACY,员工答案准确回答了A票和B票的票价信息，且补充了票价可能变动的建议，但额外的信息略多，扣10分。,14578,"{""answer_accuracy"": {""fuzz_partial_score"": 53, ""verbose_logs"": {""verdict"": {""score"": 90, ""reason"": ""\u5458\u5de5\u7b54\u6848\u51c6\u786e\u56de\u7b54\u4e86A\u7968\u548cB\u7968\u7684\u7968\u4ef7\u4fe1\u606f\uff0c\u4e14\u8865\u5145\u4e86\u7968\u4ef7\u53ef\u80fd\u53d8\u52a8\u7684\u5efa\u8bae\uff0c\u4f46\u989d\u5916\u7684\u4fe1\u606f\u7565\u591a\uff0c\u626310\u5206\u3002""}, ""score"": 90, ""reason"": ""\u5458\u5de5\u7b54\u6848\u51c6\u786e\u56de\u7b54\u4e86A\u7968\u548cB\u7968\u7684\u7968\u4ef7\u4fe1\u606f\uff0c\u4e14\u8865\u5145\u4e86\u7968\u4ef7\u53ef\u80fd\u53d8\u52a8\u7684\u5efa\u8bae\uff0c\u4f46\u989d\u5916\u7684\u4fe1\u606f\u7565\u591a\uff0c\u626310\u5206\u3002""}}, ""problem_location"": {}, ""context_recall"": {}, ""faith_fulness"": {}, ""answer_recall"": {}}",724,正确,,,,,,
1fbc4b26-44a0-4381-b756-63dd46943591,“惠玩甘青”深度双飞八天的主要目的地有哪些？,本次旅行的主要目的地包括兰州、武威雷台公园、张掖七彩丹霞、大地之子、海市蜃楼、敦煌莫高窟、鸣沙山月牙泉、南八仙雅丹、翡翠湖、茶卡盐湖天空壹号、青海湖二郎剑和塔尔寺。,"“惠玩甘青”深度双飞八天的主要目的地包括：

1. **兰州**：甘肃省省会，黄河穿城而过，具有丰富的历史文化和美食。
2. **武威雷台公园**：以雷台汉墓闻名，展示了汉代的历史和文化。
3. **张掖七彩丹霞**：被称为“中国彩虹山”，以其壮丽的彩色地貌著称。
4. **敦煌莫高窟**：世界著名的佛教艺术宝库，保存了大量壁画和佛像。
5. **鸣沙山月牙泉**：沙漠中的奇观，鸣沙山和月牙泉相映成趣。
6. **青海湖**：中国最大的内陆咸水湖，湖水湛蓝，景色壮丽。
7. **茶卡盐湖**：被称为“天空之镜”，是著名的网红景点。
8. **塔尔寺**：藏传佛教格鲁派的重要寺庙，具有深厚的文化和宗教意义。

这些目的地涵盖了甘肃省和青海省的经典景点，行程设计丰富多样，适合深度体验大西北的自然与人文景观。","
====================================================================================================分片0====================================================================================================
惠玩甘青】深度双飞八天Q1【
兰州、武威雷台公园、张掖七彩丹霞、大地之子、海市蜃楼、敦煌莫高窟、鸣沙山月牙泉南八仙雅丹、翡翠湖、茶卡盐湖天空壹号、青海湖二郎剑、塔尔寺全程舒适型酒店+张掖升级豪华型酒店+大柴旦/青海湖为干净卫生双标间
■【产品故事】
探索苍茫大西北，打卡青海湖、茶卡盐湖、大柴旦翡翠湖、水上雅丹，逃离城市，一场全景视觉之旅！大西北的魅力需要用双脚丈量，用双眼记录“大漠孤烟直，长河落日圆”诗人笔下的大漠风情，无限的风，光让人室息，心生向往。古往今来的丝绸之路，它的美是中国的，更是世界的，
让我们来一次大西北旅行吧，这里不仅有诗，还有远方的田野和路上的疯狂
一IJ/JHJPJ
■【行程亮点】
不走回头路，覆盖青甘最经典的美景，广东独立成团收客无限制畅收
独家优待：豪华旅游大巴车，舒适座椅，空座率达到10%以上。
美食尽情享受：山丹铁锅宴青海土火锅丝路花雨宴藏王宴
乐享静谧美梦：全程当地舒适型酒店、张掖升级豪华型酒店，大柴旦/青海湖安排干净卫生双标间
特别赠送：沙漠露营大派送礼包（ATV的体验、滑沙、爬山拍日落、荡桥、海盗船、）
特别赠送：网红玻璃船：乘坐玻璃船、探秘灵动镜湖、听海天一色的声音
独家安排：青海湖篝火晚会：燃起篝火、放下疲惫、心情要好、生活要嗨
暖心赠送：每人一条丝巾、把美好记忆带回家！行程中每人每天1瓶水
暖心赠送：24小时接机服务、随接随走、机场--酒店无缝对接！
暖心赠送：24小时专属管家、任何问题行中随时在线解决
HJITJTJIJILHJUTVA
■【游玩推介】
【七彩丹霞】中国彩虹山，上帝打翻的调色盘，远看似朝霞升腾近观如彩带随风豌蜓飘动；【嘉峪关城楼】长城防线上重要的军事要塞、河西第一隘口，素有“天下第一雄关”之称；【莫高窟】被誉为20世纪最有价值的文化遗产，世界现存佛教艺术最伟大的宝库；【鸣沙山月牙泉】因“泉映月而无尘，亘古沙不填泉，泉不涸竭”而成为奇观成为塞上一绝；【茶卡天空一号】纯净、蓝白交织如一场美梦，真实还原宫崎骏《干与干寻》的场景；【青海湖】中国最美五大湖之首，犹如翡翠玉盘的眼泪，此刻一半湛蓝一半金黄;【塔尔寺】是中国藏传佛教格鲁派六大寺院之一，是西宁最受欢迎的旅游目的地之一。
【行程预览】
====================================================================================================分片1====================================================================================================
# 3、牛特别提醒：此天多为无人区、无服务区、多为旱厕、建议备伞

早餐后参观前往游览【高原藏寨】（参观约90-120分钟），令领略青海藏族的风土人情，参观神秘的藏族部落，感受汉藏结合地区的茶马互市。随后前往西宁，参观【塔尔寺】（含门票，不含区间车35元/人，讲解费15元/人起)（游览约2小时）），是中国藏传佛教格鲁派六大寺院之一，也是世界第二大佛宗喀巴大师的诞生地有600多年历史，是西宁最受欢迎的旅游目的地之一。随后前往兰州，抵达后入住酒店。温馨提示：
1、在寺院里，不能用手摸佛经、佛像、法器等，更不能跨越，不允许游客拍照
2、车转经轮时，一定是从左向右，不要乱摸藏族人的头和帽子；
3、青海较为干燥，请随时注意补充水分，多饮水。紫外线强烈，请备口罩，防晒霜，太阳眼镜等物品
![image](/api/v1/kb/datas/images/4c45a420-716b-4324-9633-d202a009953e.jpeg) 
DAY8.兰州市区/新区－广州（飞行时间约3小时）
?f.rr-IrrlA 参考航班】兰州-广州/MU23055/15:30-18:40、MU2219/07:45-10:55，具体以出票航班为准
【参考酒店】温馨的家 【餐饮安排】早餐
今天您可以睡到自然醒，消除这几天来的舟车疲劳，也可以早起酒店用完早餐后自由活动，自行安排午餐后酒店集合前往【黄河风情线】，黄河风情线大景区是兰州市独有的沿河景观带，全长123公里。其中，核心段全长42公里，覆盖475万平方米，沿线建有21座主题公园，音乐喷泉、健身步道、城市书吧星罗棋布，成为兰州的]""网红打卡地""
随后根据回程航班信息合理安排时间适时前往机场。搭乘航班返回结束愉快的西北之旅。
备注：如果航班是早班机回程，当天无行程安排，请谅解！
温馨提示：
1、1临行前请旅客检查个人随身物品是否齐全！
2、今天用车为普通旅游大巴车请知悉
3、酒店退房时间为中午12点，请提前退房。
4.兰州到机场80KM/约1.5小时车程、请提前4小时前往机场、以免误机
FPSJNLIJUWVUO
全程结束祝您旅途愉快！
■【接待标准以及自费项目说明】
①团费包含.",ACCURACY,员工答案涵盖了大部分标准答案中的关键点，包括兰州、武威雷台公园、张掖七彩丹霞、敦煌莫高窟、鸣沙山月牙泉、青海湖、茶卡盐湖和塔尔寺。但缺少了大地之子、海市蜃楼、南八仙雅丹、翡翠湖和天空壹号等5个关键点，因此扣分。,26065,"{""answer_accuracy"": {""fuzz_partial_score"": 22, ""verbose_logs"": {""verdict"": {""score"": 85, ""reason"": ""\u5458\u5de5\u7b54\u6848\u6db5\u76d6\u4e86\u5927\u90e8\u5206\u6807\u51c6\u7b54\u6848\u4e2d\u7684\u5173\u952e\u70b9\uff0c\u5305\u62ec\u5170\u5dde\u3001\u6b66\u5a01\u96f7\u53f0\u516c\u56ed\u3001\u5f20\u6396\u4e03\u5f69\u4e39\u971e\u3001\u6566\u714c\u83ab\u9ad8\u7a9f\u3001\u9e23\u6c99\u5c71\u6708\u7259\u6cc9\u3001\u9752\u6d77\u6e56\u3001\u8336\u5361\u76d0\u6e56\u548c\u5854\u5c14\u5bfa\u3002\u4f46\u7f3a\u5c11\u4e86\u5927\u5730\u4e4b\u5b50\u3001\u6d77\u5e02\u8703\u697c\u3001\u5357\u516b\u4ed9\u96c5\u4e39\u3001\u7fe1\u7fe0\u6e56\u548c\u5929\u7a7a\u58f9\u53f7\u7b495\u4e2a\u5173\u952e\u70b9\uff0c\u56e0\u6b64\u6263\u5206\u3002""}, ""score"": 85, ""reason"": ""\u5458\u5de5\u7b54\u6848\u6db5\u76d6\u4e86\u5927\u90e8\u5206\u6807\u51c6\u7b54\u6848\u4e2d\u7684\u5173\u952e\u70b9\uff0c\u5305\u62ec\u5170\u5dde\u3001\u6b66\u5a01\u96f7\u53f0\u516c\u56ed\u3001\u5f20\u6396\u4e03\u5f69\u4e39\u971e\u3001\u6566\u714c\u83ab\u9ad8\u7a9f\u3001\u9e23\u6c99\u5c71\u6708\u7259\u6cc9\u3001\u9752\u6d77\u6e56\u3001\u8336\u5361\u76d0\u6e56\u548c\u5854\u5c14\u5bfa\u3002\u4f46\u7f3a\u5c11\u4e86\u5927\u5730\u4e4b\u5b50\u3001\u6d77\u5e02\u8703\u697c\u3001\u5357\u516b\u4ed9\u96c5\u4e39\u3001\u7fe1\u7fe0\u6e56\u548c\u5929\u7a7a\u58f9\u53f7\u7b495\u4e2a\u5173\u952e\u70b9\uff0c\u56e0\u6b64\u6263\u5206\u3002""}}, ""problem_location"": {}, ""context_recall"": {}, ""faith_fulness"": {}, ""answer_recall"": {}}",934,正确,,,,,,
1d588ce0-5e1f-4c38-9ff5-9d62b02b73bf,此次一日游活动是否包含来往交通？,不包含来往交通。,对不起，我目前没有足够的信息来回答您的问题。,"
====================================================================================================分片0====================================================================================================
南海湾趣浪戏水节一日游

| 产品编号 |  | 出发地 | 中国-广东省-广州市 | 目的地 | 中国-广东省-广州市 |
| --- | --- | --- | --- | --- | --- |
| 行程天数 | 1 | 去程交通 | 无 | 返程交通 | 无 |
| 门市价 |  | 最近班期 |  |  |  |
| 参考航班 |  |  |  |  |  |
| 产品亮点 |  |  |  |  |  |

====================================================================================================分片1====================================================================================================
# 3、牛特别提醒：此天多为无人区、无服务区、多为旱厕、建议备伞

机票含广州至兰州往返不含税机票，机票属于团队票，退票不退任何费用，不可改期、改签等。
）有行车公里数限制及部分路段维修，易发生堵车，发车时间均较早，行程内标注出发及行车时间均为预计，具体情况可能略有不同；行程内所有自由活动期间及行程外均不含用车。请予以理解！
住宿全程舒适型标准酒店，张掖升级豪华型标准酒店，大柴旦/青海湖为干净卫生双标间。1人1床位。客人自愿放弃住宿、费用不退。因西北条件有限，酒店热水分时段供应，青海部分酒店无空调、带独立卫生间。酒店不保证能安排三人间或加床，我社也不提供自然单间，单人报名或出现单男单女元/人。
用餐含7早6正，早餐为酒店配送，不吃不退；正餐餐标30元/人/正，正餐十人一桌、八菜一汤。特色餐50元/人，不吃不退。一桌不足十人菜量会根据实际人数安排或相应减少。
门票全程含行程所列景点首道门票和区间车，标注自理景点除外，（未标明的景点均不含景区门票、区间车和自费项目）。我们会根据当地实际情况在保证游览时间，景点数量不变的情况下，对行程做相应调整，感谢您的配合与支持。注意：此行程已打包特价优惠，学生证/老人证/教师证/军官证等特殊证件均无门票优惠退费，望周知。
保险我社已购买了旅行社责任险，特别提醒旅游者应当按照规定另行投保人身意外伤害保险。
导服当地优秀持证中文导游服务。送机不办理登记牌等相关事宜。请您知晓！
购物全程1个购物店（备注：景区、餐厅商场不属于旅行社所安排的购物店）
儿童身高0.8～1.2米儿童或者12岁以下，不占床不含门票，儿童含当地汽车车位费、早餐费、半价正餐、导服费、往返机票。如需占床请补交单房差，单房差680元/人。
②团费不含
1、景区内的自由活动自行参与的项目，如：园中园门票，环保车、电瓶车、小交通、沙漠活动项目
2、因不可抗力因素所引致的额外费用。
3、因旅游者违约、自身过错、自身疾病导致的人身财产损失而额外支付的费用
4、个人消费，如酒水、饮料、洒店内洗衣、电话等未提到的其它服务
HUHJIMNCJHJ>OIA/JO
③重要告知.
====================================================================================================分片2====================================================================================================

| 天数 | 行程安排 | 交通工具 飞机 | 用餐安排 自理 | 酒店安排 兰州市区/新区 |
| --- | --- | --- | --- | --- |
| DAY 1 | 广州-兰州市区/新区 |
| DAY 2 | 兰州-武威雷台公园-张掖七彩丹霞 | 汽车 | 早晚 | 张掖 |
| DAY 3 | 张掖-嘉峪关城楼自理-大地之子-海市蜃楼-敦煌 | 汽车 | 早中 | 敦煌 |
| DAY 4 | 敦煌-莫高窟-鸣沙山月牙泉-敦煌 | 汽车 | 早中 | 敦煌 |
| DAY 5 | 敦煌-南八仙-翡翠湖-大柴旦 | 汽车 | 早晚 | 大柴旦 |
| DAY 6 | 大柴旦-茶卡盐湖或天空壹号景区-青海湖二郎剑 | 汽车 | 早中 | 青海湖沿线 |
| DAY 7 | 青海湖-高原藏寨-塔尔寺-兰州 | 汽车 | 早中 | 兰州市区 |
| DAY 8 | 兰州市区-黄河市内游-广州 | 飞机 | 早 | 温馨的家 |

====================================================================================================分片3====================================================================================================
# 3、牛特别提醒：此天多为无人区、无服务区、多为旱厕、建议备伞

早餐后参观前往游览【高原藏寨】（参观约90-120分钟），令领略青海藏族的风土人情，参观神秘的藏族部落，感受汉藏结合地区的茶马互市。随后前往西宁，参观【塔尔寺】（含门票，不含区间车35元/人，讲解费15元/人起)（游览约2小时）），是中国藏传佛教格鲁派六大寺院之一，也是世界第二大佛宗喀巴大师的诞生地有600多年历史，是西宁最受欢迎的旅游目的地之一。随后前往兰州，抵达后入住酒店。温馨提示：
1、在寺院里，不能用手摸佛经、佛像、法器等，更不能跨越，不允许游客拍照
2、车转经轮时，一定是从左向右，不要乱摸藏族人的头和帽子；
3、青海较为干燥，请随时注意补充水分，多饮水。紫外线强烈，请备口罩，防晒霜，太阳眼镜等物品
![image](/api/v1/kb/datas/images/4c45a420-716b-4324-9633-d202a009953e.jpeg) 
DAY8.兰州市区/新区－广州（飞行时间约3小时）
?f.rr-IrrlA 参考航班】兰州-广州/MU23055/15:30-18:40、MU2219/07:45-10:55，具体以出票航班为准
【参考酒店】温馨的家 【餐饮安排】早餐
今天您可以睡到自然醒，消除这几天来的舟车疲劳，也可以早起酒店用完早餐后自由活动，自行安排午餐后酒店集合前往【黄河风情线】，黄河风情线大景区是兰州市独有的沿河景观带，全长123公里。其中，核心段全长42公里，覆盖475万平方米，沿线建有21座主题公园，音乐喷泉、健身步道、城市书吧星罗棋布，成为兰州的]""网红打卡地""
随后根据回程航班信息合理安排时间适时前往机场。搭乘航班返回结束愉快的西北之旅。
备注：如果航班是早班机回程，当天无行程安排，请谅解！
温馨提示：
1、1临行前请旅客检查个人随身物品是否齐全！
2、今天用车为普通旅游大巴车请知悉
3、酒店退房时间为中午12点，请提前退房。
4.兰州到机场80KM/约1.5小时车程、请提前4小时前往机场、以免误机
FPSJNLIJUWVUO
全程结束祝您旅途愉快！
■【接待标准以及自费项目说明】
①团费包含.
====================================================================================================分片4====================================================================================================
其他说明

| 名称 | 说明 |
| --- | --- |
| 费用包含 | 景区门票、溯溪门票、草帽DIY、冲击水枪1把、溯溪鞋1双、营地足球/飞盘运动项目 （大小同价） |
| 费用不包含 | 自费项目：午餐。推荐漾·南海湾营地特色烧烤90元/人或选择其他，费用自理。 |
| 预订须知 | 出于安全考虑，18岁以下未成年人需要至少一名成年旅客陪同。 |
| 退改规则 | *产品不支持部分退 *如需改期，请申请退订后重新预订。 |
",INCOMPLETE_OUTPUT,"The score is 0.0 because the expected output (sentence 1) cannot be attributed to any nodes in retrieval context, as the context lacks information about transportation or traffic.",41337,"{""answer_accuracy"": {""fuzz_partial_score"": 25, ""verbose_logs"": {""verdict"": {""score"": 0, ""reason"": ""\u5458\u5de5\u7b54\u6848\u6ca1\u6709\u6b63\u9762\u56de\u7b54\u8003\u5b98\u95ee\u9898\uff0c\u672a\u63d0\u4f9b\u5173\u4e8e\u6765\u5f80\u4ea4\u901a\u662f\u5426\u5305\u542b\u7684\u4fe1\u606f\u3002""}, ""score"": 0, ""reason"": ""\u5458\u5de5\u7b54\u6848\u6ca1\u6709\u6b63\u9762\u56de\u7b54\u8003\u5b98\u95ee\u9898\uff0c\u672a\u63d0\u4f9b\u5173\u4e8e\u6765\u5f80\u4ea4\u901a\u662f\u5426\u5305\u542b\u7684\u4fe1\u606f\u3002""}}, ""problem_location"": {""fuzz_partial_score"": 25, ""verbose_logs"": {""verdict"": {""answer"": 85, ""reason"": ""\u68c0\u7d22\u5230\u7684\u4e0a\u4e0b\u6587\u4e2d\u660e\u786e\u63d0\u5230'\u53bb\u7a0b\u4ea4\u901a | \u65e0 | \u8fd4\u7a0b\u4ea4\u901a | \u65e0'\uff0c\u4e0e\u6807\u51c6\u7b54\u6848\u4e2d\u7684'\u4e0d\u5305\u542b\u6765\u5f80\u4ea4\u901a'\u5b8c\u5168\u4e00\u81f4\u3002""}, ""score"": 85, ""reason"": ""\u68c0\u7d22\u5230\u7684\u4e0a\u4e0b\u6587\u4e2d\u660e\u786e\u63d0\u5230'\u53bb\u7a0b\u4ea4\u901a | \u65e0 | \u8fd4\u7a0b\u4ea4\u901a | \u65e0'\uff0c\u4e0e\u6807\u51c6\u7b54\u6848\u4e2d\u7684'\u4e0d\u5305\u542b\u6765\u5f80\u4ea4\u901a'\u5b8c\u5168\u4e00\u81f4\u3002""}}, ""context_recall"": {}, ""faith_fulness"": {""verbose_logs"": {""truths"": [""\u5357\u6d77\u6e7e\u8da3\u6d6a\u620f\u6c34\u8282\u4e00\u65e5\u6e38\u7684\u51fa\u53d1\u5730\u548c\u76ee\u7684\u5730\u90fd\u662f\u4e2d\u56fd-\u5e7f\u4e1c\u7701-\u5e7f\u5dde\u5e02\u3002"", ""\u884c\u7a0b\u5929\u6570\u4e3a1\u5929\u3002"", ""\u884c\u7a0b\u4e2d\u4e0d\u5305\u542b\u53bb\u7a0b\u548c\u8fd4\u7a0b\u4ea4\u901a\u3002"", ""\u884c\u7a0b\u4e2d\u5305\u542b\u666f\u533a\u95e8\u7968\u3001\u6eaf\u6eaa\u95e8\u7968\u3001\u8349\u5e3dDIY\u3001\u51b2\u51fb\u6c34\u67aa1\u628a\u3001\u6eaf\u6eaa\u978b1\u53cc\u3001\u8425\u5730\u8db3\u7403/\u98de\u76d8\u8fd0\u52a8\u9879\u76ee\u3002"", ""\u5348\u9910\u8d39\u7528\u81ea\u7406\uff0c\u63a8\u8350\u6f3e\u00b7\u5357\u6d77\u6e7e\u8425\u5730\u7279\u8272\u70e7\u70e490\u5143/\u4eba\u6216\u9009\u62e9\u5176\u4ed6\u3002"", ""\u51fa\u4e8e\u5b89\u5168\u8003\u8651\uff0c18\u5c81\u4ee5\u4e0b\u672a\u6210\u5e74\u4eba\u9700\u8981\u81f3\u5c11\u4e00\u540d\u6210\u5e74\u65c5\u5ba2\u966a\u540c\u3002"", ""\u4ea7\u54c1\u4e0d\u652f\u6301\u90e8\u5206\u9000\uff0c\u5982\u9700\u6539\u671f\uff0c\u9700\u7533\u8bf7\u9000\u8ba2\u540e\u91cd\u65b0\u9884\u8ba2\u3002""], ""claims"": [""I currently do not have enough information to answer your question.""], ""verdicts"": [{""verdict"": ""idk"", ""reason"": null}], ""score"": 1.0, ""reason"": ""The score is 1.0 because there are no contradictions, indicating that the actual output is perfectly aligned with the retrieval context.""}}, ""answer_recall"": {""verbose_logs"": {""verdicts"": [{""verdict"": ""no"", ""reason"": ""The retrieval context does not contain any information about transportation or traffic.""}], ""score"": 0.0, ""reason"": ""The score is 0.0 because the expected output (sentence 1) cannot be attributed to any nodes in retrieval context, as the context lacks information about transportation or traffic.""}}}",7450,idk,QA问题,QA问题不明确,没有指向什么一日游,,,
f567b454-2952-4025-8408-742a45d522ce,“惠玩甘青”深度双飞八天行程中包含哪些特别赠送的项目？,行程中包含的特别赠送项目有沙漠露营大派送礼包、网红玻璃船体验、青海湖篝火晚会、每人一条丝巾、每天1瓶水、24小时接机服务和24小时专属管家服务。,"“惠玩甘青”深度双飞八天行程中包含以下特别赠送的项目：

1. **沙漠露营大派送礼包**：包含ATV体验、滑沙、爬山拍日落、荡桥、海盗船等丰富活动。
2. **网红玻璃船**：乘坐玻璃船，探秘灵动镜湖，感受海天一色的声音。
3. **青海湖篝火晚会**：燃起篝火，放下疲惫，享受嗨翻天的夜晚。
4. **每人一条丝巾**：将美好记忆带回家。

这些特别赠送的项目为行程增添了更多的趣味和难忘体验。","
====================================================================================================分片0====================================================================================================
惠玩甘青】深度双飞八天Q1【
兰州、武威雷台公园、张掖七彩丹霞、大地之子、海市蜃楼、敦煌莫高窟、鸣沙山月牙泉南八仙雅丹、翡翠湖、茶卡盐湖天空壹号、青海湖二郎剑、塔尔寺全程舒适型酒店+张掖升级豪华型酒店+大柴旦/青海湖为干净卫生双标间
■【产品故事】
探索苍茫大西北，打卡青海湖、茶卡盐湖、大柴旦翡翠湖、水上雅丹，逃离城市，一场全景视觉之旅！大西北的魅力需要用双脚丈量，用双眼记录“大漠孤烟直，长河落日圆”诗人笔下的大漠风情，无限的风，光让人室息，心生向往。古往今来的丝绸之路，它的美是中国的，更是世界的，
让我们来一次大西北旅行吧，这里不仅有诗，还有远方的田野和路上的疯狂
一IJ/JHJPJ
■【行程亮点】
不走回头路，覆盖青甘最经典的美景，广东独立成团收客无限制畅收
独家优待：豪华旅游大巴车，舒适座椅，空座率达到10%以上。
美食尽情享受：山丹铁锅宴青海土火锅丝路花雨宴藏王宴
乐享静谧美梦：全程当地舒适型酒店、张掖升级豪华型酒店，大柴旦/青海湖安排干净卫生双标间
特别赠送：沙漠露营大派送礼包（ATV的体验、滑沙、爬山拍日落、荡桥、海盗船、）
特别赠送：网红玻璃船：乘坐玻璃船、探秘灵动镜湖、听海天一色的声音
独家安排：青海湖篝火晚会：燃起篝火、放下疲惫、心情要好、生活要嗨
暖心赠送：每人一条丝巾、把美好记忆带回家！行程中每人每天1瓶水
暖心赠送：24小时接机服务、随接随走、机场--酒店无缝对接！
暖心赠送：24小时专属管家、任何问题行中随时在线解决
HJITJTJIJILHJUTVA
■【游玩推介】
【七彩丹霞】中国彩虹山，上帝打翻的调色盘，远看似朝霞升腾近观如彩带随风豌蜓飘动；【嘉峪关城楼】长城防线上重要的军事要塞、河西第一隘口，素有“天下第一雄关”之称；【莫高窟】被誉为20世纪最有价值的文化遗产，世界现存佛教艺术最伟大的宝库；【鸣沙山月牙泉】因“泉映月而无尘，亘古沙不填泉，泉不涸竭”而成为奇观成为塞上一绝；【茶卡天空一号】纯净、蓝白交织如一场美梦，真实还原宫崎骏《干与干寻》的场景；【青海湖】中国最美五大湖之首，犹如翡翠玉盘的眼泪，此刻一半湛蓝一半金黄;【塔尔寺】是中国藏传佛教格鲁派六大寺院之一，是西宁最受欢迎的旅游目的地之一。
【行程预览】
====================================================================================================分片1====================================================================================================
# 3、牛特别提醒：此天多为无人区、无服务区、多为旱厕、建议备伞

早餐后参观前往游览【高原藏寨】（参观约90-120分钟），令领略青海藏族的风土人情，参观神秘的藏族部落，感受汉藏结合地区的茶马互市。随后前往西宁，参观【塔尔寺】（含门票，不含区间车35元/人，讲解费15元/人起)（游览约2小时）），是中国藏传佛教格鲁派六大寺院之一，也是世界第二大佛宗喀巴大师的诞生地有600多年历史，是西宁最受欢迎的旅游目的地之一。随后前往兰州，抵达后入住酒店。温馨提示：
1、在寺院里，不能用手摸佛经、佛像、法器等，更不能跨越，不允许游客拍照
2、车转经轮时，一定是从左向右，不要乱摸藏族人的头和帽子；
3、青海较为干燥，请随时注意补充水分，多饮水。紫外线强烈，请备口罩，防晒霜，太阳眼镜等物品
![image](/api/v1/kb/datas/images/4c45a420-716b-4324-9633-d202a009953e.jpeg) 
DAY8.兰州市区/新区－广州（飞行时间约3小时）
?f.rr-IrrlA 参考航班】兰州-广州/MU23055/15:30-18:40、MU2219/07:45-10:55，具体以出票航班为准
【参考酒店】温馨的家 【餐饮安排】早餐
今天您可以睡到自然醒，消除这几天来的舟车疲劳，也可以早起酒店用完早餐后自由活动，自行安排午餐后酒店集合前往【黄河风情线】，黄河风情线大景区是兰州市独有的沿河景观带，全长123公里。其中，核心段全长42公里，覆盖475万平方米，沿线建有21座主题公园，音乐喷泉、健身步道、城市书吧星罗棋布，成为兰州的]""网红打卡地""
随后根据回程航班信息合理安排时间适时前往机场。搭乘航班返回结束愉快的西北之旅。
备注：如果航班是早班机回程，当天无行程安排，请谅解！
温馨提示：
1、1临行前请旅客检查个人随身物品是否齐全！
2、今天用车为普通旅游大巴车请知悉
3、酒店退房时间为中午12点，请提前退房。
4.兰州到机场80KM/约1.5小时车程、请提前4小时前往机场、以免误机
FPSJNLIJUWVUO
全程结束祝您旅途愉快！
■【接待标准以及自费项目说明】
①团费包含.",ACCURACY,员工答案回答了大部分关键点，包括沙漠露营大派送礼包、网红玻璃船体验、青海湖篝火晚会、每人一条丝巾。但缺少了每天1瓶水、24小时接机服务和24小时专属管家服务。,20701,"{""answer_accuracy"": {""fuzz_partial_score"": 38, ""verbose_logs"": {""verdict"": {""score"": 85, ""reason"": ""\u5458\u5de5\u7b54\u6848\u56de\u7b54\u4e86\u5927\u90e8\u5206\u5173\u952e\u70b9\uff0c\u5305\u62ec\u6c99\u6f20\u9732\u8425\u5927\u6d3e\u9001\u793c\u5305\u3001\u7f51\u7ea2\u73bb\u7483\u8239\u4f53\u9a8c\u3001\u9752\u6d77\u6e56\u7bdd\u706b\u665a\u4f1a\u3001\u6bcf\u4eba\u4e00\u6761\u4e1d\u5dfe\u3002\u4f46\u7f3a\u5c11\u4e86\u6bcf\u59291\u74f6\u6c34\u300124\u5c0f\u65f6\u63a5\u673a\u670d\u52a1\u548c24\u5c0f\u65f6\u4e13\u5c5e\u7ba1\u5bb6\u670d\u52a1\u3002""}, ""score"": 85, ""reason"": ""\u5458\u5de5\u7b54\u6848\u56de\u7b54\u4e86\u5927\u90e8\u5206\u5173\u952e\u70b9\uff0c\u5305\u62ec\u6c99\u6f20\u9732\u8425\u5927\u6d3e\u9001\u793c\u5305\u3001\u7f51\u7ea2\u73bb\u7483\u8239\u4f53\u9a8c\u3001\u9752\u6d77\u6e56\u7bdd\u706b\u665a\u4f1a\u3001\u6bcf\u4eba\u4e00\u6761\u4e1d\u5dfe\u3002\u4f46\u7f3a\u5c11\u4e86\u6bcf\u59291\u74f6\u6c34\u300124\u5c0f\u65f6\u63a5\u673a\u670d\u52a1\u548c24\u5c0f\u65f6\u4e13\u5c5e\u7ba1\u5bb6\u670d\u52a1\u3002""}}, ""problem_location"": {}, ""context_recall"": {}, ""faith_fulness"": {}, ""answer_recall"": {}}",796,正确,,,,,,
33a7a960-622c-460f-9989-04c3ea76f662,本次旅行的行程安排中，游客在青海湖的活动有哪些，以及在敦煌的住宿标准是什么？,在青海湖的活动包括参观青海湖二郎剑景区，游客可以欣赏到湖面纯净深湛的美景，并参与青海湖篝火晚会，享受燃起篝火、放下疲惫的乐趣。敦煌的住宿标准为全程舒适型酒店，具体酒店包括敦煌慕礼酒店、敦煌石油大厦等。,"在本次旅行的行程安排中，游客在青海湖的活动包括：

1. **青海湖二郎剑景区**：参观游览，包含门票，不含区间车，游玩时间约为2小时。青海湖是我国第一大内陆湖泊，也是我国最大的咸水湖，湖面纯净深湛，游客可以漫步湖畔，欣赏格桑花的明艳。

2. **篝火晚会**：赠送项目，游客可以燃起篝火，放下疲惫，享受篝火晚会的欢乐时光。若因场地或天气原因无法安排，可能会调整到第七天的藏王宴上，或取消。

此外，游客需要注意青海湖地区的高海拔环境，避免剧烈运动以防高原反应，做好防晒措施，保护皮肤和眼睛。

关于敦煌的住宿标准，行程中提到：

- 住宿为舒适型标准酒店，张掖升级为豪华型标准酒店，敦煌的住宿标准为干净卫生的双标间，1人1床位。

- 酒店可能没有空调，热水供应时间有限，游客需做好相应的准备。","
====================================================================================================分片0====================================================================================================
# 3、牛特别提醒：此天多为无人区、无服务区、多为旱厕、建议备伞

随后前往青海湖景区，参观游览【青海湖二郎剑景区】（含门票，不含区间车，游玩约2小时）)，是我国第一大内陆湖泊，也是我国最大的咸水湖。湖面纯净深湛、温柔恬雅的湖水，满载着古老而优美的传说，夹带着文成公主的相思，是如此的波澜壮阔、恢宏磅礴，漫步清海湖畔，拥一抹晨曦在心，握一缕格桑花的明艳于手，不思前尘，不念过往，心中，只存世事通透的安然。
青海湖篝火晚会：燃起篝火、放下疲惫、心情要好、生活要嗨！赠送项目不用不退，若因青海湖场地/天气原因等客观原因安排不了，则改去第七天在藏王宴上安排，若两个场地均安排不了，无费用退还随后入住酒店休息。
温馨提示：
1、青海湖附近自然环境、经济基础、接待条件相比内地可能会存在一定差距。（例如住宿标准方面，不宜用华东沿海地区要急躁，以相互体谅、互帮互助为先
2、盐湖地区海拔约3000米，要注意不能剧烈运动，以免产生高原反应。由于盐层比较粗糙，赤脚走路时会有些痛，如想进入湖中拍照，尽量带上鞋套或自备拖鞋。湖中有大小不等的溶洞深不见底，进入湖中请注意小心失足落入，不建议走的太深天气晴朗时紫外线强，且还有湖面的反射，需做好皮肤的防晒，保护眼睛的墨镜也是必备品。最好准备湿纸巾，当裸露的皮肤沾上盐水后要用淡水清洗或用湿纸巾擦掉，时间稍长，会对皮肤造成一定的损伤。
![image](/api/v1/kb/datas/images/afb269e0-041c-429f-9764-7af6e155678b.jpeg) 三
DAY7．青海湖沿线-高原藏寨-塔尔寺-兰州市区/新区（全程约424公里，车程约5.5小时）
【参考酒店】兰州蓝莓精品/兰州新胜利/华辰宾馆/友谊之星酒店/兰州星美/兰州盛合苑酒店/星程（西客站店）/华茂酒店/润东酒店/遇见酒店或同级
【餐饮安排】早/中
====================================================================================================分片1====================================================================================================
# 3、牛特别提醒：此天多为无人区、无服务区、多为旱厕、建议备伞

机票含广州至兰州往返不含税机票，机票属于团队票，退票不退任何费用，不可改期、改签等。
）有行车公里数限制及部分路段维修，易发生堵车，发车时间均较早，行程内标注出发及行车时间均为预计，具体情况可能略有不同；行程内所有自由活动期间及行程外均不含用车。请予以理解！
住宿全程舒适型标准酒店，张掖升级豪华型标准酒店，大柴旦/青海湖为干净卫生双标间。1人1床位。客人自愿放弃住宿、费用不退。因西北条件有限，酒店热水分时段供应，青海部分酒店无空调、带独立卫生间。酒店不保证能安排三人间或加床，我社也不提供自然单间，单人报名或出现单男单女元/人。
用餐含7早6正，早餐为酒店配送，不吃不退；正餐餐标30元/人/正，正餐十人一桌、八菜一汤。特色餐50元/人，不吃不退。一桌不足十人菜量会根据实际人数安排或相应减少。
门票全程含行程所列景点首道门票和区间车，标注自理景点除外，（未标明的景点均不含景区门票、区间车和自费项目）。我们会根据当地实际情况在保证游览时间，景点数量不变的情况下，对行程做相应调整，感谢您的配合与支持。注意：此行程已打包特价优惠，学生证/老人证/教师证/军官证等特殊证件均无门票优惠退费，望周知。
保险我社已购买了旅行社责任险，特别提醒旅游者应当按照规定另行投保人身意外伤害保险。
导服当地优秀持证中文导游服务。送机不办理登记牌等相关事宜。请您知晓！
购物全程1个购物店（备注：景区、餐厅商场不属于旅行社所安排的购物店）
儿童身高0.8～1.2米儿童或者12岁以下，不占床不含门票，儿童含当地汽车车位费、早餐费、半价正餐、导服费、往返机票。如需占床请补交单房差，单房差680元/人。
②团费不含
1、景区内的自由活动自行参与的项目，如：园中园门票，环保车、电瓶车、小交通、沙漠活动项目
2、因不可抗力因素所引致的额外费用。
3、因旅游者违约、自身过错、自身疾病导致的人身财产损失而额外支付的费用
4、个人消费，如酒水、饮料、洒店内洗衣、电话等未提到的其它服务
HUHJIMNCJHJ>OIA/JO
③重要告知.
====================================================================================================分片2====================================================================================================
# 3、牛特别提醒：此天多为无人区、无服务区、多为旱厕、建议备伞

应国家最高人民法院失信人（包括失信人被执行人、限制消费人员）不得乘坐飞机之规定，各大航空公司不允许失信人购买飞机票：（详情参见：中国执行信息公开网相关声明http://zxgk.court.gov.cn)。如果游客属于失信人请勿报团出行！如已列为失信人的游客仍决定参团出游的，请于报名缴费前向旅行社明确说明此情况，由旅行社安排是否参团。
如游客违反告知义务，需自行承担旅游不能成行、购机票不能退回的损失天（包括占位虚耗机位未能出票的机票全款损失）旅行社将按照旅游法之规定退款，且不能开具任何发票。游客违反告知义务，若法制航空公司全团旅客座位，将承担其他游客的购票损失即不能按时出行之损失的赔偿责任。，国家失信人验证官网为: http://shixin.court.qov.cn
④出游提示.
1、西北地区昼夜温差大，即使在夏季也建议您带两件较厚的衣物，及时增添衣物，有备无患。此外请准备防晒用品如防晒霜及防紫外线眼镜
2、青海湖3200米-3500米左右，紫外线较强，加之旅游本身是件较为辛苦的事情，请游客在旅游西部美丽风光的同时也做好长途旅行的心理准备。
3、西北地区由于地域辽阔，和东部地区存在一定的时差（约相差1-1.5小时），景点之间车程较长，请游客在来西北旅游时注意休息调配好时间，以充足的体力参加旅游活动。另外穿一双合脚、透气性好的鞋，可以为您的旅途省去不必要的麻烦，让您的心思能全部放在景点上。
4、来到青海，特色之一是清真餐多，汉餐少，在饮食口味上您要有心理准备，还有受旅游地自然条件限制，景点沿途餐厅的条件与内陆旅游发达地区相比较，无论从软硬件设施或饭菜质量都有一定的差距，且北方大部分地区口味偏重，喜辛辣。但我们尽最大努力与餐厅协调，满足不同游客的需求。藏区的酥油茶之类食品不太适合内地人肠胃，不能多吃。当地有待客的酥油茶空碗必重新添满的习俗，故建议始终保持碗内酥油茶三分之二满，如此既不伤害藏民感情又保护自己，建议携带黄莲素之类止泻药。部分清真餐厅不允许喝酒，请入乡随俗。
====================================================================================================分片3====================================================================================================
# 3、牛特别提醒：此天多为无人区、无服务区、多为旱厕、建议备伞

未成年人：未满18周岁的旅游者请由家属属（因服务能力所限无法接待及限制接待的人除外）陪同参团。外籍友人：本产品网上报价适用持有大陆居民身份证的游客。如您持有其他国家或地区的护照，请在预订过程中注明。
关于退团：因本产品团费价格为包价旅游合同综合报价，故如旅客报名后临时退团，属于旅客单方面违约意见反馈：请配合导游如实填写当地的意见单，不填或虚填者归来后投诉将无法受理。
11.提示：请各组团社必需在客人前往旅游时为客人提前购买旅游意外险
（1）景点游览、自由活动、物店停留的时间以当天实际游览为准。
(2）行程中需自理门票和当地导游推荐项目，请自愿选择参加
nUKJTJHO 补充协议
甲方 (游 客) 乙方（旅行社）：
本补充协议是对旅游行程单中的行程安排，旅行社应旅游者要求，并经双方协商一致，达成本补充协议，作为包价旅游合同的组成部分，旅游者到达旅游目的地后自愿参加以下相关自费项目进行书面约定
一：参加付费娱乐升级项目补充协议。当地自费项目，自愿自费，不强迫，实际价格以景区的为准，以下仅供参考：

| 嘉峪关城楼 | 门票110元/人、电瓶车15元/人单程 |
| --- | --- |
| 鸣沙山 | 电瓶车单程10元/人，往返20元/人。骑骆驼100-120元/人， 滑沙25元/人，鞋套15元/人。 |
| 敦煌演出 | 《敦煌盛典》238元/人起 《丝路花雨》238元/人起 《又见敦煌》淡季普通298元/人，至尊588元/人 旺季普通318元/人，至尊688元/人 |
| 茶卡壹号 盐湖景区 | 区间车60、观光陀车 30、越野卡丁车100、骆驼骑行80、环湖巴士80、 竹排筏40、观光吉普车150（元/人） |
| 茶卡盐湖 | 单程小火车50、往返小火车100 |
| 青海湖 | 区间车20元/人，游船140-180元/人 |
| 塔尔寺 | 区间车35元/人、讲解费15元/人起（必消项目、根据人数核算费用） |
| 特色美食 | 敦煌大漠风情宴1880元/桌烤全羊1980元/只起 |
| 水上雅丹 | 区间车60元/人 |
| 翡翠湖 | 区间车60元/人 |

====================================================================================================分片4====================================================================================================
# 3、牛特别提醒：此天多为无人区、无服务区、多为旱厕、建议备伞

早餐后参观前往游览【高原藏寨】（参观约90-120分钟），令领略青海藏族的风土人情，参观神秘的藏族部落，感受汉藏结合地区的茶马互市。随后前往西宁，参观【塔尔寺】（含门票，不含区间车35元/人，讲解费15元/人起)（游览约2小时）），是中国藏传佛教格鲁派六大寺院之一，也是世界第二大佛宗喀巴大师的诞生地有600多年历史，是西宁最受欢迎的旅游目的地之一。随后前往兰州，抵达后入住酒店。温馨提示：
1、在寺院里，不能用手摸佛经、佛像、法器等，更不能跨越，不允许游客拍照
2、车转经轮时，一定是从左向右，不要乱摸藏族人的头和帽子；
3、青海较为干燥，请随时注意补充水分，多饮水。紫外线强烈，请备口罩，防晒霜，太阳眼镜等物品
![image](/api/v1/kb/datas/images/4c45a420-716b-4324-9633-d202a009953e.jpeg) 
DAY8.兰州市区/新区－广州（飞行时间约3小时）
?f.rr-IrrlA 参考航班】兰州-广州/MU23055/15:30-18:40、MU2219/07:45-10:55，具体以出票航班为准
【参考酒店】温馨的家 【餐饮安排】早餐
今天您可以睡到自然醒，消除这几天来的舟车疲劳，也可以早起酒店用完早餐后自由活动，自行安排午餐后酒店集合前往【黄河风情线】，黄河风情线大景区是兰州市独有的沿河景观带，全长123公里。其中，核心段全长42公里，覆盖475万平方米，沿线建有21座主题公园，音乐喷泉、健身步道、城市书吧星罗棋布，成为兰州的]""网红打卡地""
随后根据回程航班信息合理安排时间适时前往机场。搭乘航班返回结束愉快的西北之旅。
备注：如果航班是早班机回程，当天无行程安排，请谅解！
温馨提示：
1、1临行前请旅客检查个人随身物品是否齐全！
2、今天用车为普通旅游大巴车请知悉
3、酒店退房时间为中午12点，请提前退房。
4.兰州到机场80KM/约1.5小时车程、请提前4小时前往机场、以免误机
FPSJNLIJUWVUO
全程结束祝您旅途愉快！
■【接待标准以及自费项目说明】
①团费包含.",ACCURACY,员工答案详细描述了青海湖的活动和敦煌的住宿标准，但增加了额外的信息，如青海湖的高海拔环境和敦煌酒店的设施限制，这些信息超出了标准答案的范围。此外，员工答案中的住宿标准描述与标准答案略有不同，标准答案中提到的酒店名称未在员工答案中完全列出。,21801,"{""answer_accuracy"": {""fuzz_partial_score"": 30, ""verbose_logs"": {""verdict"": {""score"": 75, ""reason"": ""\u5458\u5de5\u7b54\u6848\u8be6\u7ec6\u63cf\u8ff0\u4e86\u9752\u6d77\u6e56\u7684\u6d3b\u52a8\u548c\u6566\u714c\u7684\u4f4f\u5bbf\u6807\u51c6\uff0c\u4f46\u589e\u52a0\u4e86\u989d\u5916\u7684\u4fe1\u606f\uff0c\u5982\u9752\u6d77\u6e56\u7684\u9ad8\u6d77\u62d4\u73af\u5883\u548c\u6566\u714c\u9152\u5e97\u7684\u8bbe\u65bd\u9650\u5236\uff0c\u8fd9\u4e9b\u4fe1\u606f\u8d85\u51fa\u4e86\u6807\u51c6\u7b54\u6848\u7684\u8303\u56f4\u3002\u6b64\u5916\uff0c\u5458\u5de5\u7b54\u6848\u4e2d\u7684\u4f4f\u5bbf\u6807\u51c6\u63cf\u8ff0\u4e0e\u6807\u51c6\u7b54\u6848\u7565\u6709\u4e0d\u540c\uff0c\u6807\u51c6\u7b54\u6848\u4e2d\u63d0\u5230\u7684\u9152\u5e97\u540d\u79f0\u672a\u5728\u5458\u5de5\u7b54\u6848\u4e2d\u5b8c\u5168\u5217\u51fa\u3002""}, ""score"": 75, ""reason"": ""\u5458\u5de5\u7b54\u6848\u8be6\u7ec6\u63cf\u8ff0\u4e86\u9752\u6d77\u6e56\u7684\u6d3b\u52a8\u548c\u6566\u714c\u7684\u4f4f\u5bbf\u6807\u51c6\uff0c\u4f46\u589e\u52a0\u4e86\u989d\u5916\u7684\u4fe1\u606f\uff0c\u5982\u9752\u6d77\u6e56\u7684\u9ad8\u6d77\u62d4\u73af\u5883\u548c\u6566\u714c\u9152\u5e97\u7684\u8bbe\u65bd\u9650\u5236\uff0c\u8fd9\u4e9b\u4fe1\u606f\u8d85\u51fa\u4e86\u6807\u51c6\u7b54\u6848\u7684\u8303\u56f4\u3002\u6b64\u5916\uff0c\u5458\u5de5\u7b54\u6848\u4e2d\u7684\u4f4f\u5bbf\u6807\u51c6\u63cf\u8ff0\u4e0e\u6807\u51c6\u7b54\u6848\u7565\u6709\u4e0d\u540c\uff0c\u6807\u51c6\u7b54\u6848\u4e2d\u63d0\u5230\u7684\u9152\u5e97\u540d\u79f0\u672a\u5728\u5458\u5de5\u7b54\u6848\u4e2d\u5b8c\u5168\u5217\u51fa\u3002""}}, ""problem_location"": {}, ""context_recall"": {}, ""faith_fulness"": {}, ""answer_recall"": {}}",919,正确,,,,,,
cfe3b153-88c9-4142-a456-0e7aa0b35393,“惠玩甘青”深度双飞八天的住宿标准是什么？,旅行的住宿标准为全程舒适型酒店，张掖升级为豪华型酒店，大柴旦/青海湖为干净卫生的双标间。,"“惠玩甘青”深度双飞八天的住宿标准如下：

1. 全程安排当地舒适型标准酒店，张掖升级为豪华型标准酒店。
2. 大柴旦/青海湖地区安排干净卫生的双标间。
3. 住宿安排为1人1床位。
4. 酒店热水供应时间为分时段，青海部分酒店无空调但带独立卫生间。
5. 酒店无法保证安排三人间或加床服务，自然单间费用需自理，单房差为680元/人。","
====================================================================================================分片0====================================================================================================
惠玩甘青】深度双飞八天Q1【
兰州、武威雷台公园、张掖七彩丹霞、大地之子、海市蜃楼、敦煌莫高窟、鸣沙山月牙泉南八仙雅丹、翡翠湖、茶卡盐湖天空壹号、青海湖二郎剑、塔尔寺全程舒适型酒店+张掖升级豪华型酒店+大柴旦/青海湖为干净卫生双标间
■【产品故事】
探索苍茫大西北，打卡青海湖、茶卡盐湖、大柴旦翡翠湖、水上雅丹，逃离城市，一场全景视觉之旅！大西北的魅力需要用双脚丈量，用双眼记录“大漠孤烟直，长河落日圆”诗人笔下的大漠风情，无限的风，光让人室息，心生向往。古往今来的丝绸之路，它的美是中国的，更是世界的，
让我们来一次大西北旅行吧，这里不仅有诗，还有远方的田野和路上的疯狂
一IJ/JHJPJ
■【行程亮点】
不走回头路，覆盖青甘最经典的美景，广东独立成团收客无限制畅收
独家优待：豪华旅游大巴车，舒适座椅，空座率达到10%以上。
美食尽情享受：山丹铁锅宴青海土火锅丝路花雨宴藏王宴
乐享静谧美梦：全程当地舒适型酒店、张掖升级豪华型酒店，大柴旦/青海湖安排干净卫生双标间
特别赠送：沙漠露营大派送礼包（ATV的体验、滑沙、爬山拍日落、荡桥、海盗船、）
特别赠送：网红玻璃船：乘坐玻璃船、探秘灵动镜湖、听海天一色的声音
独家安排：青海湖篝火晚会：燃起篝火、放下疲惫、心情要好、生活要嗨
暖心赠送：每人一条丝巾、把美好记忆带回家！行程中每人每天1瓶水
暖心赠送：24小时接机服务、随接随走、机场--酒店无缝对接！
暖心赠送：24小时专属管家、任何问题行中随时在线解决
HJITJTJIJILHJUTVA
■【游玩推介】
【七彩丹霞】中国彩虹山，上帝打翻的调色盘，远看似朝霞升腾近观如彩带随风豌蜓飘动；【嘉峪关城楼】长城防线上重要的军事要塞、河西第一隘口，素有“天下第一雄关”之称；【莫高窟】被誉为20世纪最有价值的文化遗产，世界现存佛教艺术最伟大的宝库；【鸣沙山月牙泉】因“泉映月而无尘，亘古沙不填泉，泉不涸竭”而成为奇观成为塞上一绝；【茶卡天空一号】纯净、蓝白交织如一场美梦，真实还原宫崎骏《干与干寻》的场景；【青海湖】中国最美五大湖之首，犹如翡翠玉盘的眼泪，此刻一半湛蓝一半金黄;【塔尔寺】是中国藏传佛教格鲁派六大寺院之一，是西宁最受欢迎的旅游目的地之一。
【行程预览】
====================================================================================================分片1====================================================================================================
# 3、牛特别提醒：此天多为无人区、无服务区、多为旱厕、建议备伞

机票含广州至兰州往返不含税机票，机票属于团队票，退票不退任何费用，不可改期、改签等。
）有行车公里数限制及部分路段维修，易发生堵车，发车时间均较早，行程内标注出发及行车时间均为预计，具体情况可能略有不同；行程内所有自由活动期间及行程外均不含用车。请予以理解！
住宿全程舒适型标准酒店，张掖升级豪华型标准酒店，大柴旦/青海湖为干净卫生双标间。1人1床位。客人自愿放弃住宿、费用不退。因西北条件有限，酒店热水分时段供应，青海部分酒店无空调、带独立卫生间。酒店不保证能安排三人间或加床，我社也不提供自然单间，单人报名或出现单男单女元/人。
用餐含7早6正，早餐为酒店配送，不吃不退；正餐餐标30元/人/正，正餐十人一桌、八菜一汤。特色餐50元/人，不吃不退。一桌不足十人菜量会根据实际人数安排或相应减少。
门票全程含行程所列景点首道门票和区间车，标注自理景点除外，（未标明的景点均不含景区门票、区间车和自费项目）。我们会根据当地实际情况在保证游览时间，景点数量不变的情况下，对行程做相应调整，感谢您的配合与支持。注意：此行程已打包特价优惠，学生证/老人证/教师证/军官证等特殊证件均无门票优惠退费，望周知。
保险我社已购买了旅行社责任险，特别提醒旅游者应当按照规定另行投保人身意外伤害保险。
导服当地优秀持证中文导游服务。送机不办理登记牌等相关事宜。请您知晓！
购物全程1个购物店（备注：景区、餐厅商场不属于旅行社所安排的购物店）
儿童身高0.8～1.2米儿童或者12岁以下，不占床不含门票，儿童含当地汽车车位费、早餐费、半价正餐、导服费、往返机票。如需占床请补交单房差，单房差680元/人。
②团费不含
1、景区内的自由活动自行参与的项目，如：园中园门票，环保车、电瓶车、小交通、沙漠活动项目
2、因不可抗力因素所引致的额外费用。
3、因旅游者违约、自身过错、自身疾病导致的人身财产损失而额外支付的费用
4、个人消费，如酒水、饮料、洒店内洗衣、电话等未提到的其它服务
HUHJIMNCJHJ>OIA/JO
③重要告知.
====================================================================================================分片2====================================================================================================
# 3、牛特别提醒：此天多为无人区、无服务区、多为旱厕、建议备伞

随后前往青海湖景区，参观游览【青海湖二郎剑景区】（含门票，不含区间车，游玩约2小时）)，是我国第一大内陆湖泊，也是我国最大的咸水湖。湖面纯净深湛、温柔恬雅的湖水，满载着古老而优美的传说，夹带着文成公主的相思，是如此的波澜壮阔、恢宏磅礴，漫步清海湖畔，拥一抹晨曦在心，握一缕格桑花的明艳于手，不思前尘，不念过往，心中，只存世事通透的安然。
青海湖篝火晚会：燃起篝火、放下疲惫、心情要好、生活要嗨！赠送项目不用不退，若因青海湖场地/天气原因等客观原因安排不了，则改去第七天在藏王宴上安排，若两个场地均安排不了，无费用退还随后入住酒店休息。
温馨提示：
1、青海湖附近自然环境、经济基础、接待条件相比内地可能会存在一定差距。（例如住宿标准方面，不宜用华东沿海地区要急躁，以相互体谅、互帮互助为先
2、盐湖地区海拔约3000米，要注意不能剧烈运动，以免产生高原反应。由于盐层比较粗糙，赤脚走路时会有些痛，如想进入湖中拍照，尽量带上鞋套或自备拖鞋。湖中有大小不等的溶洞深不见底，进入湖中请注意小心失足落入，不建议走的太深天气晴朗时紫外线强，且还有湖面的反射，需做好皮肤的防晒，保护眼睛的墨镜也是必备品。最好准备湿纸巾，当裸露的皮肤沾上盐水后要用淡水清洗或用湿纸巾擦掉，时间稍长，会对皮肤造成一定的损伤。
![image](/api/v1/kb/datas/images/afb269e0-041c-429f-9764-7af6e155678b.jpeg) 三
DAY7．青海湖沿线-高原藏寨-塔尔寺-兰州市区/新区（全程约424公里，车程约5.5小时）
【参考酒店】兰州蓝莓精品/兰州新胜利/华辰宾馆/友谊之星酒店/兰州星美/兰州盛合苑酒店/星程（西客站店）/华茂酒店/润东酒店/遇见酒店或同级
【餐饮安排】早/中
====================================================================================================分片3====================================================================================================
# 3、牛特别提醒：此天多为无人区、无服务区、多为旱厕、建议备伞

早餐后参观前往游览【高原藏寨】（参观约90-120分钟），令领略青海藏族的风土人情，参观神秘的藏族部落，感受汉藏结合地区的茶马互市。随后前往西宁，参观【塔尔寺】（含门票，不含区间车35元/人，讲解费15元/人起)（游览约2小时）），是中国藏传佛教格鲁派六大寺院之一，也是世界第二大佛宗喀巴大师的诞生地有600多年历史，是西宁最受欢迎的旅游目的地之一。随后前往兰州，抵达后入住酒店。温馨提示：
1、在寺院里，不能用手摸佛经、佛像、法器等，更不能跨越，不允许游客拍照
2、车转经轮时，一定是从左向右，不要乱摸藏族人的头和帽子；
3、青海较为干燥，请随时注意补充水分，多饮水。紫外线强烈，请备口罩，防晒霜，太阳眼镜等物品
![image](/api/v1/kb/datas/images/4c45a420-716b-4324-9633-d202a009953e.jpeg) 
DAY8.兰州市区/新区－广州（飞行时间约3小时）
?f.rr-IrrlA 参考航班】兰州-广州/MU23055/15:30-18:40、MU2219/07:45-10:55，具体以出票航班为准
【参考酒店】温馨的家 【餐饮安排】早餐
今天您可以睡到自然醒，消除这几天来的舟车疲劳，也可以早起酒店用完早餐后自由活动，自行安排午餐后酒店集合前往【黄河风情线】，黄河风情线大景区是兰州市独有的沿河景观带，全长123公里。其中，核心段全长42公里，覆盖475万平方米，沿线建有21座主题公园，音乐喷泉、健身步道、城市书吧星罗棋布，成为兰州的]""网红打卡地""
随后根据回程航班信息合理安排时间适时前往机场。搭乘航班返回结束愉快的西北之旅。
备注：如果航班是早班机回程，当天无行程安排，请谅解！
温馨提示：
1、1临行前请旅客检查个人随身物品是否齐全！
2、今天用车为普通旅游大巴车请知悉
3、酒店退房时间为中午12点，请提前退房。
4.兰州到机场80KM/约1.5小时车程、请提前4小时前往机场、以免误机
FPSJNLIJUWVUO
全程结束祝您旅途愉快！
■【接待标准以及自费项目说明】
①团费包含.
====================================================================================================分片4====================================================================================================
# 3、牛特别提醒：此天多为无人区、无服务区、多为旱厕、建议备伞

应国家最高人民法院失信人（包括失信人被执行人、限制消费人员）不得乘坐飞机之规定，各大航空公司不允许失信人购买飞机票：（详情参见：中国执行信息公开网相关声明http://zxgk.court.gov.cn)。如果游客属于失信人请勿报团出行！如已列为失信人的游客仍决定参团出游的，请于报名缴费前向旅行社明确说明此情况，由旅行社安排是否参团。
如游客违反告知义务，需自行承担旅游不能成行、购机票不能退回的损失天（包括占位虚耗机位未能出票的机票全款损失）旅行社将按照旅游法之规定退款，且不能开具任何发票。游客违反告知义务，若法制航空公司全团旅客座位，将承担其他游客的购票损失即不能按时出行之损失的赔偿责任。，国家失信人验证官网为: http://shixin.court.qov.cn
④出游提示.
1、西北地区昼夜温差大，即使在夏季也建议您带两件较厚的衣物，及时增添衣物，有备无患。此外请准备防晒用品如防晒霜及防紫外线眼镜
2、青海湖3200米-3500米左右，紫外线较强，加之旅游本身是件较为辛苦的事情，请游客在旅游西部美丽风光的同时也做好长途旅行的心理准备。
3、西北地区由于地域辽阔，和东部地区存在一定的时差（约相差1-1.5小时），景点之间车程较长，请游客在来西北旅游时注意休息调配好时间，以充足的体力参加旅游活动。另外穿一双合脚、透气性好的鞋，可以为您的旅途省去不必要的麻烦，让您的心思能全部放在景点上。
4、来到青海，特色之一是清真餐多，汉餐少，在饮食口味上您要有心理准备，还有受旅游地自然条件限制，景点沿途餐厅的条件与内陆旅游发达地区相比较，无论从软硬件设施或饭菜质量都有一定的差距，且北方大部分地区口味偏重，喜辛辣。但我们尽最大努力与餐厅协调，满足不同游客的需求。藏区的酥油茶之类食品不太适合内地人肠胃，不能多吃。当地有待客的酥油茶空碗必重新添满的习俗，故建议始终保持碗内酥油茶三分之二满，如此既不伤害藏民感情又保护自己，建议携带黄莲素之类止泻药。部分清真餐厅不允许喝酒，请入乡随俗。",RETRIEVAL_CONTEXT_NOISE,"The score is 1.0 because the expected output perfectly aligns with the information provided in nodes 1 and 2 in the retrieval context, ensuring all details are accurately reflected.",663574,"{""answer_accuracy"": {""fuzz_partial_score"": 70, ""verbose_logs"": {""verdict"": {""score"": 60, ""reason"": ""\u5458\u5de5\u7b54\u6848\u4e2d\u7684\u5173\u952e\u70b91\u30012\u4e0e\u6807\u51c6\u7b54\u6848\u4e00\u81f4\uff0c\u4f46\u989d\u5916\u63d0\u4f9b\u4e863\u30014\u30015\u4e09\u4e2a\u8d85\u51fa\u6807\u51c6\u7b54\u6848\u8303\u56f4\u7684\u4fe1\u606f\uff0c\u6839\u636e\u89c4\u5219\uff0c\u8d85\u8fc75\u6761\u5219\u6700\u7ec8\u5f97\u5206\u5c0f\u4e8e60\u5206\u3002""}, ""score"": 60, ""reason"": ""\u5458\u5de5\u7b54\u6848\u4e2d\u7684\u5173\u952e\u70b91\u30012\u4e0e\u6807\u51c6\u7b54\u6848\u4e00\u81f4\uff0c\u4f46\u989d\u5916\u63d0\u4f9b\u4e863\u30014\u30015\u4e09\u4e2a\u8d85\u51fa\u6807\u51c6\u7b54\u6848\u8303\u56f4\u7684\u4fe1\u606f\uff0c\u6839\u636e\u89c4\u5219\uff0c\u8d85\u8fc75\u6761\u5219\u6700\u7ec8\u5f97\u5206\u5c0f\u4e8e60\u5206\u3002""}}, ""problem_location"": {""fuzz_partial_score"": 82, ""verbose_logs"": {""verdict"": {""answer"": 95, ""reason"": ""\u6807\u51c6\u7b54\u6848\u4e2d\u7684\u5173\u952e\u77e5\u8bc6\u70b9\uff0c\u5982'\u5168\u7a0b\u8212\u9002\u578b\u9152\u5e97'\u3001'\u5f20\u6396\u5347\u7ea7\u4e3a\u8c6a\u534e\u578b\u9152\u5e97'\u3001'\u5927\u67f4\u65e6/\u9752\u6d77\u6e56\u4e3a\u5e72\u51c0\u536b\u751f\u7684\u53cc\u6807\u95f4'\uff0c\u5728\u68c0\u7d22\u5230\u7684\u4e0a\u4e0b\u6587\u4e2d\u5747\u6709\u5b8c\u5168\u4e00\u81f4\u7684\u8868\u8ff0\u3002""}, ""score"": 95, ""reason"": ""\u6807\u51c6\u7b54\u6848\u4e2d\u7684\u5173\u952e\u77e5\u8bc6\u70b9\uff0c\u5982'\u5168\u7a0b\u8212\u9002\u578b\u9152\u5e97'\u3001'\u5f20\u6396\u5347\u7ea7\u4e3a\u8c6a\u534e\u578b\u9152\u5e97'\u3001'\u5927\u67f4\u65e6/\u9752\u6d77\u6e56\u4e3a\u5e72\u51c0\u536b\u751f\u7684\u53cc\u6807\u95f4'\uff0c\u5728\u68c0\u7d22\u5230\u7684\u4e0a\u4e0b\u6587\u4e2d\u5747\u6709\u5b8c\u5168\u4e00\u81f4\u7684\u8868\u8ff0\u3002""}}, ""context_recall"": {}, ""faith_fulness"": {""verbose_logs"": {""truths"": [""\u884c\u7a0b\u8986\u76d6\u7518\u9752\u4e24\u5730\uff0c\u5305\u62ec\u5170\u5dde\u3001\u6b66\u5a01\u96f7\u53f0\u516c\u56ed\u3001\u5f20\u6396\u4e03\u5f69\u4e39\u971e\u3001\u5927\u5730\u4e4b\u5b50\u3001\u6d77\u5e02\u8703\u697c\u3001\u6566\u714c\u83ab\u9ad8\u7a9f\u3001\u9e23\u6c99\u5c71\u6708\u7259\u6cc9\u3001\u5357\u516b\u4ed9\u96c5\u4e39\u3001\u7fe1\u7fe0\u6e56\u3001\u8336\u5361\u76d0\u6e56\u5929\u7a7a\u58f9\u53f7\u3001\u9752\u6d77\u6e56\u4e8c\u90ce\u5251\u3001\u5854\u5c14\u5bfa\u7b49\u666f\u70b9\u3002"", ""\u884c\u7a0b\u4e2d\u5305\u542b7\u65e96\u6b63\u9910\uff0c\u7279\u8272\u9910\u5305\u62ec\u5c71\u4e39\u94c1\u9505\u5bb4\u3001\u9752\u6d77\u571f\u706b\u9505\u3001\u4e1d\u8def\u82b1\u96e8\u5bb4\u3001\u85cf\u738b\u5bb4\u3002"", ""\u5168\u7a0b\u4f4f\u5bbf\u4e3a\u5f53\u5730\u8212\u9002\u578b\u9152\u5e97\uff0c\u5f20\u6396\u5347\u7ea7\u4e3a\u8c6a\u534e\u578b\u9152\u5e97\uff0c\u5927\u67f4\u65e6/\u9752\u6d77\u6e56\u5b89\u6392\u5e72\u51c0\u536b\u751f\u53cc\u6807\u95f4\u3002"", ""\u884c\u7a0b\u4e2d\u7279\u522b\u8d60\u9001\u6c99\u6f20\u9732\u8425\u5927\u6d3e\u9001\u793c\u5305\uff0c\u5305\u62ecATV\u4f53\u9a8c\u3001\u6ed1\u6c99\u3001\u722c\u5c71\u62cd\u65e5\u843d\u3001\u8361\u6865\u3001\u6d77\u76d7\u8239\u7b49\u6d3b\u52a8\u3002"", ""\u884c\u7a0b\u4e2d\u7279\u522b\u8d60\u9001\u7f51\u7ea2\u73bb\u7483\u8239\u4f53\u9a8c\uff0c\u4e58\u5750\u73bb\u7483\u8239\u63a2\u79d8\u7075\u52a8\u955c\u6e56\u3002"", ""\u884c\u7a0b\u4e2d\u7279\u522b\u5b89\u6392\u9752\u6d77\u6e56\u7bdd\u706b\u665a\u4f1a\uff0c\u71c3\u8d77\u7bdd\u706b\u653e\u677e\u5fc3\u60c5\u3002"", ""\u884c\u7a0b\u4e2d\u6bcf\u4eba\u8d60\u9001\u4e00\u6761\u4e1d\u5dfe\uff0c\u6bcf\u4eba\u6bcf\u59291\u74f6\u6c34\u3002"", ""\u884c\u7a0b\u4e2d\u63d0\u4f9b24\u5c0f\u65f6\u63a5\u673a\u670d\u52a1\u548c24\u5c0f\u65f6\u4e13\u5c5e\u7ba1\u5bb6\u670d\u52a1\u3002"", ""\u9752\u6d77\u6e56\u662f\u4e2d\u56fd\u7b2c\u4e00\u5927\u5185\u9646\u6e56\u6cca\uff0c\u4e5f\u662f\u4e2d\u56fd\u6700\u5927\u7684\u54b8\u6c34\u6e56\u3002"", ""\u9752\u6d77\u6e56\u4e8c\u90ce\u5251\u666f\u533a\u7684\u6e38\u89c8\u65f6\u95f4\u7ea6\u4e3a2\u5c0f\u65f6\u3002"", ""\u9752\u6d77\u6e56\u7bdd\u706b\u665a\u4f1a\u4e3a\u8d60\u9001\u9879\u76ee\uff0c\u82e5\u56e0\u5ba2\u89c2\u539f\u56e0\u65e0\u6cd5\u5b89\u6392\uff0c\u5219\u6539\u5728\u5176\u4ed6\u65f6\u95f4\u6216\u5730\u70b9\u3002"", ""\u9752\u6d77\u6e56\u5730\u533a\u6d77\u62d4\u7ea63000\u7c73\uff0c\u9700\u6ce8\u610f\u9ad8\u539f\u53cd\u5e94\u548c\u9632\u6652\u3002"", ""\u5854\u5c14\u5bfa\u662f\u4e2d\u56fd\u85cf\u4f20\u4f5b\u6559\u683c\u9c81\u6d3e\u516d\u5927\u5bfa\u9662\u4e4b\u4e00\uff0c\u6709600\u591a\u5e74\u5386\u53f2\u3002"", ""\u5854\u5c14\u5bfa\u7684\u95e8\u7968\u5305\u542b\u5728\u884c\u7a0b\u4e2d\uff0c\u4f46\u533a\u95f4\u8f66\u548c\u8bb2\u89e3\u8d39\u9700\u989d\u5916\u652f\u4ed8\u3002"", ""\u5854\u5c14\u5bfa\u5185\u7981\u6b62\u89e6\u6478\u4f5b\u7ecf\u3001\u4f5b\u50cf\u3001\u6cd5\u5668\u7b49\uff0c\u4e0d\u5141\u8bb8\u62cd\u7167\u3002"", ""\u5170\u5dde\u9ec4\u6cb3\u98ce\u60c5\u7ebf\u5168\u957f123\u516c\u91cc\uff0c\u6838\u5fc3\u6bb542\u516c\u91cc\uff0c\u6cbf\u7ebf\u5efa\u670921\u5ea7\u4e3b\u9898\u516c\u56ed\u3002"", ""\u884c\u7a0b\u6700\u540e\u4e00\u5929\u6839\u636e\u822a\u73ed\u65f6\u95f4\u5b89\u6392\u524d\u5f80\u673a\u573a\uff0c\u5efa\u8bae\u63d0\u524d4\u5c0f\u65f6\u5230\u8fbe\u673a\u573a\u3002"", ""\u5931\u4fe1\u4eba\u4e0d\u5f97\u4e58\u5750\u98de\u673a\uff0c\u5982\u5df2\u5217\u4e3a\u5931\u4fe1\u4eba\u9700\u5728\u62a5\u540d\u524d\u5411\u65c5\u884c\u793e\u8bf4\u660e\u3002"", ""\u897f\u5317\u5730\u533a\u663c\u591c\u6e29\u5dee\u5927\uff0c\u5efa\u8bae\u643a\u5e26\u9632\u6652\u7528\u54c1\u548c\u8f83\u539a\u8863\u7269\u3002"", ""\u9752\u6d77\u6e56\u5730\u533a\u7d2b\u5916\u7ebf\u8f83\u5f3a\uff0c\u9700\u505a\u597d\u9632\u6652\u63aa\u65bd\u3002"", ""\u897f\u5317\u5730\u533a\u4e0e\u4e1c\u90e8\u5730\u533a\u5b58\u57281-1.5\u5c0f\u65f6\u7684\u65f6\u5dee\uff0c\u666f\u70b9\u95f4\u8f66\u7a0b\u8f83\u957f\u3002"", ""\u9752\u6d77\u5730\u533a\u7279\u8272\u9910\u4ee5\u6e05\u771f\u9910\u4e3a\u4e3b\uff0c\u6c49\u9910\u8f83\u5c11\uff0c\u5efa\u8bae\u643a\u5e26\u6b62\u6cfb\u836f\u3002""], ""claims"": [""\u5168\u7a0b\u5b89\u6392\u5f53\u5730\u8212\u9002\u578b\u6807\u51c6\u9152\u5e97\uff0c\u5f20\u6396\u5347\u7ea7\u4e3a\u8c6a\u534e\u578b\u6807\u51c6\u9152\u5e97\u3002"", ""\u5927\u67f4\u65e6/\u9752\u6d77\u6e56\u5730\u533a\u5b89\u6392\u5e72\u51c0\u536b\u751f\u7684\u53cc\u6807\u95f4\u3002"", ""\u4f4f\u5bbf\u5b89\u6392\u4e3a1\u4eba1\u5e8a\u4f4d\u3002"", ""\u9152\u5e97\u70ed\u6c34\u4f9b\u5e94\u65f6\u95f4\u4e3a\u5206\u65f6\u6bb5\uff0c\u9752\u6d77\u90e8\u5206\u9152\u5e97\u65e0\u7a7a\u8c03\u4f46\u5e26\u72ec\u7acb\u536b\u751f\u95f4\u3002"", ""\u9152\u5e97\u65e0\u6cd5\u4fdd\u8bc1\u5b89\u6392\u4e09\u4eba\u95f4\u6216\u52a0\u5e8a\u670d\u52a1\uff0c\u81ea\u7136\u5355\u95f4\u8d39\u7528\u9700\u81ea\u7406\uff0c\u5355\u623f\u5dee\u4e3a680\u5143/\u4eba\u3002""], ""verdicts"": [{""verdict"": ""yes"", ""reason"": null}, {""verdict"": ""yes"", ""reason"": null}, {""verdict"": ""idk"", ""reason"": null}, {""verdict"": ""idk"", ""reason"": null}, {""verdict"": ""idk"", ""reason"": null}], ""score"": 1.0, ""reason"": ""The score is 1.0 because there are no contradictions, indicating that the actual output is perfectly aligned with the retrieval context.""}}, ""answer_recall"": {""verbose_logs"": {""verdicts"": [{""verdict"": ""yes"", ""reason"": ""1st node: \u5168\u7a0b\u5b89\u6392\u5f53\u5730\u8212\u9002\u578b\u6807\u51c6\u9152\u5e97\uff0c\u5f20\u6396\u5347\u7ea7\u4e3a\u8c6a\u534e\u578b\u6807\u51c6\u9152\u5e97\u30022nd node: \u5927\u67f4\u65e6/\u9752\u6d77\u6e56\u5730\u533a\u5b89\u6392\u5e72\u51c0\u536b\u751f\u7684\u53cc\u6807\u95f4\u3002""}], ""score"": 1.0, ""reason"": ""The score is 1.0 because the expected output perfectly aligns with the information provided in nodes 1 and 2 in the retrieval context, ensuring all details are accurately reflected.""}}}",11411,idk,QA问题,QA答案不全,,,,
